trade_date,source_format,source_url,download_status,http_status,file_size,sha256,error
2016-01-19,legacy,https://nsearchives.nseindia.com/content/historical/DERIVATIVES/2016/JAN/fo19JAN2016bhav.csv.zip,SUCCESS,200,367553,4894fc1235bee3d9cbbd81ef62a89758bed87402b3277f650c811c5d3393d4e5,
2016-02-02,legacy,https://nsearchives.nseindia.com/content/historical/DERIVATIVES/2016/FEB/fo02FEB2016bhav.csv.zip,SUCCESS,200,353378,af649986621bcd8b212b325cf2fb00e836ff182795c9c9a5f8d43e9a070ec7c0,
2016-01-13,legacy,https://nsearchives.nseindia.com/content/historical/DERIVATIVES/2016/JAN/fo13JAN2016bhav.csv.zip,SUCCESS,200,351496,28d383b481329b507b9f6070833e2181af5776f59ce549d34db714bd2aa92c3d,
2016-01-04,legacy,https://nsearchives.nseindia.com/content/historical/DERIVATIVES/2016/JAN/fo04JAN2016bhav.csv.zip,SUCCESS,200,333711,6dadda99fa942db6a3d2827585a472397f9996de074e1b72f8df8b459e15291c,
2016-01-07,legacy,https://nsearchives.nseindia.com/content/historical/DERIVATIVES/2016/JAN/fo07JAN2016bhav.csv.zip,SUCCESS,200,341628,68766dcc58ec39eeae1b4798fd213904bf1d14e149a0b41789bb82a3a478e151,
2016-02-05,legacy,https://nsearchives.nseindia.com/content/historical/DERIVATIVES/2016/FEB/fo05FEB2016bhav.csv.zip,SUCCESS,200,362748,c2b7b7dafd42b02b4fd998ff9140be10d8270eedf07d4bdadf2f136c9c09ff34,
2016-01-15,legacy,https://nsearchives.nseindia.com/content/historical/DERIVATIVES/2016/JAN/fo15JAN2016bhav.csv.zip,SUCCESS,200,354993,3642f84cbe30a7b24f221486ec4355530bba4ed634012e336bca556a2fbdcb01,
2016-01-01,legacy,https://nsearchives.nseindia.com/content/historical/DERIVATIVES/2016/JAN/fo01JAN2016bhav.csv.zip,SUCCESS,200,323270,08f2ab9e8840b02104028a067bd542a1bd6d735375c4f22d1756cf71fa62e856,
2016-01-08,legacy,https://nsearchives.nseindia.com/content/historical/DERIVATIVES/2016/JAN/fo08JAN2016bhav.csv.zip,SUCCESS,200,341116,a7f37b8167e3738d8c2ae2d6edf3c21345f949b93ffd35358e298db562043d75,
2016-01-28,legacy,https://nsearchives.nseindia.com/content/historical/DERIVATIVES/2016/JAN/fo28JAN2016bhav.csv.zip,SUCCESS,200,382524,049430243fd8db0c9a0ccf63a036e253aacda836b7e6e38c67611c7f37c17487,
2016-01-12,legacy,https://nsearchives.nseindia.com/content/historical/DERIVATIVES/2016/JAN/fo12JAN2016bhav.csv.zip,SUCCESS,200,344387,cf9e0f9e3d9835bf673c2fd10bfd592ef5d00ab2fc5aff0e12c2b5c21a6a8774,
2016-02-17,legacy,https://nsearchives.nseindia.com/content/historical/DERIVATIVES/2016/FEB/fo17FEB2016bhav.csv.zip,SUCCESS,200,390917,bca9db97bcc809694ec8bb3983d027375d8d6f76a3bc9cb1ef74c78d4f546e6c,
2016-01-29,legacy,https://nsearchives.nseindia.com/content/historical/DERIVATIVES/2016/JAN/fo29JAN2016bhav.csv.zip,SUCCESS,200,351068,12c6119047f4c955d3de252bfc2281c55a0875c54e5eecce5ebdb7afa26b23b2,
2016-02-19,legacy,https://nsearchives.nseindia.com/content/historical/DERIVATIVES/2016/FEB/fo19FEB2016bhav.csv.zip,SUCCESS,200,388161,c5218285d4b815b2443881788041339ad73d4abc3d7f44bf67e9965ed8400d07,
2016-02-16,legacy,https://nsearchives.nseindia.com/content/historical/DERIVATIVES/2016/FEB/fo16FEB2016bhav.csv.zip,SUCCESS,200,389127,ce914a41c3dbd974e601552b555fa193ada834636f18cebe0b24e653bcd6d366,
2016-01-05,legacy,https://nsearchives.nseindia.com/content/historical/DERIVATIVES/2016/JAN/fo05JAN2016bhav.csv.zip,SUCCESS,200,332731,0ce65f6b8f66bf9fed1e9156aeb72b5b75df6635fd22b2df7e125c0b61e36786,
2016-01-14,legacy,https://nsearchives.nseindia.com/content/historical/DERIVATIVES/2016/JAN/fo14JAN2016bhav.csv.zip,SUCCESS,200,349360,212641cf01f55fd24ef28f53f9450061123c33cee8d7fd273d1d55643db23951,
2016-02-09,legacy,https://nsearchives.nseindia.com/content/historical/DERIVATIVES/2016/FEB/fo09FEB2016bhav.csv.zip,SUCCESS,200,366833,ac0250b7d543e286b20ececeab22a6463232c32d457b8c614f9e9866a60f6ae7,
2016-01-27,legacy,https://nsearchives.nseindia.com/content/historical/DERIVATIVES/2016/JAN/fo27JAN2016bhav.csv.zip,SUCCESS,200,380180,649b322c33d47a48789b73b84c23dab672bbeb55589d055c223a1e7f33ea60e9,
2016-02-11,legacy,https://nsearchives.nseindia.com/content/historical/DERIVATIVES/2016/FEB/fo11FEB2016bhav.csv.zip,SUCCESS,200,377869,d845f6e8c103b83597a064c5804b32f1f49280680bcea0514fba54f652be97d9,
2016-02-29,legacy,https://nsearchives.nseindia.com/content/historical/DERIVATIVES/2016/FEB/fo29FEB2016bhav.csv.zip,SUCCESS,200,366238,9cd4e1c7de5ec4f741360ee1e21b5534de155892b22e9a14317ddd8f431fb002,
2016-02-23,legacy,https://nsearchives.nseindia.com/content/historical/DERIVATIVES/2016/FEB/fo23FEB2016bhav.csv.zip,SUCCESS,200,390484,44954df1162f2fe0ed3bd6f68b4634520ce4a447bd43e87b3ce8df530d5544a7,
2016-02-26,legacy,https://nsearchives.nseindia.com/content/historical/DERIVATIVES/2016/FEB/fo26FEB2016bhav.csv.zip,SUCCESS,200,364091,6eae8fae74aa4702b69403bae2d4a22dd34366ecc2c52c02cd86cb895d37b22c,
2016-02-10,legacy,https://nsearchives.nseindia.com/content/historical/DERIVATIVES/2016/FEB/fo10FEB2016bhav.csv.zip,SUCCESS,200,370575,939191e26978e8884d6f5a5ffbcf4754408ecc9b4e13dfc6327accb7301561b0,
2016-01-06,legacy,https://nsearchives.nseindia.com/content/historical/DERIVATIVES/2016/JAN/fo06JAN2016bhav.csv.zip,SUCCESS,200,335378,c9fdbfcb81b182067036a2c5a79af38093c2f0955a0db9bcef5c659c76ce6566,
2016-01-21,legacy,https://nsearchives.nseindia.com/content/historical/DERIVATIVES/2016/JAN/fo21JAN2016bhav.csv.zip,SUCCESS,200,372069,f775ad25695817effb2d52602e74d4762b2792d6e6b1cc7b4aa93534860a0e22,
2016-03-01,legacy,https://nsearchives.nseindia.com/content/historical/DERIVATIVES/2016/MAR/fo01MAR2016bhav.csv.zip,SUCCESS,200,369064,a10272467c50b933b65ef6ed169131b18aec3f54c26396364852c1cdccda7047,
2016-03-04,legacy,https://nsearchives.nseindia.com/content/historical/DERIVATIVES/2016/MAR/fo04MAR2016bhav.csv.zip,SUCCESS,200,376239,c4c3435f03a7742b376429ade83789fd152281c66f65fca386a07f7e635be086,
2016-03-09,legacy,https://nsearchives.nseindia.com/content/historical/DERIVATIVES/2016/MAR/fo09MAR2016bhav.csv.zip,SUCCESS,200,375895,131998e4fd60dc87947ef96c1f3734b03dd634054d64b9f3d18072cea5f7cf6a,
2016-03-03,legacy,https://nsearchives.nseindia.com/content/historical/DERIVATIVES/2016/MAR/fo03MAR2016bhav.csv.zip,SUCCESS,200,374836,f98985a3ce1e40dcbd4774073b6640f2030a9c58e3f3e4f1e576855b34c5603d,
2016-02-03,legacy,https://nsearchives.nseindia.com/content/historical/DERIVATIVES/2016/FEB/fo03FEB2016bhav.csv.zip,SUCCESS,200,358740,2ec4f6f67703840f2f9fab5a28815bae37ec44226a8152e73e0a5653abc6f871,
2016-02-15,legacy,https://nsearchives.nseindia.com/content/historical/DERIVATIVES/2016/FEB/fo15FEB2016bhav.csv.zip,SUCCESS,200,390043,fb8bd8af8abb153c06f6a80bc0011e3bc2c00896e5680af6fce7cceb7abdb361,
2016-02-25,legacy,https://nsearchives.nseindia.com/content/historical/DERIVATIVES/2016/FEB/fo25FEB2016bhav.csv.zip,SUCCESS,200,397151,16391844ae70febe14cf8fab0670e46bc68e6c1420bdab645c66d57390ef1401,
2016-02-22,legacy,https://nsearchives.nseindia.com/content/historical/DERIVATIVES/2016/FEB/fo22FEB2016bhav.csv.zip,SUCCESS,200,387646,f48d7b0f084fa553721ad5997deed6aa00f40aec428ca81de71123660750cf41,
2016-02-18,legacy,https://nsearchives.nseindia.com/content/historical/DERIVATIVES/2016/FEB/fo18FEB2016bhav.csv.zip,SUCCESS,200,389941,36e98ca7ccfbcad8835565cc0fa747c205aa7cc53a53189e3d5b749711385ca9,
2016-03-02,legacy,https://nsearchives.nseindia.com/content/historical/DERIVATIVES/2016/MAR/fo02MAR2016bhav.csv.zip,SUCCESS,200,375236,cf4d156020874417adadb0a142e205e5ae65e07b286f6f4d872ac2270eab8720,
2016-03-08,legacy,https://nsearchives.nseindia.com/content/historical/DERIVATIVES/2016/MAR/fo08MAR2016bhav.csv.zip,SUCCESS,200,375703,226b22062785bd32a27954cfa1a69a9ae1b8d677a0cd9b832729702e648e2e17,
2016-03-21,legacy,https://nsearchives.nseindia.com/content/historical/DERIVATIVES/2016/MAR/fo21MAR2016bhav.csv.zip,SUCCESS,200,379691,9530bbb516c1f027ee4b671643768084e5e63067a06fa179cddd7a261ddbf127,
2016-01-18,legacy,https://nsearchives.nseindia.com/content/historical/DERIVATIVES/2016/JAN/fo18JAN2016bhav.csv.zip,SUCCESS,200,365165,a76a60d6d4c372e8f3d3fd92d7781d49cc51ef332a030c6398068a922d6bb3bd,
2016-03-17,legacy,https://nsearchives.nseindia.com/content/historical/DERIVATIVES/2016/MAR/fo17MAR2016bhav.csv.zip,SUCCESS,200,377292,abdf2eb02105cb3234def02043279ca19bc8d89756e6c588a00c3edb9c0fa8ab,
2016-04-01,legacy,https://nsearchives.nseindia.com/content/historical/DERIVATIVES/2016/APR/fo01APR2016bhav.csv.zip,SUCCESS,200,326026,8adc98742193931d2bab1674142f4586af616785b35e0b3dd7b05414cbe83025,
2016-01-11,legacy,https://nsearchives.nseindia.com/content/historical/DERIVATIVES/2016/JAN/fo11JAN2016bhav.csv.zip,SUCCESS,200,343220,6010ee93698486809e59ce9dddd2f541df355ed5db50235042f399344fe8a415,
2016-02-08,legacy,https://nsearchives.nseindia.com/content/historical/DERIVATIVES/2016/FEB/fo08FEB2016bhav.csv.zip,SUCCESS,200,365730,6e4943a435c7044394f53bb7f123271d09b0995939c843b6574a57bc9b2f2985,
2016-02-12,legacy,https://nsearchives.nseindia.com/content/historical/DERIVATIVES/2016/FEB/fo12FEB2016bhav.csv.zip,SUCCESS,200,387059,41e45ecbc0d8841f534402cc3fc8cf3540ff1fe2162fa723c09cd0f3474b3eaa,
2016-03-10,legacy,https://nsearchives.nseindia.com/content/historical/DERIVATIVES/2016/MAR/fo10MAR2016bhav.csv.zip,SUCCESS,200,376942,51a936e93d4251b9c04d837cea1271a60f6862fc112746d17b83541d7eaa347e,
2016-02-24,legacy,https://nsearchives.nseindia.com/content/historical/DERIVATIVES/2016/FEB/fo24FEB2016bhav.csv.zip,SUCCESS,200,393197,49b97158832e7142030813c8d76ac503d69bfe6e194f543ebd2b2a176a583a20,
2016-03-18,legacy,https://nsearchives.nseindia.com/content/historical/DERIVATIVES/2016/MAR/fo18MAR2016bhav.csv.zip,SUCCESS,200,376757,bbbe46e79ab0579c01e6ebb3d9407be53fc3c90147d5091874e4da97e3c5d1dc,
2016-04-04,legacy,https://nsearchives.nseindia.com/content/historical/DERIVATIVES/2016/APR/fo04APR2016bhav.csv.zip,SUCCESS,200,349077,a30adc33cc09428ba64f47b609cf7b711d3ba432b6288c986554d865b0fb5d64,
2016-02-04,legacy,https://nsearchives.nseindia.com/content/historical/DERIVATIVES/2016/FEB/fo04FEB2016bhav.csv.zip,SUCCESS,200,360283,a3b9eae9a3a4d9301af1f7a3ebeba4db6d7834b6e4d6b882995ea234842d0fee,
2016-03-31,legacy,https://nsearchives.nseindia.com/content/historical/DERIVATIVES/2016/MAR/fo31MAR2016bhav.csv.zip,SUCCESS,200,390518,f7864c9c8d8a01c78735e3cbe5f3bdb04c60f7c314b15b2d9fda87624f9b1ea3,
2016-03-28,legacy,https://nsearchives.nseindia.com/content/historical/DERIVATIVES/2016/MAR/fo28MAR2016bhav.csv.zip,SUCCESS,200,384691,3ac8fe2d84dcfa7dce6b42d07bd16faf8a30f4c78302ebe5b0ddca8b0682c579,
2016-03-23,legacy,https://nsearchives.nseindia.com/content/historical/DERIVATIVES/2016/MAR/fo23MAR2016bhav.csv.zip,SUCCESS,200,382098,2dbbd912d4994fc378f4d477bc5e64e489ec7b1cd779c42ab63cf31582bd7e11,
2016-03-14,legacy,https://nsearchives.nseindia.com/content/historical/DERIVATIVES/2016/MAR/fo14MAR2016bhav.csv.zip,SUCCESS,200,374359,1737b2a8702ec8c6ed1df80948ca8c69cf5443a39acfb7166e5daa5b479f9216,
2016-03-15,legacy,https://nsearchives.nseindia.com/content/historical/DERIVATIVES/2016/MAR/fo15MAR2016bhav.csv.zip,SUCCESS,200,374492,34a836227529817f264c643c82d8d8584cd6ba1895e4e28ddf9e319718df0baa,
2016-03-22,legacy,https://nsearchives.nseindia.com/content/historical/DERIVATIVES/2016/MAR/fo22MAR2016bhav.csv.zip,SUCCESS,200,381560,aa6e682107b98c00a9d332bccae1498a3bd0d22649ec7c8938769da18aa70079,
2016-04-11,legacy,https://nsearchives.nseindia.com/content/historical/DERIVATIVES/2016/APR/fo11APR2016bhav.csv.zip,SUCCESS,200,355971,41c41f282c1bd0e41aad1ea34fdf64b51f9426ed8791f9b0293c40699605d145,
2016-04-12,legacy,https://nsearchives.nseindia.com/content/historical/DERIVATIVES/2016/APR/fo12APR2016bhav.csv.zip,SUCCESS,200,356994,ebf2320914fd1f05599e4d89b87f5b7db607870358bd69cb613a006cbf05b1d4,
2016-03-16,legacy,https://nsearchives.nseindia.com/content/historical/DERIVATIVES/2016/MAR/fo16MAR2016bhav.csv.zip,SUCCESS,200,376604,f917efa063d70c80a8b86dc38174ebc901a3796cfeef6a994e1412f10ed236be,
2016-04-08,legacy,https://nsearchives.nseindia.com/content/historical/DERIVATIVES/2016/APR/fo08APR2016bhav.csv.zip,SUCCESS,200,353260,b663974b484f6fb9f0465b2268d291f911e29754a8bf0be4c9920e49e9ebbefd,
2016-04-07,legacy,https://nsearchives.nseindia.com/content/historical/DERIVATIVES/2016/APR/fo07APR2016bhav.csv.zip,SUCCESS,200,355062,a898b6796b13b4db8841280ea545c063446eb1cd6808ab5d71132ffc42ea5630,
2016-03-11,legacy,https://nsearchives.nseindia.com/content/historical/DERIVATIVES/2016/MAR/fo11MAR2016bhav.csv.zip,SUCCESS,200,375872,f409425c39f43b6d59f3d0c1b61864e455d8d7011c40f75cd7f92886f3afd95a,
2016-04-05,legacy,https://nsearchives.nseindia.com/content/historical/DERIVATIVES/2016/APR/fo05APR2016bhav.csv.zip,SUCCESS,200,353945,164327093d0ea1705af1ef802446f012b1dc44b19ff6d12651ddba1c7f0c5204,
2016-02-01,legacy,https://nsearchives.nseindia.com/content/historical/DERIVATIVES/2016/FEB/fo01FEB2016bhav.csv.zip,SUCCESS,200,350460,a043627a6ccdcbb826620b9bafe2fcb1ed63375f54b3d69a38d832f887865067,
2016-04-26,legacy,https://nsearchives.nseindia.com/content/historical/DERIVATIVES/2016/APR/fo26APR2016bhav.csv.zip,SUCCESS,200,374581,a715b80d3e5e11fc934d05cde08b8ee23fe2de6b540338d0f4da64c2af20230a,
2016-04-22,legacy,https://nsearchives.nseindia.com/content/historical/DERIVATIVES/2016/APR/fo22APR2016bhav.csv.zip,SUCCESS,200,371378,24e10dca02a3fb75cb7ad54202b978945520a2822471a4e4ebb8e833fbdff168,
2016-04-18,legacy,https://nsearchives.nseindia.com/content/historical/DERIVATIVES/2016/APR/fo18APR2016bhav.csv.zip,SUCCESS,200,362327,94691a93e18cc3f2a27ca02a96b0da03967b534cffdc4f10c1d19ebe847773de,
2016-04-27,legacy,https://nsearchives.nseindia.com/content/historical/DERIVATIVES/2016/APR/fo27APR2016bhav.csv.zip,SUCCESS,200,376403,24541b6b7727580982cef503063940d2b76a42a2a30face02e12b0da55a0430f,
2016-04-21,legacy,https://nsearchives.nseindia.com/content/historical/DERIVATIVES/2016/APR/fo21APR2016bhav.csv.zip,SUCCESS,200,371864,7f45a834d8445cf574b4ef3961e0fe2f003c73d3bf3a5cbb8f138409c1038603,
2016-05-02,legacy,https://nsearchives.nseindia.com/content/historical/DERIVATIVES/2016/MAY/fo02MAY2016bhav.csv.zip,SUCCESS,200,337212,fc02c1bfd143d988bd1d59efed652333125ac586ebead680f3568b2a9b96b3b6,
2016-05-03,legacy,https://nsearchives.nseindia.com/content/historical/DERIVATIVES/2016/MAY/fo03MAY2016bhav.csv.zip,SUCCESS,200,341899,d8fe7f767334bc7d43fbff0c0de85588ed876f639eaf5aee931ad4ceb7265eef,
2016-04-06,legacy,https://nsearchives.nseindia.com/content/historical/DERIVATIVES/2016/APR/fo06APR2016bhav.csv.zip,SUCCESS,200,353251,e4ac08cf8967c4799ab2209809543566e424dcd63d0cc65363d83f2e9a454e9f,
2016-01-20,legacy,https://nsearchives.nseindia.com/content/historical/DERIVATIVES/2016/JAN/fo20JAN2016bhav.csv.zip,SUCCESS,200,370808,2cca9467f53b6b7dd329d19ee247faa7a8f742ac58a5a8e21ed15dfbd58e081d,
2016-04-28,legacy,https://nsearchives.nseindia.com/content/historical/DERIVATIVES/2016/APR/fo28APR2016bhav.csv.zip,SUCCESS,200,376325,7a5b9ce263554bea439e7e9fc7c22538d78deab95686137e8b9023623465f26d,
2016-04-29,legacy,https://nsearchives.nseindia.com/content/historical/DERIVATIVES/2016/APR/fo29APR2016bhav.csv.zip,SUCCESS,200,337782,cee2b90c980a5ff4b3bc1551f6bd8aecdc907f13c64b64bc9205dfe31fec8a4a,
2016-05-04,legacy,https://nsearchives.nseindia.com/content/historical/DERIVATIVES/2016/MAY/fo04MAY2016bhav.csv.zip,SUCCESS,200,342887,826ec48354331e8445134a55e23bf998b50ea5bdf5140498fd809151ee16a0a9,
2016-05-26,legacy,https://nsearchives.nseindia.com/content/historical/DERIVATIVES/2016/MAY/fo26MAY2016bhav.csv.zip,SUCCESS,200,366378,f48ee2efedc78aa54376c991f2e8114508b1cb70e3cd30952cc0a78e0172b1c4,
2016-03-29,legacy,https://nsearchives.nseindia.com/content/historical/DERIVATIVES/2016/MAR/fo29MAR2016bhav.csv.zip,SUCCESS,200,386181,32d178efd25ed84a8b68c0d0768347b42b63a383cbda161c6ed41bff166f0566,
2016-04-20,legacy,https://nsearchives.nseindia.com/content/historical/DERIVATIVES/2016/APR/fo20APR2016bhav.csv.zip,SUCCESS,200,368169,6ab8ac7dedb3a3d0195e78603dd930c7af7031b08e4a08ed5d0d7666410a0c14,
2016-05-10,legacy,https://nsearchives.nseindia.com/content/historical/DERIVATIVES/2016/MAY/fo10MAY2016bhav.csv.zip,SUCCESS,200,342399,69f2df60efbd60e94afb907aa7136186ded174ff5ec256c40045603fd4e5829d,
2016-05-18,legacy,https://nsearchives.nseindia.com/content/historical/DERIVATIVES/2016/MAY/fo18MAY2016bhav.csv.zip,SUCCESS,200,352624,bbd90a0c3027fc446af41ad86648e6b89f9ebcf1c5e171dc9098f7e995f0a513,
2016-05-20,legacy,https://nsearchives.nseindia.com/content/historical/DERIVATIVES/2016/MAY/fo20MAY2016bhav.csv.zip,SUCCESS,200,355053,7c81f6b3899219d8d749a3a3f5b4170aa18965e0fc5ea3d9e6e60932e5982f32,
2016-05-11,legacy,https://nsearchives.nseindia.com/content/historical/DERIVATIVES/2016/MAY/fo11MAY2016bhav.csv.zip,SUCCESS,200,344889,ab3d6e095713fce38d92b03c21f7cc49518be33bbe364b34b4bb387a358bd4c4,
2016-05-16,legacy,https://nsearchives.nseindia.com/content/historical/DERIVATIVES/2016/MAY/fo16MAY2016bhav.csv.zip,SUCCESS,200,348656,261e4774cb992a428bfb1607ab8e270a209da8170887d7dce5cd927c6c0e91d8,
2016-05-25,legacy,https://nsearchives.nseindia.com/content/historical/DERIVATIVES/2016/MAY/fo25MAY2016bhav.csv.zip,SUCCESS,200,365186,84455fec4f422d2f853139ba4092d98e67ec2730c1e33bd062c501859aa748a1,
2016-04-25,legacy,https://nsearchives.nseindia.com/content/historical/DERIVATIVES/2016/APR/fo25APR2016bhav.csv.zip,SUCCESS,200,371672,ae0b6f259dfe9f7c6bba8b7565998e80daa7630bca78b6c73d17ad2a526023ab,
2016-05-24,legacy,https://nsearchives.nseindia.com/content/historical/DERIVATIVES/2016/MAY/fo24MAY2016bhav.csv.zip,SUCCESS,200,359320,a07a6ca18612bf7b6c24f2119e65a107aa2587ff7c340b214c76e0b00b3ffc30,
2016-05-23,legacy,https://nsearchives.nseindia.com/content/historical/DERIVATIVES/2016/MAY/fo23MAY2016bhav.csv.zip,SUCCESS,200,356971,919ffe9958b4b76955883f5553f3e98b64644d53966d7d47f770fef7bf328280,
2016-05-17,legacy,https://nsearchives.nseindia.com/content/historical/DERIVATIVES/2016/MAY/fo17MAY2016bhav.csv.zip,SUCCESS,200,351114,064f0bbe69e1ae9e6771dd4bf1aff7ed34f4758305357200a1d76bac21492cd6,
2016-06-06,legacy,https://nsearchives.nseindia.com/content/historical/DERIVATIVES/2016/JUN/fo06JUN2016bhav.csv.zip,SUCCESS,200,337261,5dd2da0ba714fd7bf4f7c296f19bf367a65f824c326b3002c5f6e5488b3c209c,
2016-05-31,legacy,https://nsearchives.nseindia.com/content/historical/DERIVATIVES/2016/MAY/fo31MAY2016bhav.csv.zip,SUCCESS,200,337187,297b17f4c4c5e99b02dd8daff39eee78311d1d0d637e5bcc2bf84550d01e8f35,
2016-05-09,legacy,https://nsearchives.nseindia.com/content/historical/DERIVATIVES/2016/MAY/fo09MAY2016bhav.csv.zip,SUCCESS,200,342060,fc836df4591d3b749b7888223c1b8e55653e4e6db8333dcbcf6046150b02f64d,
2016-05-30,legacy,https://nsearchives.nseindia.com/content/historical/DERIVATIVES/2016/MAY/fo30MAY2016bhav.csv.zip,SUCCESS,200,333686,31e41fbb72ab5fce60b9c263f5a2548a3b66ee17834e05f89ea931c7d547c813,
2016-06-16,legacy,https://nsearchives.nseindia.com/content/historical/DERIVATIVES/2016/JUN/fo16JUN2016bhav.csv.zip,SUCCESS,200,345860,63fc8c8bce304a1c9140947c557add01e35b46225d9dbf24fcca16101ba9e570,
2016-06-15,legacy,https://nsearchives.nseindia.com/content/historical/DERIVATIVES/2016/JUN/fo15JUN2016bhav.csv.zip,SUCCESS,200,342878,f189690e2d377a6db7e19ea439ab32d396c2840de4d288cb0af08ad98dd3aa30,
2016-05-12,legacy,https://nsearchives.nseindia.com/content/historical/DERIVATIVES/2016/MAY/fo12MAY2016bhav.csv.zip,SUCCESS,200,344587,b473002df1f8fd967ae43a9e9a3fa3e6cb81e3a24c035836d90878cbaf6a47c4,
2016-05-06,legacy,https://nsearchives.nseindia.com/content/historical/DERIVATIVES/2016/MAY/fo06MAY2016bhav.csv.zip,SUCCESS,200,341419,9e3d01187a5aea7d1eab5c299b64ab6d3ff9e2db2ade99ad5de862bc85b7c174,
2016-06-03,legacy,https://nsearchives.nseindia.com/content/historical/DERIVATIVES/2016/JUN/fo03JUN2016bhav.csv.zip,SUCCESS,200,338828,161fc372203192f4e754c7b099af0cc3951414e6bf9092820d68f930f12f3b8f,
2016-05-13,legacy,https://nsearchives.nseindia.com/content/historical/DERIVATIVES/2016/MAY/fo13MAY2016bhav.csv.zip,SUCCESS,200,348294,620bac087e511df0b27a75a1fa62d6a7b23812cc98f24466a198e3108558a7a0,
2016-06-14,legacy,https://nsearchives.nseindia.com/content/historical/DERIVATIVES/2016/JUN/fo14JUN2016bhav.csv.zip,SUCCESS,200,341456,6f6736592443a342a96310b20b79a20be6d6134323b1cdc5b5c15b595ec0aff3,
2016-05-19,legacy,https://nsearchives.nseindia.com/content/historical/DERIVATIVES/2016/MAY/fo19MAY2016bhav.csv.zip,SUCCESS,200,354454,d6d611a710dbac0c6a6cb817e9fd7a2c8adda5446a6ce1bfe3708b5c416ba6c9,
2016-05-27,legacy,https://nsearchives.nseindia.com/content/historical/DERIVATIVES/2016/MAY/fo27MAY2016bhav.csv.zip,SUCCESS,200,332014,2d58795c001a4b0509291cbb7fc5c58624b95dc504308db34c6878f401d819ae,
2016-06-22,legacy,https://nsearchives.nseindia.com/content/historical/DERIVATIVES/2016/JUN/fo22JUN2016bhav.csv.zip,SUCCESS,200,345095,5b2e7529f000e408460a92ff72b0fdaa12255512c7a5c823ed4258928fe27832,
2016-05-05,legacy,https://nsearchives.nseindia.com/content/historical/DERIVATIVES/2016/MAY/fo05MAY2016bhav.csv.zip,SUCCESS,200,343305,c6d0a11c261df390adbbdfefeb375a2955d5802f4b5978fafe4988eb19e662ad,
2016-06-08,legacy,https://nsearchives.nseindia.com/content/historical/DERIVATIVES/2016/JUN/fo08JUN2016bhav.csv.zip,SUCCESS,200,339620,06404db50ba5f7a8e453630ed79b9dcaf3e1ab09a64967b5c89000e502eb9d34,
2016-01-25,legacy,https://nsearchives.nseindia.com/content/historical/DERIVATIVES/2016/JAN/fo25JAN2016bhav.csv.zip,SUCCESS,200,376435,a77c21398e685ddec717dbe6d78d68d55dd09788ebd2bcf816d74bb64226284a,
2016-06-02,legacy,https://nsearchives.nseindia.com/content/historical/DERIVATIVES/2016/JUN/fo02JUN2016bhav.csv.zip,SUCCESS,200,337000,43e34463fa413fb5ea0e305ea9b3dcca300c9e9f4a75db705d37740d6d99ff17,
2016-06-09,legacy,https://nsearchives.nseindia.com/content/historical/DERIVATIVES/2016/JUN/fo09JUN2016bhav.csv.zip,SUCCESS,200,342239,68d1df1d9f8416729b31f89d6b86564436f6008e39f49a9e8c2773adf0b884c2,
2016-06-13,legacy,https://nsearchives.nseindia.com/content/historical/DERIVATIVES/2016/JUN/fo13JUN2016bhav.csv.zip,SUCCESS,200,342433,238178087a6000f4ae2bc2469247cffb218e4619ae005d4a08c40f53086c4df2,
2016-06-21,legacy,https://nsearchives.nseindia.com/content/historical/DERIVATIVES/2016/JUN/fo21JUN2016bhav.csv.zip,SUCCESS,200,343904,4538d49f4b5b1085c645466e1b0f212d08431096d11ccf492e6a7d36ede76737,
2016-06-01,legacy,https://nsearchives.nseindia.com/content/historical/DERIVATIVES/2016/JUN/fo01JUN2016bhav.csv.zip,SUCCESS,200,337308,726f0fd0ba7ef9d15a8b1c31a5a5010cededb498125cb2b16fcb6e4205083ec8,
2016-06-23,legacy,https://nsearchives.nseindia.com/content/historical/DERIVATIVES/2016/JUN/fo23JUN2016bhav.csv.zip,SUCCESS,200,347077,1dade5f5a90644da9a3c1d9c18f4a1054aa04a037da29a8f36e9c7d6b97ca2a7,
2016-06-29,legacy,https://nsearchives.nseindia.com/content/historical/DERIVATIVES/2016/JUN/fo29JUN2016bhav.csv.zip,SUCCESS,200,360544,0c9fb34caf66f57779a9f41f77a8d847c27c0e61bd8e90330717e8397da4642a,
2016-07-01,legacy,https://nsearchives.nseindia.com/content/historical/DERIVATIVES/2016/JUL/fo01JUL2016bhav.csv.zip,SUCCESS,200,354911,26c1d9111126b0b34c54cc401c5a6f05d6afc573506e2c582d2c11dac01e4c22,
2016-07-13,legacy,https://nsearchives.nseindia.com/content/historical/DERIVATIVES/2016/JUL/fo13JUL2016bhav.csv.zip,SUCCESS,200,375853,202c3efb50121ee0281ee817c4e0dd1e858470499170bd0a77c00becea4306db,
2016-04-13,legacy,https://nsearchives.nseindia.com/content/historical/DERIVATIVES/2016/APR/fo13APR2016bhav.csv.zip,SUCCESS,200,364237,59a52a87a268bf4002d471ddbfaa472ccc8ce882d2691113c98f1a771bb421b5,
2016-06-30,legacy,https://nsearchives.nseindia.com/content/historical/DERIVATIVES/2016/JUN/fo30JUN2016bhav.csv.zip,SUCCESS,200,361103,a71fc298e908ca62e27611f50586fe27951a9d203e8029ee8fc2a5461fe00523,
2016-07-07,legacy,https://nsearchives.nseindia.com/content/historical/DERIVATIVES/2016/JUL/fo07JUL2016bhav.csv.zip,SUCCESS,200,364694,0b7301737609b2609ed19f31b9ae615b0c9db7cb7c0438e6143c89f5df2bd0e8,
2016-07-05,legacy,https://nsearchives.nseindia.com/content/historical/DERIVATIVES/2016/JUL/fo05JUL2016bhav.csv.zip,SUCCESS,200,363770,e04af2396549f287e108d8254bf4e3e77f60b4dd511244ba01afc55c4f205221,
2016-03-30,legacy,https://nsearchives.nseindia.com/content/historical/DERIVATIVES/2016/MAR/fo30MAR2016bhav.csv.zip,SUCCESS,200,390959,9b9519e2060fc1eeb7b70327c38d6ce1a297eee4538b8500298a31529f2a2068,
2016-06-24,legacy,https://nsearchives.nseindia.com/content/historical/DERIVATIVES/2016/JUN/fo24JUN2016bhav.csv.zip,SUCCESS,200,356718,75c75071f8e7034c9ca93688f861aee116959927929b9ddd1959740b9a8fa85f,
2016-06-17,legacy,https://nsearchives.nseindia.com/content/historical/DERIVATIVES/2016/JUN/fo17JUN2016bhav.csv.zip,SUCCESS,200,343794,82121c2341d01c43167112294c584dca937cd10fad96541ae6ae0786926ce313,
2016-07-11,legacy,https://nsearchives.nseindia.com/content/historical/DERIVATIVES/2016/JUL/fo11JUL2016bhav.csv.zip,SUCCESS,200,367367,43db40d795c2d111164281a1f883e3a62b4dd1c0799acc8571df2aa0837d5f7c,
2016-07-19,legacy,https://nsearchives.nseindia.com/content/historical/DERIVATIVES/2016/JUL/fo19JUL2016bhav.csv.zip,SUCCESS,200,384393,3dc04327eb5eae64e3ccb2ed64099f1ce8326b715e22c024c93a519b49b6e69e,
2016-07-18,legacy,https://nsearchives.nseindia.com/content/historical/DERIVATIVES/2016/JUL/fo18JUL2016bhav.csv.zip,SUCCESS,200,383334,1b94c7986ba9f5cc0633c350af5fa30915bf6076fcdf35f8b5423eedbf82d3d9,
2016-06-20,legacy,https://nsearchives.nseindia.com/content/historical/DERIVATIVES/2016/JUN/fo20JUN2016bhav.csv.zip,SUCCESS,200,343944,dde0439659943de2540785c0aecbfc0336a08dddd22c671e2b23752d299a4a52,
2016-07-14,legacy,https://nsearchives.nseindia.com/content/historical/DERIVATIVES/2016/JUL/fo14JUL2016bhav.csv.zip,SUCCESS,200,377663,35e86448ae181fe0c677932a6ee0d8ad3c31112cd3b17dd99ee00884dfe3aaff,
2016-06-27,legacy,https://nsearchives.nseindia.com/content/historical/DERIVATIVES/2016/JUN/fo27JUN2016bhav.csv.zip,SUCCESS,200,353802,c27ef0a932619a1054bf585fc414f6cb390f5c64b8822d799bcbb39dfdfb17e1,
2016-07-21,legacy,https://nsearchives.nseindia.com/content/historical/DERIVATIVES/2016/JUL/fo21JUL2016bhav.csv.zip,SUCCESS,200,390962,a0d89746558c4b97131f155b8193223c557bcf29e53815669ab042cf904180c0,
2016-07-04,legacy,https://nsearchives.nseindia.com/content/historical/DERIVATIVES/2016/JUL/fo04JUL2016bhav.csv.zip,SUCCESS,200,358453,bd7b670676945d5facfa6776b64f5a18fd569e60a78b8a4bfe912e94c208e0eb,
2016-07-22,legacy,https://nsearchives.nseindia.com/content/historical/DERIVATIVES/2016/JUL/fo22JUL2016bhav.csv.zip,SUCCESS,200,392117,827b2703b9d95243618eae662a4601042fa6cc48f842b306b1a6d437a2589771,
2016-06-28,legacy,https://nsearchives.nseindia.com/content/historical/DERIVATIVES/2016/JUN/fo28JUN2016bhav.csv.zip,SUCCESS,200,357513,97d0c8d4c49df922b8f3fcbb4ca4ed9ab871ae7fb1136c6c166102c6189f1abc,
2016-08-08,legacy,https://nsearchives.nseindia.com/content/historical/DERIVATIVES/2016/AUG/fo08AUG2016bhav.csv.zip,SUCCESS,200,393521,e24438ff53101097d5d43eff6d2139bc00aeb415217cacd4e5e03e0262050194,
2016-01-22,legacy,https://nsearchives.nseindia.com/content/historical/DERIVATIVES/2016/JAN/fo22JAN2016bhav.csv.zip,SUCCESS,200,377612,6162338107ded225e858faae70b84d20a553964e3e99a231a100fd99670a6603,
2016-08-05,legacy,https://nsearchives.nseindia.com/content/historical/DERIVATIVES/2016/AUG/fo05AUG2016bhav.csv.zip,SUCCESS,200,389570,37aad7fbf1fb5b3260f80b505193077245234da42a144af927fcdce912e4faf9,
2016-08-11,legacy,https://nsearchives.nseindia.com/content/historical/DERIVATIVES/2016/AUG/fo11AUG2016bhav.csv.zip,SUCCESS,200,399663,47926d132fc763cd1ab57127ea3841d25e79c2e76fe175d3dfba8c638a27806d,
2016-07-29,legacy,https://nsearchives.nseindia.com/content/historical/DERIVATIVES/2016/JUL/fo29JUL2016bhav.csv.zip,SUCCESS,200,376410,7e07c44a6db5ca23feceecc14fb656ea2c859fbb8c289fac7b68f9d9a46dd010,
2016-07-28,legacy,https://nsearchives.nseindia.com/content/historical/DERIVATIVES/2016/JUL/fo28JUL2016bhav.csv.zip,SUCCESS,200,411130,67c3b03f9d4c6f88779e87df05b152be9d718eff840b2dd1d938fc6128a785ec,
2016-07-12,legacy,https://nsearchives.nseindia.com/content/historical/DERIVATIVES/2016/JUL/fo12JUL2016bhav.csv.zip,SUCCESS,200,372654,0b95f43f086f49036c4eb41f74ba7d8e8b1599eafbbe67a56540987de689b1c2,
2016-08-04,legacy,https://nsearchives.nseindia.com/content/historical/DERIVATIVES/2016/AUG/fo04AUG2016bhav.csv.zip,SUCCESS,200,386623,4de78e30ae900ced2dcd0476a612609768d6ccb9f40123c524035647fdec56d2,
2016-08-02,legacy,https://nsearchives.nseindia.com/content/historical/DERIVATIVES/2016/AUG/fo02AUG2016bhav.csv.zip,SUCCESS,200,385070,74f1fb0a85e2585baac7ee278db29ca883227486b6f91108689a96d3930e8f83,
2016-08-10,legacy,https://nsearchives.nseindia.com/content/historical/DERIVATIVES/2016/AUG/fo10AUG2016bhav.csv.zip,SUCCESS,200,399378,2825d8c32440eb1bf8280a20fc0e555b1676b0e1e82413e8e047b8df206caf63,
2016-07-27,legacy,https://nsearchives.nseindia.com/content/historical/DERIVATIVES/2016/JUL/fo27JUL2016bhav.csv.zip,SUCCESS,200,410646,fe7113c03efaf788571c9f562253d660c23ca631af3dc92e258b2e9f68d02a85,
2016-06-07,legacy,https://nsearchives.nseindia.com/content/historical/DERIVATIVES/2016/JUN/fo07JUN2016bhav.csv.zip,SUCCESS,200,339237,1defd4701788073585c368e54a639780bbb4ebcafe1b025f53b6c03c1f76d9f5,
2016-07-08,legacy,https://nsearchives.nseindia.com/content/historical/DERIVATIVES/2016/JUL/fo08JUL2016bhav.csv.zip,SUCCESS,200,365198,6daca675f6434ee771badc230708bdfbf32a3b968f7883aa9a02c380910ccc80,
2016-08-17,legacy,https://nsearchives.nseindia.com/content/historical/DERIVATIVES/2016/AUG/fo17AUG2016bhav.csv.zip,SUCCESS,200,400777,c2f01db25ec483b45d6faad866fad37a83fc49072342c0a98d4b76414fc392dc,
2016-08-01,legacy,https://nsearchives.nseindia.com/content/historical/DERIVATIVES/2016/AUG/fo01AUG2016bhav.csv.zip,SUCCESS,200,385060,1179a502a9936db954fda6622794461977b597068a63e7898a0ffa088e490b04,
2016-09-01,legacy,https://nsearchives.nseindia.com/content/historical/DERIVATIVES/2016/SEP/fo01SEP2016bhav.csv.zip,SUCCESS,200,381121,d85b2d69640e56c2e37fb67b5ffbec947a471769e81be618c041e70c7b016c02,
2016-07-25,legacy,https://nsearchives.nseindia.com/content/historical/DERIVATIVES/2016/JUL/fo25JUL2016bhav.csv.zip,SUCCESS,200,396064,836414967d669b5582e16208cb73c5ae9c74a690e9aaf55ee9530acb383c8986,
2016-07-15,legacy,https://nsearchives.nseindia.com/content/historical/DERIVATIVES/2016/JUL/fo15JUL2016bhav.csv.zip,SUCCESS,200,381041,17542dca3e39eb21362f2082e03e9533e290c436abaf5fe00d8a1ae74f244c07,
2016-08-09,legacy,https://nsearchives.nseindia.com/content/historical/DERIVATIVES/2016/AUG/fo09AUG2016bhav.csv.zip,SUCCESS,200,395684,69817845736c283283dfc9d70442d8bbee63370918bee85a4bf5f81a58fb2d7a,
2016-08-23,legacy,https://nsearchives.nseindia.com/content/historical/DERIVATIVES/2016/AUG/fo23AUG2016bhav.csv.zip,SUCCESS,200,409806,d9a27fb8164d135ee69153bf20b4bb27e1824f9c1d49d8e569e61d1bd66f8136,
2016-08-16,legacy,https://nsearchives.nseindia.com/content/historical/DERIVATIVES/2016/AUG/fo16AUG2016bhav.csv.zip,SUCCESS,200,399553,9b993f7b865d40371c412876b3aeda65bfdae64974cbbf74b36660953e1c15ce,
2016-07-20,legacy,https://nsearchives.nseindia.com/content/historical/DERIVATIVES/2016/JUL/fo20JUL2016bhav.csv.zip,SUCCESS,200,385800,25dd6ed62a89624ec5f5f167bff8c4226a7a43f7eaff6a10fb4f754874dfea78,
2016-08-18,legacy,https://nsearchives.nseindia.com/content/historical/DERIVATIVES/2016/AUG/fo18AUG2016bhav.csv.zip,SUCCESS,200,402225,9e626aa56cafc5f7a165a03d75dd53dd61c762f52ca8335887c91b1348138a51,
2016-09-09,legacy,https://nsearchives.nseindia.com/content/historical/DERIVATIVES/2016/SEP/fo09SEP2016bhav.csv.zip,SUCCESS,200,397699,3c1367ede9ae3db14e237ced2b7854cc7a0f4c3b4e1179d4fe751008e29fc5d3,
2016-08-31,legacy,https://nsearchives.nseindia.com/content/historical/DERIVATIVES/2016/AUG/fo31AUG2016bhav.csv.zip,SUCCESS,200,380070,f570d6994ec97c0a2f3eed8d7343e7ed675fc14fdaeec9a1728c43d4a5647931,
2016-09-08,legacy,https://nsearchives.nseindia.com/content/historical/DERIVATIVES/2016/SEP/fo08SEP2016bhav.csv.zip,SUCCESS,200,394344,8b6b7f130aa1271c2f7290620dd1035c404d49c19caa7ceacbea28ee59befecf,
2016-08-26,legacy,https://nsearchives.nseindia.com/content/historical/DERIVATIVES/2016/AUG/fo26AUG2016bhav.csv.zip,SUCCESS,200,372015,af2736879a47177b2bf2fda55f4a5fb63de588d7b79b4d35598823657a37a1c5,
2016-08-12,legacy,https://nsearchives.nseindia.com/content/historical/DERIVATIVES/2016/AUG/fo12AUG2016bhav.csv.zip,SUCCESS,200,397875,e4855d7cb60fed1613560b7e9ebf7c5c2e923c4846626eeb8dd0da98f18b1bfc,
2016-09-12,legacy,https://nsearchives.nseindia.com/content/historical/DERIVATIVES/2016/SEP/fo12SEP2016bhav.csv.zip,SUCCESS,200,402025,722e709b15a93ff63cd5b69936ef2e14f9fe145ae25ba51f78c867348ceeb3c7,
2016-09-14,legacy,https://nsearchives.nseindia.com/content/historical/DERIVATIVES/2016/SEP/fo14SEP2016bhav.csv.zip,SUCCESS,200,399554,0189230096346b97ac014913dc4910c0b381764b31ae03e9d7e9b72930581b33,
2016-09-07,legacy,https://nsearchives.nseindia.com/content/historical/DERIVATIVES/2016/SEP/fo07SEP2016bhav.csv.zip,SUCCESS,200,392050,52e77bb35b446ee185d4074e523c42cba1bba918c599c8e86189a1ac0e142518,
2016-09-15,legacy,https://nsearchives.nseindia.com/content/historical/DERIVATIVES/2016/SEP/fo15SEP2016bhav.csv.zip,SUCCESS,200,399360,6ffa8a0872b3bd97ba4ab85fe0313ed99bf4b00dea1df994c1d8651c27272275,
2016-08-03,legacy,https://nsearchives.nseindia.com/content/historical/DERIVATIVES/2016/AUG/fo03AUG2016bhav.csv.zip,SUCCESS,200,387525,66a7ed20425bed012808e92d74c0b572772c8c0a2c10bc419f5de44e331e1417,
2016-08-22,legacy,https://nsearchives.nseindia.com/content/historical/DERIVATIVES/2016/AUG/fo22AUG2016bhav.csv.zip,SUCCESS,200,406867,0c7188eb1354e60bd23c4b3ba2959118ccb8b6d96b7c1abbcfa07527594535f5,
2016-10-03,legacy,https://nsearchives.nseindia.com/content/historical/DERIVATIVES/2016/OCT/fo03OCT2016bhav.csv.zip,SUCCESS,200,397123,33e0c9703ccb74305260a3c7c29bdfad45c7513e9c41a34e3a3da49e97f4bc06,
2016-09-06,legacy,https://nsearchives.nseindia.com/content/historical/DERIVATIVES/2016/SEP/fo06SEP2016bhav.csv.zip,SUCCESS,200,383953,3a6f4476c8d17b92bc9c6488ba7e43db25c29a5243a64a64db2d924684c004d7,
2016-09-28,legacy,https://nsearchives.nseindia.com/content/historical/DERIVATIVES/2016/SEP/fo28SEP2016bhav.csv.zip,SUCCESS,200,418192,62937bc6dbbb2be77800d2fe54c94cabd36d0d71472b42048ee7e82077888490,
2016-09-19,legacy,https://nsearchives.nseindia.com/content/historical/DERIVATIVES/2016/SEP/fo19SEP2016bhav.csv.zip,SUCCESS,200,399022,50e78ba96ac6a5f08d5a907773c7ea4c7000bccb78d3e9dec5db231e66f4ff85,
2016-09-23,legacy,https://nsearchives.nseindia.com/content/historical/DERIVATIVES/2016/SEP/fo23SEP2016bhav.csv.zip,SUCCESS,200,412701,1dde70be42c7d77961e9442c168d84a088b890e88737231a2c58a0df9d7e5b63,
2016-09-16,legacy,https://nsearchives.nseindia.com/content/historical/DERIVATIVES/2016/SEP/fo16SEP2016bhav.csv.zip,SUCCESS,200,404669,3bf8e4432fcf24fac5704128b0ad8769ebee50d7408c7b85571cc9d11e3a57cf,
2016-10-05,legacy,https://nsearchives.nseindia.com/content/historical/DERIVATIVES/2016/OCT/fo05OCT2016bhav.csv.zip,SUCCESS,200,404970,b470d2c0ba8f707383162576174f7a6a86408d0aa800104f3b63d50ef557bdcb,
2016-07-26,legacy,https://nsearchives.nseindia.com/content/historical/DERIVATIVES/2016/JUL/fo26JUL2016bhav.csv.zip,SUCCESS,200,408862,5f9be7010da565c706798aa345de561a773b4e7c472b0c217b3f59ad8f460a05,
2016-10-10,legacy,https://nsearchives.nseindia.com/content/historical/DERIVATIVES/2016/OCT/fo10OCT2016bhav.csv.zip,SUCCESS,200,406287,6d9d97f5c9c310f922f670a1baf220c9d6aa4c6686a98eba88b566c5707f85de,
2016-09-02,legacy,https://nsearchives.nseindia.com/content/historical/DERIVATIVES/2016/SEP/fo02SEP2016bhav.csv.zip,SUCCESS,200,378592,ceeac7adf88b6b0208481791e75f9b8adfb2edf6576d3a816cc926eebb10290e,
2016-09-22,legacy,https://nsearchives.nseindia.com/content/historical/DERIVATIVES/2016/SEP/fo22SEP2016bhav.csv.zip,SUCCESS,200,408134,577ab388eab8838e807a8b396a640cc5c027436f2baf401d11d4f838b20d822e,
2016-10-07,legacy,https://nsearchives.nseindia.com/content/historical/DERIVATIVES/2016/OCT/fo07OCT2016bhav.csv.zip,SUCCESS,200,408621,164e970bca2225f7c1e76dbdfa01b7260968e29315aa049218a2e101ae98ece3,
2016-10-13,legacy,https://nsearchives.nseindia.com/content/historical/DERIVATIVES/2016/OCT/fo13OCT2016bhav.csv.zip,SUCCESS,200,414861,64bc336d450cdb029877512c1d19f089dd27374b329d33f20952ebe6c479b9f0,
2016-08-30,legacy,https://nsearchives.nseindia.com/content/historical/DERIVATIVES/2016/AUG/fo30AUG2016bhav.csv.zip,SUCCESS,200,375567,ace1ffaedb179a2f6bbfe4af9b836a62b0ecef1b258adb83603a86046a31331e,
2016-08-24,legacy,https://nsearchives.nseindia.com/content/historical/DERIVATIVES/2016/AUG/fo24AUG2016bhav.csv.zip,SUCCESS,200,411592,bef02646b3c2ff1fb3ad531e2ac4e925846a8f008010ed3ba453cced01fa8be2,
2016-10-06,legacy,https://nsearchives.nseindia.com/content/historical/DERIVATIVES/2016/OCT/fo06OCT2016bhav.csv.zip,SUCCESS,200,411101,89ca8de4f5d0c0829f60111d9dfb30ca824f477deb2123e970aadc2443001295,
2016-09-26,legacy,https://nsearchives.nseindia.com/content/historical/DERIVATIVES/2016/SEP/fo26SEP2016bhav.csv.zip,SUCCESS,200,415149,ea36247c40ca7d173f79263a122204d7032010ab314f5e4d67f57918f9b81351,
2016-10-27,legacy,https://nsearchives.nseindia.com/content/historical/DERIVATIVES/2016/OCT/fo27OCT2016bhav.csv.zip,SUCCESS,200,430373,41d2717406b1a974bcacb0829ae7c943588d6156de68a262d1f340b6903015fb,
2016-10-14,legacy,https://nsearchives.nseindia.com/content/historical/DERIVATIVES/2016/OCT/fo14OCT2016bhav.csv.zip,SUCCESS,200,410111,3e46bc73119cc1c86d44f1a5c70571a88b87667d27581999e0d2f49e597a39f5,
2016-10-28,legacy,https://nsearchives.nseindia.com/content/historical/DERIVATIVES/2016/OCT/fo28OCT2016bhav.csv.zip,SUCCESS,200,382319,b79ab2f4583c00c633fc5c07c5aeacc51a1c2273fcb0ca3bb3fb230612f1f092,
2016-09-30,legacy,https://nsearchives.nseindia.com/content/historical/DERIVATIVES/2016/SEP/fo30SEP2016bhav.csv.zip,SUCCESS,200,393077,bd83a6094b13337da6bc313adba0b5f4da68a13f382a5139a69e08e3ce38e848,
2016-10-04,legacy,https://nsearchives.nseindia.com/content/historical/DERIVATIVES/2016/OCT/fo04OCT2016bhav.csv.zip,SUCCESS,200,402327,1e547375f1873bcc186dde92b103d43c0029471752b34ebf5ccad51c2f51fe06,
2016-09-29,legacy,https://nsearchives.nseindia.com/content/historical/DERIVATIVES/2016/SEP/fo29SEP2016bhav.csv.zip,SUCCESS,200,434282,ff52f4a5afdd259808b9f9a071a113b868437596326c807a05a0c40fd3c5afa6,
2016-10-25,legacy,https://nsearchives.nseindia.com/content/historical/DERIVATIVES/2016/OCT/fo25OCT2016bhav.csv.zip,SUCCESS,200,422371,d02abdf3964b347a2070b66aa73cd0806e394be2c7a21e44895a0a6abd210745,
2016-09-27,legacy,https://nsearchives.nseindia.com/content/historical/DERIVATIVES/2016/SEP/fo27SEP2016bhav.csv.zip,SUCCESS,200,415385,36258ef3c6a96ae904ad21f0130d06b78474c833077cef738a094e62a791cf2d,
2016-11-09,legacy,https://nsearchives.nseindia.com/content/historical/DERIVATIVES/2016/NOV/fo09NOV2016bhav.csv.zip,SUCCESS,200,406394,8f55be24a3c5cb4575cc024736734ac0f4b60fd5dac9f7c42bdf04f3c2df8936,
2016-10-20,legacy,https://nsearchives.nseindia.com/content/historical/DERIVATIVES/2016/OCT/fo20OCT2016bhav.csv.zip,SUCCESS,200,417231,84a448ce0d6c1c307282cc16e266f99f3c1502c1a682290037d6d0b541a37de8,
2016-06-10,legacy,https://nsearchives.nseindia.com/content/historical/DERIVATIVES/2016/JUN/fo10JUN2016bhav.csv.zip,SUCCESS,200,341790,439d5d8aaf4a4f5d647983773e353f1163cbe9ee88b05c1fa4ae478eb256b5b8,
2016-09-21,legacy,https://nsearchives.nseindia.com/content/historical/DERIVATIVES/2016/SEP/fo21SEP2016bhav.csv.zip,SUCCESS,200,402854,0f2c0c6b7ea9c30ccf37fd887c2cf59ec3fe18981b8e12c62b45cbe0b5e87090,
2016-10-17,legacy,https://nsearchives.nseindia.com/content/historical/DERIVATIVES/2016/OCT/fo17OCT2016bhav.csv.zip,SUCCESS,200,412342,7ee45ddc47b6c3e247be1b3839f52f46031e91f09a0b0d6d9e0da778e428f95c,
2016-10-21,legacy,https://nsearchives.nseindia.com/content/historical/DERIVATIVES/2016/OCT/fo21OCT2016bhav.csv.zip,SUCCESS,200,418303,09a1c25362095939e798e58550d78648b799fe50cff84595b63469fd31d7eba5,
2016-10-19,legacy,https://nsearchives.nseindia.com/content/historical/DERIVATIVES/2016/OCT/fo19OCT2016bhav.csv.zip,SUCCESS,200,414995,53730670d70d274fd942ab2bc82bdc48250b1d9248fcf8faa9b94e3bbca7e5d9,
2016-11-21,legacy,https://nsearchives.nseindia.com/content/historical/DERIVATIVES/2016/NOV/fo21NOV2016bhav.csv.zip,SUCCESS,200,435382,3db15d3ce2f3bb8b0a72f00c434cb0c4fc576665ccfde284fd9b2e4e265b409e,
2016-11-10,legacy,https://nsearchives.nseindia.com/content/historical/DERIVATIVES/2016/NOV/fo10NOV2016bhav.csv.zip,SUCCESS,200,409368,116e5f35234d0305197ec6841a9f18a45970011d7a7d2a7934751efb8f84574b,
2016-10-26,legacy,https://nsearchives.nseindia.com/content/historical/DERIVATIVES/2016/OCT/fo26OCT2016bhav.csv.zip,SUCCESS,200,429953,e636f78d18a43677f72cb1dbcb8040eb673ef6ea01730306279f1186f4d9fcff,
2016-11-04,legacy,https://nsearchives.nseindia.com/content/historical/DERIVATIVES/2016/NOV/fo04NOV2016bhav.csv.zip,SUCCESS,200,398374,828e2596c6894a33c770b24a832f53b1849503b4f0ce2e3c5fe200f21b56a2b6,
2016-11-22,legacy,https://nsearchives.nseindia.com/content/historical/DERIVATIVES/2016/NOV/fo22NOV2016bhav.csv.zip,SUCCESS,200,438514,898793c77c4169f0bc4d520eee0e3b6c16bcabc6eac1ff4f363ce1123152f47a,
2016-09-20,legacy,https://nsearchives.nseindia.com/content/historical/DERIVATIVES/2016/SEP/fo20SEP2016bhav.csv.zip,SUCCESS,200,401662,c3e0c87aa1a876079c5ce032be89368797a3ea21eb349228be1f8a1bcb83b160,
2016-11-18,legacy,https://nsearchives.nseindia.com/content/historical/DERIVATIVES/2016/NOV/fo18NOV2016bhav.csv.zip,SUCCESS,200,428470,7c6b3b7c14fb419cb250810084951a0d1238d5361f424d8b7c1c9dc1a4ec35f2,
2016-11-17,legacy,https://nsearchives.nseindia.com/content/historical/DERIVATIVES/2016/NOV/fo17NOV2016bhav.csv.zip,SUCCESS,200,428841,05757104e9cd0841f21e7a334975971c6cd6cf7f976676e0b86d8abe3ece8e22,
2016-10-24,legacy,https://nsearchives.nseindia.com/content/historical/DERIVATIVES/2016/OCT/fo24OCT2016bhav.csv.zip,SUCCESS,200,420562,408481f092efa36e61d5f4c29be4b36bb327faa95b2fb99335d94f50ff1ab757,
2016-11-02,legacy,https://nsearchives.nseindia.com/content/historical/DERIVATIVES/2016/NOV/fo02NOV2016bhav.csv.zip,SUCCESS,200,389802,2575515c3779263a2518e45a9c94892a907f3c375b4b8a3c97d0db199a7aeea4,
2016-08-29,legacy,https://nsearchives.nseindia.com/content/historical/DERIVATIVES/2016/AUG/fo29AUG2016bhav.csv.zip,SUCCESS,200,371578,74e047f7fd497edce081b09a59e7eee57fb941b09f2a08605827237557caf87b,
2016-11-07,legacy,https://nsearchives.nseindia.com/content/historical/DERIVATIVES/2016/NOV/fo07NOV2016bhav.csv.zip,SUCCESS,200,394053,4cb00aeb74aa6b3bc521db77eefebe9ec21290686e9bba130c2100cb3c4da589,
2016-12-09,legacy,https://nsearchives.nseindia.com/content/historical/DERIVATIVES/2016/DEC/fo09DEC2016bhav.csv.zip,SUCCESS,200,392075,dad80786ffc050fd1c890cc88e2d3276a9b8c1ee096cce280f7b42f508bd2c28,
2016-12-02,legacy,https://nsearchives.nseindia.com/content/historical/DERIVATIVES/2016/DEC/fo02DEC2016bhav.csv.zip,SUCCESS,200,391950,34b7787f6cc765bdac9c05bb5240f56a30dd88d271ac5418615751c937e29cce,
2016-12-05,legacy,https://nsearchives.nseindia.com/content/historical/DERIVATIVES/2016/DEC/fo05DEC2016bhav.csv.zip,SUCCESS,200,389811,784503af680a2294a00fe151acef0f1ce2377e74be3dba74d485170553286449,
2016-11-16,legacy,https://nsearchives.nseindia.com/content/historical/DERIVATIVES/2016/NOV/fo16NOV2016bhav.csv.zip,SUCCESS,200,429114,3a46f46b454a2daff6c605142d667cd16d7e642ea43d9889a75516d71073b1c2,
2016-12-07,legacy,https://nsearchives.nseindia.com/content/historical/DERIVATIVES/2016/DEC/fo07DEC2016bhav.csv.zip,SUCCESS,200,389833,c710ea94c34b37bad5e520d3cfd11588be80be937f7c0fcee3f9ecd55db10d55,
2016-11-24,legacy,https://nsearchives.nseindia.com/content/historical/DERIVATIVES/2016/NOV/fo24NOV2016bhav.csv.zip,SUCCESS,200,441067,5d6e43b9c8f96336b424b44387afd6254332fb6a2183c0df3f1559bdc7e914ed,
2016-11-29,legacy,https://nsearchives.nseindia.com/content/historical/DERIVATIVES/2016/NOV/fo29NOV2016bhav.csv.zip,SUCCESS,200,389021,acb70c1c9936c1549e034b3f2ef8555209dc5223fb9df382116be1034c66e8fc,
2016-12-20,legacy,https://nsearchives.nseindia.com/content/historical/DERIVATIVES/2016/DEC/fo20DEC2016bhav.csv.zip,SUCCESS,200,395589,dfec9f59a8783dd361ffb6f02f74bb08533761f131f26bcf4dfd00a97dbe3ef5,
2016-12-15,legacy,https://nsearchives.nseindia.com/content/historical/DERIVATIVES/2016/DEC/fo15DEC2016bhav.csv.zip,SUCCESS,200,394769,86d7150f8e546694c8f9651bd7e78d38d64ff762a4ddbd448fac6cb1b1525200,
2016-12-12,legacy,https://nsearchives.nseindia.com/content/historical/DERIVATIVES/2016/DEC/fo12DEC2016bhav.csv.zip,SUCCESS,200,392606,234ca945469434f2edcba6f162474e552c98cf525112c9b36f71fbff8d92918f,
2016-11-30,legacy,https://nsearchives.nseindia.com/content/historical/DERIVATIVES/2016/NOV/fo30NOV2016bhav.csv.zip,SUCCESS,200,391570,60db44d7d8325eff324f023f2413c91fa521b2308c38db4de00b92749e4a3575,
2016-12-01,legacy,https://nsearchives.nseindia.com/content/historical/DERIVATIVES/2016/DEC/fo01DEC2016bhav.csv.zip,SUCCESS,200,391605,3912471466c43e9e5e4d641477ca61f369039e26d961394e7f78a8a77bd38867,
2016-11-28,legacy,https://nsearchives.nseindia.com/content/historical/DERIVATIVES/2016/NOV/fo28NOV2016bhav.csv.zip,SUCCESS,200,388545,448d66d983933a6671a67c5e2db030be38d18dee2e0f6b3e0aa653fa39f07570,
2016-11-01,legacy,https://nsearchives.nseindia.com/content/historical/DERIVATIVES/2016/NOV/fo01NOV2016bhav.csv.zip,SUCCESS,200,384032,39d99f2d01561e16075e2b4944f58632f5558007950c8664084d71ef1bab3bbb,
2016-12-21,legacy,https://nsearchives.nseindia.com/content/historical/DERIVATIVES/2016/DEC/fo21DEC2016bhav.csv.zip,SUCCESS,200,394643,db1c98c40b864e21385f6c5f78c03163fb70cb5da70c5559cb744bfe288c02ca,
2016-12-22,legacy,https://nsearchives.nseindia.com/content/historical/DERIVATIVES/2016/DEC/fo22DEC2016bhav.csv.zip,SUCCESS,200,398762,e5fd489a403bd721b29c7a77b6699f87fe16959cc1f8c77b983f7caef35f38cd,
2016-11-25,legacy,https://nsearchives.nseindia.com/content/historical/DERIVATIVES/2016/NOV/fo25NOV2016bhav.csv.zip,SUCCESS,200,388920,df8c81bce5d03567cbebf6ec7f9ce3a0cedbad8fc29f5caf71ae0b9ae2139d15,
2016-11-23,legacy,https://nsearchives.nseindia.com/content/historical/DERIVATIVES/2016/NOV/fo23NOV2016bhav.csv.zip,SUCCESS,200,438789,0b3d00dd737d27ce6a3e515d5a9a8ebf719d9354aca05b211beaded0b533a764,
2016-12-08,legacy,https://nsearchives.nseindia.com/content/historical/DERIVATIVES/2016/DEC/fo08DEC2016bhav.csv.zip,SUCCESS,200,392415,b792e8916dd83cb95da9e5546ff0c4abd46a26b1a8ccf08d5159a427854e8027,
2016-12-27,legacy,https://nsearchives.nseindia.com/content/historical/DERIVATIVES/2016/DEC/fo27DEC2016bhav.csv.zip,SUCCESS,200,408995,7534371cbb264e9f25f94a44272cf3ab410cbde0d2efec074bf7139814f4fd66,
2016-11-08,legacy,https://nsearchives.nseindia.com/content/historical/DERIVATIVES/2016/NOV/fo08NOV2016bhav.csv.zip,SUCCESS,200,395313,ac182c3c37029c63d54d6b9639dc3533cf753af317cd4147c03b79a7485f15c0,
2016-11-11,legacy,https://nsearchives.nseindia.com/content/historical/DERIVATIVES/2016/NOV/fo11NOV2016bhav.csv.zip,SUCCESS,200,414157,0534e060cd36703d764719c62f906f654bdf0404dc12cbe1d5bee7c58e42651b,
2016-08-25,legacy,https://nsearchives.nseindia.com/content/historical/DERIVATIVES/2016/AUG/fo25AUG2016bhav.csv.zip,SUCCESS,200,412853,d18d7e26a90cd5ef0e4278969a04db1f9e860ee489473ce8beb75970506f3187,
2016-12-30,legacy,https://nsearchives.nseindia.com/content/historical/DERIVATIVES/2016/DEC/fo30DEC2016bhav.csv.zip,SUCCESS,200,370434,87d1668d325165313f4511ffaa8e18a2ec451b79132c81ee73f19bb2306024a3,
2016-12-13,legacy,https://nsearchives.nseindia.com/content/historical/DERIVATIVES/2016/DEC/fo13DEC2016bhav.csv.zip,SUCCESS,200,391704,828c5874836aa850b907f839b92c8882f100671b53752719b5e95412ee537e31,
2017-01-04,legacy,https://nsearchives.nseindia.com/content/historical/DERIVATIVES/2017/JAN/fo04JAN2017bhav.csv.zip,SUCCESS,200,375018,023007e001cc53ac475e2ff09b58e81bdfc781e7bbb9cf39696596b61c2cb276,
2016-11-15,legacy,https://nsearchives.nseindia.com/content/historical/DERIVATIVES/2016/NOV/fo15NOV2016bhav.csv.zip,SUCCESS,200,422702,a911022b571d7540b2c5ec53e1a1b84c570373dbca34f65f9c8aad92017f1dff,
2016-12-23,legacy,https://nsearchives.nseindia.com/content/historical/DERIVATIVES/2016/DEC/fo23DEC2016bhav.csv.zip,SUCCESS,200,402021,710ab7aae202839aa52a65088f3f1d1e860ff2e0604431e96b9ca077bff21539,
2016-12-14,legacy,https://nsearchives.nseindia.com/content/historical/DERIVATIVES/2016/DEC/fo14DEC2016bhav.csv.zip,SUCCESS,200,392764,82909f7a0c9bb85b07d24f3812a505ead43d2d1441c0ba06e5e7dc283020d02e,
2017-01-06,legacy,https://nsearchives.nseindia.com/content/historical/DERIVATIVES/2017/JAN/fo06JAN2017bhav.csv.zip,SUCCESS,200,377577,20bfcfea6cb022f279d3a904fd00d6d9c8f1dc8b2c5ab3828a76744179b40611,
2017-01-03,legacy,https://nsearchives.nseindia.com/content/historical/DERIVATIVES/2017/JAN/fo03JAN2017bhav.csv.zip,SUCCESS,200,373073,ee10f9883730c349878b2d834591b6ce97a8d5e57ff00a090edb17e377816213,
2017-01-05,legacy,https://nsearchives.nseindia.com/content/historical/DERIVATIVES/2017/JAN/fo05JAN2017bhav.csv.zip,SUCCESS,200,377243,546b2e863abf9824a3ad79a0e8f8fee101ee2b2cebc2acd2740ba075ec66c938,
2017-01-09,legacy,https://nsearchives.nseindia.com/content/historical/DERIVATIVES/2017/JAN/fo09JAN2017bhav.csv.zip,SUCCESS,200,374618,777e27baeedabb2a17dec1f7fe66083d3d2a39ec1cb71498c01a643415c5b1dd,
2017-01-18,legacy,https://nsearchives.nseindia.com/content/historical/DERIVATIVES/2017/JAN/fo18JAN2017bhav.csv.zip,SUCCESS,200,395104,eff1225a6648027f140ec524f4208b569b3520b212cf50e61bc0537f64c1f117,
2016-12-28,legacy,https://nsearchives.nseindia.com/content/historical/DERIVATIVES/2016/DEC/fo28DEC2016bhav.csv.zip,SUCCESS,200,412339,b91261b484abbeef31614e5b30c15bb1f05fa057569baa0b52e4421051419366,
2017-01-17,legacy,https://nsearchives.nseindia.com/content/historical/DERIVATIVES/2017/JAN/fo17JAN2017bhav.csv.zip,SUCCESS,200,392411,c74bdf421424033db55289b58f1763069e66927f6673febc03c5c4036e906257,
2017-01-24,legacy,https://nsearchives.nseindia.com/content/historical/DERIVATIVES/2017/JAN/fo24JAN2017bhav.csv.zip,SUCCESS,200,406616,2cf5681767a127b6bbdb2c61608b12948f88f682dd54f0803f64cad868e52a07,
2017-01-02,legacy,https://nsearchives.nseindia.com/content/historical/DERIVATIVES/2017/JAN/fo02JAN2017bhav.csv.zip,SUCCESS,200,370016,38d8030a61e8b3c2e24b2280252bf9ed6211d4b81d94ebdadc8dfe894afb8598,
2016-12-26,legacy,https://nsearchives.nseindia.com/content/historical/DERIVATIVES/2016/DEC/fo26DEC2016bhav.csv.zip,SUCCESS,200,405546,e98fdecf5779aeb1ff23a2a03ff91da8772875427eac464fd364362948fd76d6,
2017-01-25,legacy,https://nsearchives.nseindia.com/content/historical/DERIVATIVES/2017/JAN/fo25JAN2017bhav.csv.zip,SUCCESS,200,409339,4d364071c3e1b52f43338650fef57636efb9ca3456f5efd1cd4dd2ca60058687,
2017-01-11,legacy,https://nsearchives.nseindia.com/content/historical/DERIVATIVES/2017/JAN/fo11JAN2017bhav.csv.zip,SUCCESS,200,386362,fa5b1b1a96459339993b93660cd83518283b126ffc70eb9136a633363820c5b8,
2017-01-12,legacy,https://nsearchives.nseindia.com/content/historical/DERIVATIVES/2017/JAN/fo12JAN2017bhav.csv.zip,SUCCESS,200,389053,d8c80c1ac5b8bf2ba5bb10fe1ed5ea975883287b8942701f1cd9be84f8c7e2dd,
2016-12-29,legacy,https://nsearchives.nseindia.com/content/historical/DERIVATIVES/2016/DEC/fo29DEC2016bhav.csv.zip,SUCCESS,200,411400,ee174fcdb07c9a998dba5bf8db97898e50aadf1a4e040a104991f9c4b4f23aa6,
2017-01-27,legacy,https://nsearchives.nseindia.com/content/historical/DERIVATIVES/2017/JAN/fo27JAN2017bhav.csv.zip,SUCCESS,200,365905,e5c7a10008a0b0b9e2baebf6ea50860e08865b0d05e57f89425357bf6e28eea7,
2017-01-19,legacy,https://nsearchives.nseindia.com/content/historical/DERIVATIVES/2017/JAN/fo19JAN2017bhav.csv.zip,SUCCESS,200,394426,bf56a778f8888b5c48ff3d1ffd89fc8c21f11a58f2a31fdce9aa18eb9cf45ddb,
2017-01-16,legacy,https://nsearchives.nseindia.com/content/historical/DERIVATIVES/2017/JAN/fo16JAN2017bhav.csv.zip,SUCCESS,200,389089,3f4566720493a0ccf662e8b41f2dea6380f392e52d0e968683529ac3da8e93b4,
2017-02-08,legacy,https://nsearchives.nseindia.com/content/historical/DERIVATIVES/2017/FEB/fo08FEB2017bhav.csv.zip,SUCCESS,200,382269,685587c7bbad660b5592c43475189ffa598f39e9aacee02781de8a8dc725552d,
2017-01-20,legacy,https://nsearchives.nseindia.com/content/historical/DERIVATIVES/2017/JAN/fo20JAN2017bhav.csv.zip,SUCCESS,200,400013,3ae24a79d5aaede5c1df7da2eab8e50334687cd3b5f36fb8cc08555ce19a8b04,
2017-01-23,legacy,https://nsearchives.nseindia.com/content/historical/DERIVATIVES/2017/JAN/fo23JAN2017bhav.csv.zip,SUCCESS,200,400453,206ff25b1bf828a71e1a2a6d1be23b197b12d9e815b1ba779700abe72d94fb73,
2017-02-15,legacy,https://nsearchives.nseindia.com/content/historical/DERIVATIVES/2017/FEB/fo15FEB2017bhav.csv.zip,SUCCESS,200,390204,7a9c80c61dfbcf6e19c6b0bb2b318b4f01db8509908dda7ce07ec984785a857f,
2017-01-30,legacy,https://nsearchives.nseindia.com/content/historical/DERIVATIVES/2017/JAN/fo30JAN2017bhav.csv.zip,SUCCESS,200,366829,3ff973e9376ab16cc4a63d213fa6af980ec10fadd63e022455360ab2de28271d,
2017-01-10,legacy,https://nsearchives.nseindia.com/content/historical/DERIVATIVES/2017/JAN/fo10JAN2017bhav.csv.zip,SUCCESS,200,377518,88dd6bf83ab41d845e51e8c6088e534cb73a2eb1ad4b98c44e023cdea82ba4c8,
2016-11-03,legacy,https://nsearchives.nseindia.com/content/historical/DERIVATIVES/2016/NOV/fo03NOV2016bhav.csv.zip,SUCCESS,200,392588,52d3859b27ed0e83f1098fde96b718fa647978550ef9dd94258e30e85ce3e2b4,
2017-02-02,legacy,https://nsearchives.nseindia.com/content/historical/DERIVATIVES/2017/FEB/fo02FEB2017bhav.csv.zip,SUCCESS,200,378442,14f5c3fdb5b908e9f33894f0edc26859de893267b24a44091fb13d0387cc9cf8,
2017-02-17,legacy,https://nsearchives.nseindia.com/content/historical/DERIVATIVES/2017/FEB/fo17FEB2017bhav.csv.zip,SUCCESS,200,393478,df991ccf97768d0c22b0dd450604672229bef735f398a0b9977190b9371914d2,
2017-02-13,legacy,https://nsearchives.nseindia.com/content/historical/DERIVATIVES/2017/FEB/fo13FEB2017bhav.csv.zip,SUCCESS,200,385177,1c28432dc16e7d588f3a138683f0b568aa808e3120cfeab5bec6c04dec759004,
2017-02-03,legacy,https://nsearchives.nseindia.com/content/historical/DERIVATIVES/2017/FEB/fo03FEB2017bhav.csv.zip,SUCCESS,200,379375,b1b5812e426b9ef061493fa29d368a1f44c02ca75946f7bc540be2c6fd871be2,
2016-12-06,legacy,https://nsearchives.nseindia.com/content/historical/DERIVATIVES/2016/DEC/fo06DEC2016bhav.csv.zip,SUCCESS,200,388742,594850bcd24dfb3a21bde8710ec0ad891d3c5cc2c6bd1183196118b379944de5,
2017-02-07,legacy,https://nsearchives.nseindia.com/content/historical/DERIVATIVES/2017/FEB/fo07FEB2017bhav.csv.zip,SUCCESS,200,383559,d028530635787292f3285b139250a595fd03e93e6af4475f17a0682a74bcfafd,
2017-02-10,legacy,https://nsearchives.nseindia.com/content/historical/DERIVATIVES/2017/FEB/fo10FEB2017bhav.csv.zip,SUCCESS,200,382189,ff7cfb58881671caaa61cd9083b8df5aaece7c26730d4049f4c8b2c392cebf90,
2017-02-16,legacy,https://nsearchives.nseindia.com/content/historical/DERIVATIVES/2017/FEB/fo16FEB2017bhav.csv.zip,SUCCESS,200,390707,ec2f96f6d2022e6756ec47d59c02a5d4b56bd63c36c54e8a81ce82f48226c714,
2016-10-18,legacy,https://nsearchives.nseindia.com/content/historical/DERIVATIVES/2016/OCT/fo18OCT2016bhav.csv.zip,SUCCESS,200,414338,6d16fd83e1fd3c7e4712692886c924d2d51613d40d74ddb327edd409df991c73,
2017-02-01,legacy,https://nsearchives.nseindia.com/content/historical/DERIVATIVES/2017/FEB/fo01FEB2017bhav.csv.zip,SUCCESS,200,373502,d2aa05206771a6fe6886960e81c7fdc1bc2b72e917d0609b9b2d04a201386f9f,
2017-02-09,legacy,https://nsearchives.nseindia.com/content/historical/DERIVATIVES/2017/FEB/fo09FEB2017bhav.csv.zip,SUCCESS,200,384276,a0a7ab1289e07e31873ae7bdaa67c038977121acdf778d6ad59bf088e4460f28,
2017-03-01,legacy,https://nsearchives.nseindia.com/content/historical/DERIVATIVES/2017/MAR/fo01MAR2017bhav.csv.zip,SUCCESS,200,356986,3ba16b654e7f0f7eaff2e0f0ec8e79376f23ea23e3aeba8edf940ba6ae96bc4c,
2017-02-21,legacy,https://nsearchives.nseindia.com/content/historical/DERIVATIVES/2017/FEB/fo21FEB2017bhav.csv.zip,SUCCESS,200,402891,5f94bf089542dfe4d91ddf0a00b2375e04847737aa6a7afde56abaa615ca0562,
2017-02-06,legacy,https://nsearchives.nseindia.com/content/historical/DERIVATIVES/2017/FEB/fo06FEB2017bhav.csv.zip,SUCCESS,200,381616,1e2175faffecea7f238d5e4a9bc1e2be01a89d85c03e7d38f4a7f05828bc4bb2,
2017-02-28,legacy,https://nsearchives.nseindia.com/content/historical/DERIVATIVES/2017/FEB/fo28FEB2017bhav.csv.zip,SUCCESS,200,356072,3f1f5297cb3600cf1807cd5310451e2aca1d287f9aa901e8b533d5ad0fd8ab88,
2017-03-07,legacy,https://nsearchives.nseindia.com/content/historical/DERIVATIVES/2017/MAR/fo07MAR2017bhav.csv.zip,SUCCESS,200,356856,9aa5296cf9b1213af1e78eefce93328a6e5780161843b6da5bd7b7917268b2e6,
2017-02-20,legacy,https://nsearchives.nseindia.com/content/historical/DERIVATIVES/2017/FEB/fo20FEB2017bhav.csv.zip,SUCCESS,200,396541,71151cfcc59cc28c796bc3f1be3f5521b240e00b809037cace58776082834fd3,
2017-03-06,legacy,https://nsearchives.nseindia.com/content/historical/DERIVATIVES/2017/MAR/fo06MAR2017bhav.csv.zip,SUCCESS,200,358082,f1773e9df3bd08f1739bf268a9a292dde20e5983a65e5f44c594333ab65c8f55,
2017-02-23,legacy,https://nsearchives.nseindia.com/content/historical/DERIVATIVES/2017/FEB/fo23FEB2017bhav.csv.zip,SUCCESS,200,406518,3caecc427b32f5cf5c44318177a740b5fa3b16e3432bf82b1eb667eb05e858b5,
2017-03-02,legacy,https://nsearchives.nseindia.com/content/historical/DERIVATIVES/2017/MAR/fo02MAR2017bhav.csv.zip,SUCCESS,200,361978,98b26467ecc2ee7b14e50fe412744251bc32b2b56b9dc9cdadea17150817a702,
2017-03-03,legacy,https://nsearchives.nseindia.com/content/historical/DERIVATIVES/2017/MAR/fo03MAR2017bhav.csv.zip,SUCCESS,200,358681,1be463d686a3702087338dd88a09d8afab02ce98ec06e9a388145bbe86d60b95,
2017-01-31,legacy,https://nsearchives.nseindia.com/content/historical/DERIVATIVES/2017/JAN/fo31JAN2017bhav.csv.zip,SUCCESS,200,371610,acd085afcc10aaac92e6fc4210eca6450cf082beddc8580e2dedc02256d3b42d,
2017-03-21,legacy,https://nsearchives.nseindia.com/content/historical/DERIVATIVES/2017/MAR/fo21MAR2017bhav.csv.zip,SUCCESS,200,372108,b528437e7b74647748ff282ac10e6bf24ab40cb514a42caa21265a957b0f254e,
2017-02-27,legacy,https://nsearchives.nseindia.com/content/historical/DERIVATIVES/2017/FEB/fo27FEB2017bhav.csv.zip,SUCCESS,200,355665,bae5fd439eade5a7386bfb68948c4e16294a2a2a4eb22a2fdff4f188f8cede52,
2017-03-08,legacy,https://nsearchives.nseindia.com/content/historical/DERIVATIVES/2017/MAR/fo08MAR2017bhav.csv.zip,SUCCESS,200,360611,06602efec2a2710261d1d17d0ac605f40a8f0ca36f32884305c0f2d6f78b5ce9,
2017-03-16,legacy,https://nsearchives.nseindia.com/content/historical/DERIVATIVES/2017/MAR/fo16MAR2017bhav.csv.zip,SUCCESS,200,371945,56bc3af47ff2250dfe82d55fabb46a5998784bab581df445bc4b1e6c4e4b61c1,
2017-03-09,legacy,https://nsearchives.nseindia.com/content/historical/DERIVATIVES/2017/MAR/fo09MAR2017bhav.csv.zip,SUCCESS,200,358513,56e88350e2439183e58d13f42f313406eb8c2a574f3ab6c8871e3d200773918d,
2017-03-28,legacy,https://nsearchives.nseindia.com/content/historical/DERIVATIVES/2017/MAR/fo28MAR2017bhav.csv.zip,SUCCESS,200,384044,3d47b5586370a3605911c78ab0016803f8275953baca80917d40abceee515668,
2017-03-23,legacy,https://nsearchives.nseindia.com/content/historical/DERIVATIVES/2017/MAR/fo23MAR2017bhav.csv.zip,SUCCESS,200,377433,57368c77a38b6e4a4e90d3906c7a15a1c56c76e2d518d19b11ad05aa17fa7046,
2017-03-10,legacy,https://nsearchives.nseindia.com/content/historical/DERIVATIVES/2017/MAR/fo10MAR2017bhav.csv.zip,SUCCESS,200,358951,3a66962d0ee0022edc41ac6a59f7a5e7c702b6c631b5aa75867f248b598d0447,
2017-03-30,legacy,https://nsearchives.nseindia.com/content/historical/DERIVATIVES/2017/MAR/fo30MAR2017bhav.csv.zip,SUCCESS,200,392319,a71388f5103c04c5865ac29cd5838d251e72377d450f0e382db9ad229334ac44,
2017-03-29,legacy,https://nsearchives.nseindia.com/content/historical/DERIVATIVES/2017/MAR/fo29MAR2017bhav.csv.zip,SUCCESS,200,389153,8a07505f658761d2ab1270c4c749a4c7230d4b88fc8cde5119349f4b5505e180,
2017-03-20,legacy,https://nsearchives.nseindia.com/content/historical/DERIVATIVES/2017/MAR/fo20MAR2017bhav.csv.zip,SUCCESS,200,369868,cd3003c4ec0b6d01c6d0bfb8915fe953cd6090746f60a5f8a6326d5e6608d95c,
2017-04-10,legacy,https://nsearchives.nseindia.com/content/historical/DERIVATIVES/2017/APR/fo10APR2017bhav.csv.zip,SUCCESS,200,406948,0a41f44dee88abe097cd68af86e0dd24e85c91f71a2647cb1236d3438a25a12c,
2017-04-05,legacy,https://nsearchives.nseindia.com/content/historical/DERIVATIVES/2017/APR/fo05APR2017bhav.csv.zip,SUCCESS,200,401145,c53cdff154fb093e3ce737263e911a177f013b97801b020435c2cd9c61d24801,
2017-04-11,legacy,https://nsearchives.nseindia.com/content/historical/DERIVATIVES/2017/APR/fo11APR2017bhav.csv.zip,SUCCESS,200,409927,172ef8ae9a427a9d9f2ff19619f7650576bde773dc504f41f1fa2f5e10865cfe,
2017-03-22,legacy,https://nsearchives.nseindia.com/content/historical/DERIVATIVES/2017/MAR/fo22MAR2017bhav.csv.zip,SUCCESS,200,377624,0f94742272736c295d848e0275898a8e1c755526689bbe8de01590d5b1d2cfec,
2017-04-06,legacy,https://nsearchives.nseindia.com/content/historical/DERIVATIVES/2017/APR/fo06APR2017bhav.csv.zip,SUCCESS,200,404520,59b8d04368f348a532c62e6c2862fb50913da453e9eadb09447a350699e4943f,
2017-03-15,legacy,https://nsearchives.nseindia.com/content/historical/DERIVATIVES/2017/MAR/fo15MAR2017bhav.csv.zip,SUCCESS,200,365989,4c9d0317b5db2f5c4697fb3c5a5416abfcd475df8065ec9942b6066113d34c7b,
2017-04-17,legacy,https://nsearchives.nseindia.com/content/historical/DERIVATIVES/2017/APR/fo17APR2017bhav.csv.zip,SUCCESS,200,422766,809b2b69a479c5d3c88e399ad65259ce3be0dd536ca8f932c6f4c9cfc081c98d,
2017-04-07,legacy,https://nsearchives.nseindia.com/content/historical/DERIVATIVES/2017/APR/fo07APR2017bhav.csv.zip,SUCCESS,200,408107,792c88f1d32d5f37336504af038a8f434ff302cd3b61868a25928546f597c231,
2017-04-13,legacy,https://nsearchives.nseindia.com/content/historical/DERIVATIVES/2017/APR/fo13APR2017bhav.csv.zip,SUCCESS,200,416691,916d0e550566b6cc0efaf3973e219b11c1219957a547dd97a80c3750c5668612,
2017-04-21,legacy,https://nsearchives.nseindia.com/content/historical/DERIVATIVES/2017/APR/fo21APR2017bhav.csv.zip,SUCCESS,200,436896,3c8cebb06e542b519db904e634f21584259db83fa4fac0610e08156f58ddaebe,
2016-12-19,legacy,https://nsearchives.nseindia.com/content/historical/DERIVATIVES/2016/DEC/fo19DEC2016bhav.csv.zip,SUCCESS,200,389530,565ba9d857c6fa615826488efab10b772a8a10d801a6ddc2e659888125963ebd,
2017-04-24,legacy,https://nsearchives.nseindia.com/content/historical/DERIVATIVES/2017/APR/fo24APR2017bhav.csv.zip,SUCCESS,200,442323,20a92a16e391d7f9d16e89fb1f9c02d8f1f65921d27e39872f7c5f4e3c89c4d5,
2017-03-24,legacy,https://nsearchives.nseindia.com/content/historical/DERIVATIVES/2017/MAR/fo24MAR2017bhav.csv.zip,SUCCESS,200,380436,659a247ce58ff2263c471e796cc6b9f8eb368981762af6d2c770ecc0eaf20550,
2017-04-20,legacy,https://nsearchives.nseindia.com/content/historical/DERIVATIVES/2017/APR/fo20APR2017bhav.csv.zip,SUCCESS,200,432474,809786e7e120693338f5751b0aff5aec32659646fe7f1b4c209adb93c45dea4a,
2017-03-27,legacy,https://nsearchives.nseindia.com/content/historical/DERIVATIVES/2017/MAR/fo27MAR2017bhav.csv.zip,SUCCESS,200,383262,3759cd4131f32517e9254c895e9670a345c3e74b6acaa299293d0326201e8d42,
2017-04-18,legacy,https://nsearchives.nseindia.com/content/historical/DERIVATIVES/2017/APR/fo18APR2017bhav.csv.zip,SUCCESS,200,431517,098e8a91c28156e897e69df296dd6cb3ef2ee108da8bc4c204f2ee507275c668,
2017-03-31,legacy,https://nsearchives.nseindia.com/content/historical/DERIVATIVES/2017/MAR/fo31MAR2017bhav.csv.zip,SUCCESS,200,391552,4308cc97471d7d723931de1f00bdfac36465f2374d753fb8e64b717bcf235606,
2017-03-17,legacy,https://nsearchives.nseindia.com/content/historical/DERIVATIVES/2017/MAR/fo17MAR2017bhav.csv.zip,SUCCESS,200,372725,d5f192c744296a856706d96ae8e2650851d3ba569370c42e88da188291eb5d01,
2017-05-08,legacy,https://nsearchives.nseindia.com/content/historical/DERIVATIVES/2017/MAY/fo08MAY2017bhav.csv.zip,SUCCESS,200,445396,78d5ee6bf45db60762766077953d06f6ea246ca4f1fec864a0e5751b0dfcd7be,
2017-04-26,legacy,https://nsearchives.nseindia.com/content/historical/DERIVATIVES/2017/APR/fo26APR2017bhav.csv.zip,SUCCESS,200,457710,a7948fac56baf440b911028576ddc19b8b51513de5516433e13521bab6669b18,
2017-05-02,legacy,https://nsearchives.nseindia.com/content/historical/DERIVATIVES/2017/MAY/fo02MAY2017bhav.csv.zip,SUCCESS,200,435280,944d9349103e7c1eb6a51eae8936ff0091523380d7a0469c61511c058df322d7,
2017-03-14,legacy,https://nsearchives.nseindia.com/content/historical/DERIVATIVES/2017/MAR/fo14MAR2017bhav.csv.zip,SUCCESS,200,363537,1b0c19dad969b1ee9a602b1b6012a2f5c0d328b73db726eeca642d49cc7e4e55,
2017-04-28,legacy,https://nsearchives.nseindia.com/content/historical/DERIVATIVES/2017/APR/fo28APR2017bhav.csv.zip,SUCCESS,200,431220,277c9fe9585ed44e89e7e758d047554b93d0e5bcb62cbbd612042eab75595bbf,
2017-05-05,legacy,https://nsearchives.nseindia.com/content/historical/DERIVATIVES/2017/MAY/fo05MAY2017bhav.csv.zip,SUCCESS,200,449683,b3ed83d2941ddd44230da5a1b97e40874c50770b5b1536691e5d4d745e15a8a3,
2017-04-12,legacy,https://nsearchives.nseindia.com/content/historical/DERIVATIVES/2017/APR/fo12APR2017bhav.csv.zip,SUCCESS,200,415501,2d27031ed7ae0a658dd7f21d7f9d88512ff70d95ad9ab0059fec5786a78373b4,
2017-05-03,legacy,https://nsearchives.nseindia.com/content/historical/DERIVATIVES/2017/MAY/fo03MAY2017bhav.csv.zip,SUCCESS,200,439429,ee3aa359063929c802ddd5e310141cf5df60348bb005f824a0614e86647e36af,
2017-04-19,legacy,https://nsearchives.nseindia.com/content/historical/DERIVATIVES/2017/APR/fo19APR2017bhav.csv.zip,SUCCESS,200,430240,d9e989dd87f646c081bdcbe16b2e3ebe0c026e2aab0edd3ccc6d7a5fad5fa451,
2017-04-25,legacy,https://nsearchives.nseindia.com/content/historical/DERIVATIVES/2017/APR/fo25APR2017bhav.csv.zip,SUCCESS,200,449798,c419845fabe992dfb59639f90360b933afcc28659da3d2fcc07abbc77129ed5a,
2017-05-16,legacy,https://nsearchives.nseindia.com/content/historical/DERIVATIVES/2017/MAY/fo16MAY2017bhav.csv.zip,SUCCESS,200,464404,181d7d9cdd8dc5d46e55df80aec674cc0c0a2347d21d120ac672da3cf5eb94e5,
2017-05-04,legacy,https://nsearchives.nseindia.com/content/historical/DERIVATIVES/2017/MAY/fo04MAY2017bhav.csv.zip,SUCCESS,200,440883,9070547b96a25064e68a3a0c79385de6ade939068e1e2a77626403f13f7614cd,
2017-05-09,legacy,https://nsearchives.nseindia.com/content/historical/DERIVATIVES/2017/MAY/fo09MAY2017bhav.csv.zip,SUCCESS,200,448854,bd509c4c4ceb3a9f675b36a722c16805827f04ed7be87a7b73461c3d88963be3,
2017-05-10,legacy,https://nsearchives.nseindia.com/content/historical/DERIVATIVES/2017/MAY/fo10MAY2017bhav.csv.zip,SUCCESS,200,452696,95bfaadc78c8ae3a7de20f210bf26e173702382b6d2bce168842dad31dc54700,
2017-05-11,legacy,https://nsearchives.nseindia.com/content/historical/DERIVATIVES/2017/MAY/fo11MAY2017bhav.csv.zip,SUCCESS,200,457981,16d8dc280543424394578c4efe807d14ea44a070fc811c89970ab0b469c84990,
2017-05-23,legacy,https://nsearchives.nseindia.com/content/historical/DERIVATIVES/2017/MAY/fo23MAY2017bhav.csv.zip,SUCCESS,200,487810,6d7b09f486df953cbcd2616dde490eee5c409b08cddcd1db144cff28ff468b1d,
2017-05-22,legacy,https://nsearchives.nseindia.com/content/historical/DERIVATIVES/2017/MAY/fo22MAY2017bhav.csv.zip,SUCCESS,200,478915,cca12de0aa3681fbfae9d9234025bc3f1ecec2efa7b4be6a3e84f4c32e24dcc4,
2017-05-12,legacy,https://nsearchives.nseindia.com/content/historical/DERIVATIVES/2017/MAY/fo12MAY2017bhav.csv.zip,SUCCESS,200,460179,a89713ce3d4ef21701940d1c26bdfd28e3b4d8bfd942e1a928a0ed9bb9d28db3,
2017-05-26,legacy,https://nsearchives.nseindia.com/content/historical/DERIVATIVES/2017/MAY/fo26MAY2017bhav.csv.zip,SUCCESS,200,450544,8c0df0a2b97903068f189c959e170d29c685cbb154f8855e6af87f40fc4b9a46,
2017-05-24,legacy,https://nsearchives.nseindia.com/content/historical/DERIVATIVES/2017/MAY/fo24MAY2017bhav.csv.zip,SUCCESS,200,493888,a2d5d157582d45b1f6405dd2436bd05464ef8031df869ef80cb4677aa4d16195,
2017-05-17,legacy,https://nsearchives.nseindia.com/content/historical/DERIVATIVES/2017/MAY/fo17MAY2017bhav.csv.zip,SUCCESS,200,466302,2bad9994202cba806ee3de7bc031d985419146dec3d8b371bff993fadb02c931,
2017-06-09,legacy,https://nsearchives.nseindia.com/content/historical/DERIVATIVES/2017/JUN/fo09JUN2017bhav.csv.zip,SUCCESS,200,465003,0c9b18bbb6d71b4edd2ee42b9c43d7588100e715b1d5bbcbffec8b2d6992eb40,
2017-06-07,legacy,https://nsearchives.nseindia.com/content/historical/DERIVATIVES/2017/JUN/fo07JUN2017bhav.csv.zip,SUCCESS,200,460581,382da91dd9aaaf3d82c8a0941078cdbfeca3ed5d8596b4a837e9d615718cf8ac,
2017-05-18,legacy,https://nsearchives.nseindia.com/content/historical/DERIVATIVES/2017/MAY/fo18MAY2017bhav.csv.zip,SUCCESS,200,475809,554c6c1a7560481185ab112be86464daf4b0015c7c3a7318a1b8ce77f6ed465c,
2017-02-14,legacy,https://nsearchives.nseindia.com/content/historical/DERIVATIVES/2017/FEB/fo14FEB2017bhav.csv.zip,SUCCESS,200,384733,57329d5a2cfd4dde5dc7655430fe1340e9b9501b0c779efb3ff30ce6eb239889,
2017-05-19,legacy,https://nsearchives.nseindia.com/content/historical/DERIVATIVES/2017/MAY/fo19MAY2017bhav.csv.zip,SUCCESS,200,478118,aab2bbf8b6a46621e9ff54fc460018ffc6d1ea76f704a657f3d1c232933b02d5,
2017-05-29,legacy,https://nsearchives.nseindia.com/content/historical/DERIVATIVES/2017/MAY/fo29MAY2017bhav.csv.zip,SUCCESS,200,455252,679089caa46dba4c1cb908d41c7e4ff4323cf38ae06a28443210fb7fc1266f74,
2017-06-06,legacy,https://nsearchives.nseindia.com/content/historical/DERIVATIVES/2017/JUN/fo06JUN2017bhav.csv.zip,SUCCESS,200,460138,d096cadd794aea7382d91d0533266e29cbd794cd3b60f854d22182f6b0e0c81d,
2017-05-31,legacy,https://nsearchives.nseindia.com/content/historical/DERIVATIVES/2017/MAY/fo31MAY2017bhav.csv.zip,SUCCESS,200,456988,778cd9d3ce2068f88266ec8ec4aaa2d0d6757ea9d06f21bc2c3ee1e0759e79ef,
2017-05-25,legacy,https://nsearchives.nseindia.com/content/historical/DERIVATIVES/2017/MAY/fo25MAY2017bhav.csv.zip,SUCCESS,200,497746,df6ecfdcbf8123a1484c8f0711807cd83d140063586c9bf913d40082d58f5892,
2016-08-19,legacy,https://nsearchives.nseindia.com/content/historical/DERIVATIVES/2016/AUG/fo19AUG2016bhav.csv.zip,SUCCESS,200,406633,424305de0428756e05f163ed85e9457aef6e749bd3256e95abfb90717b109df3,
2017-06-08,legacy,https://nsearchives.nseindia.com/content/historical/DERIVATIVES/2017/JUN/fo08JUN2017bhav.csv.zip,SUCCESS,200,462087,d4b408e2c46e647e8d8c9c728bb613fb328996d95309df712ee1d250edf28ebe,
2017-06-01,legacy,https://nsearchives.nseindia.com/content/historical/DERIVATIVES/2017/JUN/fo01JUN2017bhav.csv.zip,SUCCESS,200,455821,046109603b5635ab1ae27bbba23051054db0e8b44ba4244a0cfa5f7462703b48,
2017-06-15,legacy,https://nsearchives.nseindia.com/content/historical/DERIVATIVES/2017/JUN/fo15JUN2017bhav.csv.zip,SUCCESS,200,472814,f95d5d85a729ea09c067e0be8c1e8d7adbdb92f101a5d55f440f4c90a2b395ef,
2017-07-03,legacy,https://nsearchives.nseindia.com/content/historical/DERIVATIVES/2017/JUL/fo03JUL2017bhav.csv.zip,SUCCESS,200,455282,5cd86d3bc91035650e0bbe80c438744645a57bb7d0412a3a2a3ca152db1aafdc,
2017-06-22,legacy,https://nsearchives.nseindia.com/content/historical/DERIVATIVES/2017/JUN/fo22JUN2017bhav.csv.zip,SUCCESS,200,482698,edba78867dde216e3cad8a436c93cac50fc0084a85f58906012c6497520ab90b,
2017-06-16,legacy,https://nsearchives.nseindia.com/content/historical/DERIVATIVES/2017/JUN/fo16JUN2017bhav.csv.zip,SUCCESS,200,473329,0c22bc98dc9329bbf1d16d3a2f63cb09dfa0b0c293953377a69ed28da84f0435,
2017-06-13,legacy,https://nsearchives.nseindia.com/content/historical/DERIVATIVES/2017/JUN/fo13JUN2017bhav.csv.zip,SUCCESS,200,469181,3f36fc9e6e045ed253f27908d8ea5b9a49d40b57f27f0f18019916df8673637f,
2017-06-19,legacy,https://nsearchives.nseindia.com/content/historical/DERIVATIVES/2017/JUN/fo19JUN2017bhav.csv.zip,SUCCESS,200,471810,14391f27e69f2c399da7a7673a62bff92a163d4367f1f744a41251f6aaab64bf,
2017-06-14,legacy,https://nsearchives.nseindia.com/content/historical/DERIVATIVES/2017/JUN/fo14JUN2017bhav.csv.zip,SUCCESS,200,470662,b6a43567d5c55619247d2d8249b34815cb8551ef4b15113ae604652b8c355fc8,
2017-06-20,legacy,https://nsearchives.nseindia.com/content/historical/DERIVATIVES/2017/JUN/fo20JUN2017bhav.csv.zip,SUCCESS,200,474003,f925c4219c4a240f7fd064c8e514c3cc141e86424d3846f43a18682351683c85,
2017-06-29,legacy,https://nsearchives.nseindia.com/content/historical/DERIVATIVES/2017/JUN/fo29JUN2017bhav.csv.zip,SUCCESS,200,498097,91f3e63353fef25bb1b3a3494eb29b384bb96ebff59580e2e6ca5528207984e4,
2017-06-02,legacy,https://nsearchives.nseindia.com/content/historical/DERIVATIVES/2017/JUN/fo02JUN2017bhav.csv.zip,SUCCESS,200,457311,f2572399a1de00146e995ca5c8ec1f488fce70aa818f880a84fef41cbc060963,
2017-06-12,legacy,https://nsearchives.nseindia.com/content/historical/DERIVATIVES/2017/JUN/fo12JUN2017bhav.csv.zip,SUCCESS,200,469261,2f64603157cb58f83ff811063a4699669360df4973f38b7f5b6050b490c491d8,
2017-05-15,legacy,https://nsearchives.nseindia.com/content/historical/DERIVATIVES/2017/MAY/fo15MAY2017bhav.csv.zip,SUCCESS,200,458643,ff88f924536534e75c96e67a082acd71c046b1204cf1285c8e17748d1b5e088b,
2017-06-27,legacy,https://nsearchives.nseindia.com/content/historical/DERIVATIVES/2017/JUN/fo27JUN2017bhav.csv.zip,SUCCESS,200,491213,0a1693dc9ef13d67432b3ff115d742bf7e77e0a89d38df539aea0149bbc809ab,
2017-06-21,legacy,https://nsearchives.nseindia.com/content/historical/DERIVATIVES/2017/JUN/fo21JUN2017bhav.csv.zip,SUCCESS,200,476849,cfcf91e09bfdfb5bd91e1e60f33234456ec4e6c109382c5433c66dc4ecee40da,
2017-06-23,legacy,https://nsearchives.nseindia.com/content/historical/DERIVATIVES/2017/JUN/fo23JUN2017bhav.csv.zip,SUCCESS,200,489060,780d6350cdf3a1b0b86173155739c40e99049835228d6e3af8af88a8b91f90f1,
2017-07-07,legacy,https://nsearchives.nseindia.com/content/historical/DERIVATIVES/2017/JUL/fo07JUL2017bhav.csv.zip,SUCCESS,200,460765,a7597b82823a9de81c65fdf6081df3131fd819d7eedac8e7a01bd730f0632f4b,
2017-04-27,legacy,https://nsearchives.nseindia.com/content/historical/DERIVATIVES/2017/APR/fo27APR2017bhav.csv.zip,SUCCESS,200,461800,78dc3f3a36f547a4f0984a9c4c86d68f4cac696fd2da9f800f9059e531d26501,
2017-07-13,legacy,https://nsearchives.nseindia.com/content/historical/DERIVATIVES/2017/JUL/fo13JUL2017bhav.csv.zip,SUCCESS,200,471140,f839b5ed7eb2e198e41d41e177c99b10d174825fb82a9d9e6295f6bdaf5f7361,
2016-12-16,legacy,https://nsearchives.nseindia.com/content/historical/DERIVATIVES/2016/DEC/fo16DEC2016bhav.csv.zip,ERROR,0,0,,"HTTPSConnectionPool(host='nsearchives.nseindia.com', port=443): Read timed out."
2017-01-13,legacy,https://nsearchives.nseindia.com/content/historical/DERIVATIVES/2017/JAN/fo13JAN2017bhav.csv.zip,ERROR,0,0,,"HTTPSConnectionPool(host='nsearchives.nseindia.com', port=443): Read timed out. (read timeout=15)"
2017-07-10,legacy,https://nsearchives.nseindia.com/content/historical/DERIVATIVES/2017/JUL/fo10JUL2017bhav.csv.zip,SUCCESS,200,456876,702b73efe5c3b1c200b304bac226ea2131deb9bdbb0dad1d6c5723a6e50d1275,
2017-07-12,legacy,https://nsearchives.nseindia.com/content/historical/DERIVATIVES/2017/JUL/fo12JUL2017bhav.csv.zip,SUCCESS,200,467618,963fea8a8a80257a7e13c3cb79a70123c512182e9f89d0e342f72c5799da673b,
2017-07-28,legacy,https://nsearchives.nseindia.com/content/historical/DERIVATIVES/2017/JUL/fo28JUL2017bhav.csv.zip,SUCCESS,200,453223,7554459733ea7bcb13fecea990806907e21ef0b92d1cafed04c2af733f8bd8a1,
2017-07-24,legacy,https://nsearchives.nseindia.com/content/historical/DERIVATIVES/2017/JUL/fo24JUL2017bhav.csv.zip,SUCCESS,200,488997,0b17df4f12045a272baedf1c02c363cad9a133cc59c6ada4fdbd58ec1c3516ed,
2017-07-25,legacy,https://nsearchives.nseindia.com/content/historical/DERIVATIVES/2017/JUL/fo25JUL2017bhav.csv.zip,SUCCESS,200,492788,c448b0419f15a699c76b57dc25be5547fd7a6766045cc28ee5d8cc868858620a,
2017-06-05,legacy,https://nsearchives.nseindia.com/content/historical/DERIVATIVES/2017/JUN/fo05JUN2017bhav.csv.zip,SUCCESS,200,457156,0e419e50c4c5969eb026c2611dfd132bede289342e1392c5f7e3ed93174b88b8,
2017-07-27,legacy,https://nsearchives.nseindia.com/content/historical/DERIVATIVES/2017/JUL/fo27JUL2017bhav.csv.zip,SUCCESS,200,505951,8a5960f62938f9a46b138ae100905abff153ee817eb8179e5e7de06c5596bf7d,
2017-07-19,legacy,https://nsearchives.nseindia.com/content/historical/DERIVATIVES/2017/JUL/fo19JUL2017bhav.csv.zip,SUCCESS,200,481930,5e08c2705b62914c5f962f320dd1b11a9e1da389e8f2c0c28606e7e74e9c391e,
2017-07-17,legacy,https://nsearchives.nseindia.com/content/historical/DERIVATIVES/2017/JUL/fo17JUL2017bhav.csv.zip,SUCCESS,200,476211,e148d3ab6773e11b2b02373002965f238f08b62d093ed2af78692e7fba75ebbe,
2017-07-04,legacy,https://nsearchives.nseindia.com/content/historical/DERIVATIVES/2017/JUL/fo04JUL2017bhav.csv.zip,SUCCESS,200,459641,e4b9f32671149d935b032a8a4206c4e439fbf06c27f21ba103c58506ca491a3f,
2017-07-06,legacy,https://nsearchives.nseindia.com/content/historical/DERIVATIVES/2017/JUL/fo06JUL2017bhav.csv.zip,SUCCESS,200,462083,4dc84013b230a6ad63b0ab32a5a02ab285669efd27390d40d77e3400e02bffea,
2017-07-14,legacy,https://nsearchives.nseindia.com/content/historical/DERIVATIVES/2017/JUL/fo14JUL2017bhav.csv.zip,SUCCESS,200,474093,3f7a67f27f81bd3b88d447d5092e1fb3d778a313d9a0858bc06bedd789002c6f,
2017-08-03,legacy,https://nsearchives.nseindia.com/content/historical/DERIVATIVES/2017/AUG/fo03AUG2017bhav.csv.zip,SUCCESS,200,466686,debf4740dfd7606d52fbc21ad9ce587f467776ffb80da77b7eb0eabda903f433,
2017-07-11,legacy,https://nsearchives.nseindia.com/content/historical/DERIVATIVES/2017/JUL/fo11JUL2017bhav.csv.zip,SUCCESS,200,466965,65716612fab2ab6007075c97ea0580319c59bc2e50d7bba2a3ceb206ac6e3423,
2017-05-30,legacy,https://nsearchives.nseindia.com/content/historical/DERIVATIVES/2017/MAY/fo30MAY2017bhav.csv.zip,SUCCESS,200,454982,925927046583cce51c77cb637c68958bb5109a951fe84d3b1a5d52b0995bf40e,
2017-07-18,legacy,https://nsearchives.nseindia.com/content/historical/DERIVATIVES/2017/JUL/fo18JUL2017bhav.csv.zip,SUCCESS,200,481574,d8c23305825c6c0989053ec50bc7de3845216829a873c4f8691730f97e095a28,
2017-08-01,legacy,https://nsearchives.nseindia.com/content/historical/DERIVATIVES/2017/AUG/fo01AUG2017bhav.csv.zip,SUCCESS,200,457512,8d5ca038617f4436fc66ecfce61e352fbb86e12bd71ee93fee9b7f7c87c1161e,
2017-08-07,legacy,https://nsearchives.nseindia.com/content/historical/DERIVATIVES/2017/AUG/fo07AUG2017bhav.csv.zip,SUCCESS,200,469061,83ddb3e8745b23263f43833001da2645a76af37331b16ed17db176c0890acf93,
2017-07-21,legacy,https://nsearchives.nseindia.com/content/historical/DERIVATIVES/2017/JUL/fo21JUL2017bhav.csv.zip,SUCCESS,200,489589,73e7f4c753e2a74df82568007366efc1e7ad1739c936718fd821788e84d478e3,
2017-07-31,legacy,https://nsearchives.nseindia.com/content/historical/DERIVATIVES/2017/JUL/fo31JUL2017bhav.csv.zip,SUCCESS,200,454772,5c90af3b33b25d3c56fd8016e208300828355e084712b1d6967ce778c5704a4a,
2017-07-05,legacy,https://nsearchives.nseindia.com/content/historical/DERIVATIVES/2017/JUL/fo05JUL2017bhav.csv.zip,SUCCESS,200,458555,1c7ab56cd0f01a4cbde10739b8c5e484774b8e0fc56e84cc551267a17559def2,
2017-08-11,legacy,https://nsearchives.nseindia.com/content/historical/DERIVATIVES/2017/AUG/fo11AUG2017bhav.csv.zip,SUCCESS,200,493731,eece8593a9ae0d85d0ccfee9834fdb4dda2e4079354ba16eeec2d5ed8ca8683f,
2017-07-26,legacy,https://nsearchives.nseindia.com/content/historical/DERIVATIVES/2017/JUL/fo26JUL2017bhav.csv.zip,SUCCESS,200,498666,32b00b22d78d5229c824cf5eb04905399d820332e39adab72231471f1fd4c323,
2017-08-17,legacy,https://nsearchives.nseindia.com/content/historical/DERIVATIVES/2017/AUG/fo17AUG2017bhav.csv.zip,SUCCESS,200,492378,349ed78485689bbc47c477ca3b974198678b4147da20e66739d2c8e1153e3221,
2017-07-20,legacy,https://nsearchives.nseindia.com/content/historical/DERIVATIVES/2017/JUL/fo20JUL2017bhav.csv.zip,SUCCESS,200,485035,980c479210714c6a7c39e98efbbdb6193c2ff99514d88f7247d37e0544a1c034,
2017-08-14,legacy,https://nsearchives.nseindia.com/content/historical/DERIVATIVES/2017/AUG/fo14AUG2017bhav.csv.zip,SUCCESS,200,491103,92ddc17a9a7be5115bf20bad758a7737432d0ec3d496e687683283fffaeae7eb,
2017-08-04,legacy,https://nsearchives.nseindia.com/content/historical/DERIVATIVES/2017/AUG/fo04AUG2017bhav.csv.zip,SUCCESS,200,466394,8f4b7609be602416e5f7e591d962ef94e8c3b534e3ec86aa5fecea01ba308df7,
2017-08-10,legacy,https://nsearchives.nseindia.com/content/historical/DERIVATIVES/2017/AUG/fo10AUG2017bhav.csv.zip,SUCCESS,200,490212,397cff3c0e7f999da4802da266f00622981596e515f13dc796521cef45ecd35b,
2017-08-08,legacy,https://nsearchives.nseindia.com/content/historical/DERIVATIVES/2017/AUG/fo08AUG2017bhav.csv.zip,SUCCESS,200,476237,7f25e293a30645c74877d2c6951bbe73b6c86a18bf2671d9a9f5a3d03d3e5787,
2017-06-28,legacy,https://nsearchives.nseindia.com/content/historical/DERIVATIVES/2017/JUN/fo28JUN2017bhav.csv.zip,SUCCESS,200,496176,a0597525657f915a00e853f9d2aa381d68c9ce6742bf63420463cc51f7edbb09,
2017-08-23,legacy,https://nsearchives.nseindia.com/content/historical/DERIVATIVES/2017/AUG/fo23AUG2017bhav.csv.zip,SUCCESS,200,497086,86b255fdb5f0a39fd26373ed5792e9b8e3855107d47bc11abfad44e0db19e608,
2017-08-02,legacy,https://nsearchives.nseindia.com/content/historical/DERIVATIVES/2017/AUG/fo02AUG2017bhav.csv.zip,SUCCESS,200,460429,df4605621d7163465a57f74cefad54ada3dd5af0dd3dc506655a87529ae40817,
2017-08-09,legacy,https://nsearchives.nseindia.com/content/historical/DERIVATIVES/2017/AUG/fo09AUG2017bhav.csv.zip,SUCCESS,200,481169,dd50f2d031ebbbd9d9ddf1c55ac4a5cc7a1fe641ab3e0085c7b9e7bd96c0d60d,
2017-06-30,legacy,https://nsearchives.nseindia.com/content/historical/DERIVATIVES/2017/JUN/fo30JUN2017bhav.csv.zip,SUCCESS,200,454353,0d0b6814b80e5e04dbea02c1942a97b837caf3dbc77614e5d22f7757be9236a5,
2017-04-03,legacy,https://nsearchives.nseindia.com/content/historical/DERIVATIVES/2017/APR/fo03APR2017bhav.csv.zip,ERROR,0,0,,"HTTPSConnectionPool(host='nsearchives.nseindia.com', port=443): Read timed out. (read timeout=15)"
2017-08-16,legacy,https://nsearchives.nseindia.com/content/historical/DERIVATIVES/2017/AUG/fo16AUG2017bhav.csv.zip,SUCCESS,200,493711,0cc418970763c4c9fda810cef16936477c92ffd1be1b22a264032711e4870423,
2017-08-22,legacy,https://nsearchives.nseindia.com/content/historical/DERIVATIVES/2017/AUG/fo22AUG2017bhav.csv.zip,SUCCESS,200,495801,22c0019f86e3b85d654ded00086893976cd3a6e9727d35bff0d4df8a478a8658,
2017-09-05,legacy,https://nsearchives.nseindia.com/content/historical/DERIVATIVES/2017/SEP/fo05SEP2017bhav.csv.zip,SUCCESS,200,452458,ea5efc128d920fcf9b67a98c9a01e6c04cc2652ca654a6befd8fe0b71894bf19,
2017-09-18,legacy,https://nsearchives.nseindia.com/content/historical/DERIVATIVES/2017/SEP/fo18SEP2017bhav.csv.zip,SUCCESS,200,470069,5ce6ef352f6e04486add3ce28630c12c715e467960c839a08dbb8e1775015b5d,
2017-08-24,legacy,https://nsearchives.nseindia.com/content/historical/DERIVATIVES/2017/AUG/fo24AUG2017bhav.csv.zip,SUCCESS,200,497669,4c253a9ae41e707a4b9fedaf01242c1939bc5bbd83292f1548e265db8c0d6b88,
2017-09-06,legacy,https://nsearchives.nseindia.com/content/historical/DERIVATIVES/2017/SEP/fo06SEP2017bhav.csv.zip,SUCCESS,200,454651,264058c778484a2c48f387d0550ea8f3f0bc0ea8a6fb41c933b4160e44dc91e5,
2017-08-28,legacy,https://nsearchives.nseindia.com/content/historical/DERIVATIVES/2017/AUG/fo28AUG2017bhav.csv.zip,SUCCESS,200,498117,1cbe56570df6143cdedbf45ffe8a7692b176a243c5b3775f5a9008f6027ce88e,
2017-09-11,legacy,https://nsearchives.nseindia.com/content/historical/DERIVATIVES/2017/SEP/fo11SEP2017bhav.csv.zip,SUCCESS,200,462951,2339359a5bc3a675bf8c83312f11d3f5b8f9af0b4cac2511a4f70f4ed8a58538,
2017-09-01,legacy,https://nsearchives.nseindia.com/content/historical/DERIVATIVES/2017/SEP/fo01SEP2017bhav.csv.zip,SUCCESS,200,451371,ff874582b55a5c9a5a8d475fbe181494287caa33cea183232758606f339948e5,
2017-08-31,legacy,https://nsearchives.nseindia.com/content/historical/DERIVATIVES/2017/AUG/fo31AUG2017bhav.csv.zip,SUCCESS,200,509845,765a996db8ea3611fb1c72ee1eaec377bce5ed4e2739074d658bd6b6b9ba866f,
2017-02-22,legacy,https://nsearchives.nseindia.com/content/historical/DERIVATIVES/2017/FEB/fo22FEB2017bhav.csv.zip,SUCCESS,200,407263,a50fc3fcffbb5e1ffe93a9f87921ae52cda5e5e17f06cbfeef9b920c1c845623,
2017-08-30,legacy,https://nsearchives.nseindia.com/content/historical/DERIVATIVES/2017/AUG/fo30AUG2017bhav.csv.zip,SUCCESS,200,505310,1c6cd66e22c2d38ea5d236c3a68a4e83277e566a1f3393de3e2762a9e33c86ad,
2017-08-18,legacy,https://nsearchives.nseindia.com/content/historical/DERIVATIVES/2017/AUG/fo18AUG2017bhav.csv.zip,SUCCESS,200,493044,f5a1aeade3db2a0b1da1dcbb692b46fdc0ef2c4d13b8513c5d1d159090145b2a,
2017-09-29,legacy,https://nsearchives.nseindia.com/content/historical/DERIVATIVES/2017/SEP/fo29SEP2017bhav.csv.zip,SUCCESS,200,458867,caa561e5df2d9b5a44ecce63fb00e5f544f3cfc729be72e79b85e6942ae6fd36,
2017-09-28,legacy,https://nsearchives.nseindia.com/content/historical/DERIVATIVES/2017/SEP/fo28SEP2017bhav.csv.zip,SUCCESS,200,503996,590b017176697c77dcffaaa38705e0d61f800b3edd8d33ce77fcc46c63026c6c,
2017-09-08,legacy,https://nsearchives.nseindia.com/content/historical/DERIVATIVES/2017/SEP/fo08SEP2017bhav.csv.zip,SUCCESS,200,461700,99162c35c623413d699894071ecff1812ea3720a0ef52d1b8bd391df7ee4f5a2,
2017-08-21,legacy,https://nsearchives.nseindia.com/content/historical/DERIVATIVES/2017/AUG/fo21AUG2017bhav.csv.zip,SUCCESS,200,494062,feb6e4508d65c10785a398d73e52432a7c67d22b2a98d2e441a6ee60a9aefdb6,
2017-09-13,legacy,https://nsearchives.nseindia.com/content/historical/DERIVATIVES/2017/SEP/fo13SEP2017bhav.csv.zip,SUCCESS,200,473623,1295784e533fbad85344bed12f7e906313da98c6daf1f822e2440f2ab2871fa1,
2017-09-21,legacy,https://nsearchives.nseindia.com/content/historical/DERIVATIVES/2017/SEP/fo21SEP2017bhav.csv.zip,SUCCESS,200,479374,37383faa0bd3b9de3aa7cb26ddf68f0c49292803df0430f1caf80bf941060c39,
2017-08-29,legacy,https://nsearchives.nseindia.com/content/historical/DERIVATIVES/2017/AUG/fo29AUG2017bhav.csv.zip,SUCCESS,200,503092,ddb7a8c57681805a06c9004e523806097d9591e02b94ff59993e41006bd3d8a5,
2017-09-22,legacy,https://nsearchives.nseindia.com/content/historical/DERIVATIVES/2017/SEP/fo22SEP2017bhav.csv.zip,SUCCESS,200,489458,0f870d9c81667b4926cc1e1fc3d8a23370073beaf108b7fa1eadcb553ff71092,
2017-09-15,legacy,https://nsearchives.nseindia.com/content/historical/DERIVATIVES/2017/SEP/fo15SEP2017bhav.csv.zip,SUCCESS,200,470875,df8009b668feae23d5275e39a882aea7793fdac91a84512445a09776113c4ddb,
2017-09-04,legacy,https://nsearchives.nseindia.com/content/historical/DERIVATIVES/2017/SEP/fo04SEP2017bhav.csv.zip,SUCCESS,200,454913,568c9dca12e8b985c5bbdda9588ba4c4cff957828c8c893814dd09d4e302ca3f,
2017-09-12,legacy,https://nsearchives.nseindia.com/content/historical/DERIVATIVES/2017/SEP/fo12SEP2017bhav.csv.zip,SUCCESS,200,467967,627e322ed6bf1da32c4ee930f6c895ed606804868e38e88100ed1d21813d5033,
2017-09-14,legacy,https://nsearchives.nseindia.com/content/historical/DERIVATIVES/2017/SEP/fo14SEP2017bhav.csv.zip,SUCCESS,200,470715,43a11231bf902040018aa8c19c085f1e2444c08b1a9d3d61fa358b966b53f2b0,
2017-09-27,legacy,https://nsearchives.nseindia.com/content/historical/DERIVATIVES/2017/SEP/fo27SEP2017bhav.csv.zip,SUCCESS,200,497781,4dffb0009a3444ac9432d29666b9a3f1a1cc46f572f5f79ff8daf2b4455895a2,
2017-10-12,legacy,https://nsearchives.nseindia.com/content/historical/DERIVATIVES/2017/OCT/fo12OCT2017bhav.csv.zip,SUCCESS,200,469545,2984a0e9b7b729378eb44f1de0b956ac81367a96cbefad0c48972f5cc2937b7d,
2017-10-04,legacy,https://nsearchives.nseindia.com/content/historical/DERIVATIVES/2017/OCT/fo04OCT2017bhav.csv.zip,SUCCESS,200,459063,45d50231e59c0507712a0f3b247d431f584e7955d9afdebc70606933b68daa98,
2017-10-09,legacy,https://nsearchives.nseindia.com/content/historical/DERIVATIVES/2017/OCT/fo09OCT2017bhav.csv.zip,SUCCESS,200,464771,bcb1564721e7fac007199b877111e60bf864f07a878764885b6e943e77baa0ac,
2017-09-20,legacy,https://nsearchives.nseindia.com/content/historical/DERIVATIVES/2017/SEP/fo20SEP2017bhav.csv.zip,SUCCESS,200,473125,f68fa8db2bd21f4a0debc6494e1c99a5ebd4e32f2514a878a7123b880b51f035,
2017-10-13,legacy,https://nsearchives.nseindia.com/content/historical/DERIVATIVES/2017/OCT/fo13OCT2017bhav.csv.zip,SUCCESS,200,473083,b3e4f380ef7d9b8eb7290a135ebfeda7d74df705a6b490a080cc1622575151ec,
2017-10-10,legacy,https://nsearchives.nseindia.com/content/historical/DERIVATIVES/2017/OCT/fo10OCT2017bhav.csv.zip,SUCCESS,200,465870,799a7fb94bcba9fe3f31d86d7ec02e4a458281174919e97ceeb342e0314f3a80,
2017-10-25,legacy,https://nsearchives.nseindia.com/content/historical/DERIVATIVES/2017/OCT/fo25OCT2017bhav.csv.zip,SUCCESS,200,501129,ccae2b1b6601626bf94abb3aa8d7dec4c7d078a8dce40ca5245b47c21d1b8aa1,
2017-11-03,legacy,https://nsearchives.nseindia.com/content/historical/DERIVATIVES/2017/NOV/fo03NOV2017bhav.csv.zip,SUCCESS,200,471633,5e517c005f41cb7301a4eab7fdf5e75aff739cc4a23efa4330e488d54f08ec72,
2017-10-03,legacy,https://nsearchives.nseindia.com/content/historical/DERIVATIVES/2017/OCT/fo03OCT2017bhav.csv.zip,SUCCESS,200,457746,36fb1775c1e34b295ffa6413a63b2149ddb2c130be0abd9221d7c0b7e35a15d2,
2017-09-26,legacy,https://nsearchives.nseindia.com/content/historical/DERIVATIVES/2017/SEP/fo26SEP2017bhav.csv.zip,SUCCESS,200,492596,ba45560fe18f725f12ec183bbab52996fe98684f0991e36d303f2e6bfebe7e7a,
2017-10-17,legacy,https://nsearchives.nseindia.com/content/historical/DERIVATIVES/2017/OCT/fo17OCT2017bhav.csv.zip,SUCCESS,200,477448,a66dd5e6c7f4234130156b4f1e2598b255423c8451ad28a4f4f4036a932ff84e,
2017-10-31,legacy,https://nsearchives.nseindia.com/content/historical/DERIVATIVES/2017/OCT/fo31OCT2017bhav.csv.zip,SUCCESS,200,463037,fb358d1d065eedb6fd5a24d53297a0ce7ef37d798459ad5d4e310a9507334a45,
2017-10-18,legacy,https://nsearchives.nseindia.com/content/historical/DERIVATIVES/2017/OCT/fo18OCT2017bhav.csv.zip,SUCCESS,200,480705,c5283616186d759c090acfe7037066cd2abdd202d98aa17721b98477d82bad14,
2017-09-25,legacy,https://nsearchives.nseindia.com/content/historical/DERIVATIVES/2017/SEP/fo25SEP2017bhav.csv.zip,SUCCESS,200,493034,36368d7e5e017fab4b3826d7badffc8e08f52d6367c2d02e8836b9afcf256121,
2017-11-14,legacy,https://nsearchives.nseindia.com/content/historical/DERIVATIVES/2017/NOV/fo14NOV2017bhav.csv.zip,SUCCESS,200,487600,3fd431d18a3c7933a8b8a630e914bc8f010f5755b6ffa5beb723c4d4b8b94903,
2017-11-13,legacy,https://nsearchives.nseindia.com/content/historical/DERIVATIVES/2017/NOV/fo13NOV2017bhav.csv.zip,SUCCESS,200,486577,90cab11fe113e4d2de540cf68f2aca87eaae77930fe8b1d97bd5f6f0af13ea09,
2017-10-19,legacy,https://nsearchives.nseindia.com/content/historical/DERIVATIVES/2017/OCT/fo19OCT2017bhav.csv.zip,SUCCESS,200,451759,0fe5dc62d2cd5aea3001ff4ebf9a85d0e0928512a65ae0704ca16955bd1fd03a,
2017-11-10,legacy,https://nsearchives.nseindia.com/content/historical/DERIVATIVES/2017/NOV/fo10NOV2017bhav.csv.zip,SUCCESS,200,487360,b76a13f7c6776304e547bf1536749de824adcdeb2a62f9d8b6a2bf381f728ef3,
2017-11-02,legacy,https://nsearchives.nseindia.com/content/historical/DERIVATIVES/2017/NOV/fo02NOV2017bhav.csv.zip,SUCCESS,200,470280,13e0145d3ec9e74162bdfc5aa1d6c5988ca1b80bf68413fc309f2b7590632262,
2017-10-23,legacy,https://nsearchives.nseindia.com/content/historical/DERIVATIVES/2017/OCT/fo23OCT2017bhav.csv.zip,SUCCESS,200,478432,57ef3d7190f455811a0e521d7b04a4912fbffc5c95c07030e97d00c295d20ba1,
2017-10-06,legacy,https://nsearchives.nseindia.com/content/historical/DERIVATIVES/2017/OCT/fo06OCT2017bhav.csv.zip,SUCCESS,200,463035,d0300ab10f01ee64a641789d4ab4b4e6edb106805c66a58bfc1dc72b8c09b033,
2017-10-11,legacy,https://nsearchives.nseindia.com/content/historical/DERIVATIVES/2017/OCT/fo11OCT2017bhav.csv.zip,SUCCESS,200,473062,ec8670ec0afb5450f0b0d5dba216fdbf7980bbe5b5e0f7a42e3c171f4aef192a,
2017-11-01,legacy,https://nsearchives.nseindia.com/content/historical/DERIVATIVES/2017/NOV/fo01NOV2017bhav.csv.zip,SUCCESS,200,467459,af0f963fbf8d90b0a6fafd5d3d678bb342ebefd8ddcca8a166eaf7a56d9d933f,
2017-09-07,legacy,https://nsearchives.nseindia.com/content/historical/DERIVATIVES/2017/SEP/fo07SEP2017bhav.csv.zip,SUCCESS,200,459172,a4e49451d4277bb6d18da16e5fbd81b7224aa708e9ead0609a4aab650fb84ef5,
2017-11-29,legacy,https://nsearchives.nseindia.com/content/historical/DERIVATIVES/2017/NOV/fo29NOV2017bhav.csv.zip,SUCCESS,200,511788,5064e1bf69b9ecff08aab5907752d9998b0ffe1ded732213dd6d2685f666f71c,
2017-11-06,legacy,https://nsearchives.nseindia.com/content/historical/DERIVATIVES/2017/NOV/fo06NOV2017bhav.csv.zip,SUCCESS,200,476941,0a9b98cd9846fffef8a00a1b79561dfe8bc4d32e453239ed3f68ad2aacea898e,
2017-11-17,legacy,https://nsearchives.nseindia.com/content/historical/DERIVATIVES/2017/NOV/fo17NOV2017bhav.csv.zip,SUCCESS,200,498362,ff709e9499ee726a1fe3d61bb16804315a042a23684140de403ced23cc665643,
2017-11-15,legacy,https://nsearchives.nseindia.com/content/historical/DERIVATIVES/2017/NOV/fo15NOV2017bhav.csv.zip,SUCCESS,200,493025,ae617d19ef83eaf080e5080a95cae2f5b6482b9c83aaf4aa033dd43caea59747,
2017-11-23,legacy,https://nsearchives.nseindia.com/content/historical/DERIVATIVES/2017/NOV/fo23NOV2017bhav.csv.zip,SUCCESS,200,498974,5290c0d11487c7b40cf6ab483060eff13ba60e5571379376427e6a5874e861f4,
2017-11-20,legacy,https://nsearchives.nseindia.com/content/historical/DERIVATIVES/2017/NOV/fo20NOV2017bhav.csv.zip,SUCCESS,200,494951,d04a212ac87cf71cbc55820c0d68f4d222eaa797609160daa501b69c5a1827d9,
2017-11-09,legacy,https://nsearchives.nseindia.com/content/historical/DERIVATIVES/2017/NOV/fo09NOV2017bhav.csv.zip,SUCCESS,200,485632,e5c478198507966219a3b57538316ce0e49ddedf6446bd222397ad50bc529eb5,
2017-11-21,legacy,https://nsearchives.nseindia.com/content/historical/DERIVATIVES/2017/NOV/fo21NOV2017bhav.csv.zip,SUCCESS,200,499764,13e068baa8723f3c11c6826cabb62b5f91c3111130a850acc1c408dfcf1940b0,
2017-12-07,legacy,https://nsearchives.nseindia.com/content/historical/DERIVATIVES/2017/DEC/fo07DEC2017bhav.csv.zip,SUCCESS,200,458476,7ca077929a448a8b5c813f5eca72f2ea9af2ddfab9e8c4b4b191b3e3d2655487,
2017-10-05,legacy,https://nsearchives.nseindia.com/content/historical/DERIVATIVES/2017/OCT/fo05OCT2017bhav.csv.zip,SUCCESS,200,460342,567022aa1419c2d1ff332254f6cba09dbb6a53bb44c54af13da6fe9df2f7b474,
2017-11-16,legacy,https://nsearchives.nseindia.com/content/historical/DERIVATIVES/2017/NOV/fo16NOV2017bhav.csv.zip,SUCCESS,200,493316,416714bea6fd02c707a985afdcc702b82aa1f7cd323c754d7e7225fe8405f777,
2017-12-06,legacy,https://nsearchives.nseindia.com/content/historical/DERIVATIVES/2017/DEC/fo06DEC2017bhav.csv.zip,SUCCESS,200,455051,4c71b2d661740d5a4625ce17483f870d2f6c6f522df9dc5f214b0a70a692fd4c,
2017-11-07,legacy,https://nsearchives.nseindia.com/content/historical/DERIVATIVES/2017/NOV/fo07NOV2017bhav.csv.zip,SUCCESS,200,484706,cb76e165c70907823df57859f61454fe7415f33bcd478ae1e75d66d26e54c944,
2017-12-04,legacy,https://nsearchives.nseindia.com/content/historical/DERIVATIVES/2017/DEC/fo04DEC2017bhav.csv.zip,SUCCESS,200,452781,c035211ab405eecd6d2762040e91f0fa84f61555001879987e904626110f9af9,
2017-11-28,legacy,https://nsearchives.nseindia.com/content/historical/DERIVATIVES/2017/NOV/fo28NOV2017bhav.csv.zip,SUCCESS,200,508647,4a3240c9bc73579c0ccae6285c1495771ce48c05ebb7c4e69eebf9c069283e55,
2017-11-24,legacy,https://nsearchives.nseindia.com/content/historical/DERIVATIVES/2017/NOV/fo24NOV2017bhav.csv.zip,SUCCESS,200,499059,2fd9e4e4cce74326315014698b529bbce97697b46d1f8468dad4bcc41f348911,
2017-12-18,legacy,https://nsearchives.nseindia.com/content/historical/DERIVATIVES/2017/DEC/fo18DEC2017bhav.csv.zip,SUCCESS,200,464601,bc605d8364ae2aff93a737e2e3eda4ae1c4a15f5aebbcf9dee51de07000be6cc,
2017-11-30,legacy,https://nsearchives.nseindia.com/content/historical/DERIVATIVES/2017/NOV/fo30NOV2017bhav.csv.zip,SUCCESS,200,517002,f80daf43bf415afeb041a97648e3e5f0740e23d822954a6d338205f5f3467a12,
2017-12-15,legacy,https://nsearchives.nseindia.com/content/historical/DERIVATIVES/2017/DEC/fo15DEC2017bhav.csv.zip,SUCCESS,200,462103,ab3901aca90eb9d47beb0209710088a4fffd532ec22c9c703a5b452d9cae69b7,
2017-12-01,legacy,https://nsearchives.nseindia.com/content/historical/DERIVATIVES/2017/DEC/fo01DEC2017bhav.csv.zip,SUCCESS,200,454231,31d6154026fa932eaa3868ea9859d71daecba2db9a60b81653d50b15542ccbac,
2017-11-27,legacy,https://nsearchives.nseindia.com/content/historical/DERIVATIVES/2017/NOV/fo27NOV2017bhav.csv.zip,SUCCESS,200,502100,6d4a5f76852a54403b33f83ec5fbc6c356638802261dc1daa3391704472fa530,
2017-12-12,legacy,https://nsearchives.nseindia.com/content/historical/DERIVATIVES/2017/DEC/fo12DEC2017bhav.csv.zip,SUCCESS,200,460094,4e7f3db93187824e604ab3f27eb9ffe5746c3e1d085862ae1b9f876c17756b3d,
2017-10-24,legacy,https://nsearchives.nseindia.com/content/historical/DERIVATIVES/2017/OCT/fo24OCT2017bhav.csv.zip,SUCCESS,200,486410,13cf5891cf5312ea70386ef6b7e4cc22ca985166b226e2047c5500cbb4b224f8,
2017-10-30,legacy,https://nsearchives.nseindia.com/content/historical/DERIVATIVES/2017/OCT/fo30OCT2017bhav.csv.zip,SUCCESS,200,457524,7007c8ded40b272f73499a581c48e1f9c391ab667014f90adf1332c2921bbe12,
2017-10-26,legacy,https://nsearchives.nseindia.com/content/historical/DERIVATIVES/2017/OCT/fo26OCT2017bhav.csv.zip,SUCCESS,200,512571,de8b38c98d7999c982faf09f392e763a1a12785d845a200350f8d370c8852f53,
2017-12-29,legacy,https://nsearchives.nseindia.com/content/historical/DERIVATIVES/2017/DEC/fo29DEC2017bhav.csv.zip,SUCCESS,200,453098,72fc13e154cf2682ad2f0dc7a3cf0fbf9e0daca3c80953e5c0960f6853aa613a,
2017-12-28,legacy,https://nsearchives.nseindia.com/content/historical/DERIVATIVES/2017/DEC/fo28DEC2017bhav.csv.zip,SUCCESS,200,496238,b064ce7d810093265119874cfe521b0c147ad9ef1b45994829ab06b3d6803c2c,
2017-12-13,legacy,https://nsearchives.nseindia.com/content/historical/DERIVATIVES/2017/DEC/fo13DEC2017bhav.csv.zip,SUCCESS,200,463485,8ae2b86102d528cae87dc03dd6a5163c00308e2f86b94fc56de6b524bb6109a7,
2017-12-11,legacy,https://nsearchives.nseindia.com/content/historical/DERIVATIVES/2017/DEC/fo11DEC2017bhav.csv.zip,SUCCESS,200,457602,cb39b09475b4f80151fb00facd8bc843fd36be565c87e99360bfa94be03e0051,
2017-12-20,legacy,https://nsearchives.nseindia.com/content/historical/DERIVATIVES/2017/DEC/fo20DEC2017bhav.csv.zip,SUCCESS,200,476644,b47ceb0eedb8b35d6b4ea5c1af3efeb2a2a89974826149cb2132f496d2cca4d6,
2017-12-08,legacy,https://nsearchives.nseindia.com/content/historical/DERIVATIVES/2017/DEC/fo08DEC2017bhav.csv.zip,SUCCESS,200,459356,3ddbcc9a4128847d7db6fd1226dd21131175594715d99eee8ffeb683b7f50f47,
2018-01-04,legacy,https://nsearchives.nseindia.com/content/historical/DERIVATIVES/2018/JAN/fo04JAN2018bhav.csv.zip,SUCCESS,200,466715,ce9e7db02568d9ebe978adaae0be825da115eff35438783fb9a75a43347a6b1e,
2018-01-09,legacy,https://nsearchives.nseindia.com/content/historical/DERIVATIVES/2018/JAN/fo09JAN2018bhav.csv.zip,SUCCESS,200,477523,24c4bcb40836914a5330461d684aa7cfd36f5e1cc41ac915686c9485c1add5af,
2018-01-05,legacy,https://nsearchives.nseindia.com/content/historical/DERIVATIVES/2018/JAN/fo05JAN2018bhav.csv.zip,SUCCESS,200,471024,212f1f6fc649b942c4d9d43006d54411b1b1b74a46e346d8624ea09253bc1e12,
2018-01-01,legacy,https://nsearchives.nseindia.com/content/historical/DERIVATIVES/2018/JAN/fo01JAN2018bhav.csv.zip,SUCCESS,200,457988,c8ba830b8ea147b8e68594c7e9cc3203be40e3ec5e9da33ca3723ae957dc3bb3,
2017-11-22,legacy,https://nsearchives.nseindia.com/content/historical/DERIVATIVES/2017/NOV/fo22NOV2017bhav.csv.zip,SUCCESS,200,498580,0a7dbe8069447c2c0befa0c2b488ea7517240eb814f18d06989c43bc3e464767,
2017-12-27,legacy,https://nsearchives.nseindia.com/content/historical/DERIVATIVES/2017/DEC/fo27DEC2017bhav.csv.zip,SUCCESS,200,496267,c65f89ea10ee0de243078d223d27e1b36f8da131cd8b77d45d6c18904d704b40,
2017-12-05,legacy,https://nsearchives.nseindia.com/content/historical/DERIVATIVES/2017/DEC/fo05DEC2017bhav.csv.zip,SUCCESS,200,453977,bb2579887d60acd2ec8c46844657ef29318a98f3618e4370857d1c2846ad3009,
2017-12-19,legacy,https://nsearchives.nseindia.com/content/historical/DERIVATIVES/2017/DEC/fo19DEC2017bhav.csv.zip,SUCCESS,200,471578,05421efde2e4aa1ee044dd6cf4db68bb770e4f0dd3e3d95e47fdeacf34cb856e,
2018-01-16,legacy,https://nsearchives.nseindia.com/content/historical/DERIVATIVES/2018/JAN/fo16JAN2018bhav.csv.zip,SUCCESS,200,491235,562b2f173e0df9d8c40c1470abe3d404940bce49c178552a7fa747aed7465a81,
2018-01-22,legacy,https://nsearchives.nseindia.com/content/historical/DERIVATIVES/2018/JAN/fo22JAN2018bhav.csv.zip,SUCCESS,200,504904,6250c8e41d20317d6a09c1e0261eb493d32ce0c34772e292f8885b607818650f,
2018-01-24,legacy,https://nsearchives.nseindia.com/content/historical/DERIVATIVES/2018/JAN/fo24JAN2018bhav.csv.zip,SUCCESS,200,522478,99cfbf1e19d492a9a0eda98042283b96c404fb3c4c80c5a6c2ad08b8f9bea9a5,
2018-01-03,legacy,https://nsearchives.nseindia.com/content/historical/DERIVATIVES/2018/JAN/fo03JAN2018bhav.csv.zip,SUCCESS,200,463586,18a01e7e9d6b42c9fb3eab03e36c5c8d6e034ec9865dd8d2203c78972e37e980,
2018-01-02,legacy,https://nsearchives.nseindia.com/content/historical/DERIVATIVES/2018/JAN/fo02JAN2018bhav.csv.zip,SUCCESS,200,463429,1a0179eb8a370acfa858507cb7627e49d9e851eaed1304fc087d0fed54195a2a,
2018-01-12,legacy,https://nsearchives.nseindia.com/content/historical/DERIVATIVES/2018/JAN/fo12JAN2018bhav.csv.zip,SUCCESS,200,482663,bcb89ce86c1288db62112c07bd75f4023b72513540c7a2acd2f813bcc9d4c469,
2018-01-19,legacy,https://nsearchives.nseindia.com/content/historical/DERIVATIVES/2018/JAN/fo19JAN2018bhav.csv.zip,SUCCESS,200,501979,7e932e724e9791b1a030ad2da0485eee70b5b9537044dfe0ef1e6d9a83739601,
2018-01-31,legacy,https://nsearchives.nseindia.com/content/historical/DERIVATIVES/2018/JAN/fo31JAN2018bhav.csv.zip,SUCCESS,200,465590,e8cc847470b75828e34c0303ed0d3e02faa7e44037cbb563586249d66e51f3ef,
2018-01-10,legacy,https://nsearchives.nseindia.com/content/historical/DERIVATIVES/2018/JAN/fo10JAN2018bhav.csv.zip,SUCCESS,200,478866,25fb0a63d35fdc72917c15ed2aca6adbd6f30e7642598eb0a8b167301ef882d4,
2018-01-23,legacy,https://nsearchives.nseindia.com/content/historical/DERIVATIVES/2018/JAN/fo23JAN2018bhav.csv.zip,SUCCESS,200,513530,6a8c0a974ac7e8e9fd2ac07bc1837ed072b1ae7a604e0a7258da99a4cbddcba4,
2018-01-30,legacy,https://nsearchives.nseindia.com/content/historical/DERIVATIVES/2018/JAN/fo30JAN2018bhav.csv.zip,SUCCESS,200,461221,392115cbea85e4bc2c1762ef2581ff292b1cbfa74eb46aad19bdd9cbbeb95cf1,
2018-02-02,legacy,https://nsearchives.nseindia.com/content/historical/DERIVATIVES/2018/FEB/fo02FEB2018bhav.csv.zip,SUCCESS,200,484127,54a04d39895b8b86f00c5906a617597e9cd4efea2a76417d614150c2cfbb411c,
2018-01-18,legacy,https://nsearchives.nseindia.com/content/historical/DERIVATIVES/2018/JAN/fo18JAN2018bhav.csv.zip,SUCCESS,200,500331,c57c93a50e2d941b91b3c26e281a10e2404363dee377c637e43d40d1ef613db9,
2018-01-11,legacy,https://nsearchives.nseindia.com/content/historical/DERIVATIVES/2018/JAN/fo11JAN2018bhav.csv.zip,SUCCESS,200,478941,5b23b99c4296767a571e3eab35421fc962662d51c931dfb5e136acda17476dfb,
2017-11-08,legacy,https://nsearchives.nseindia.com/content/historical/DERIVATIVES/2017/NOV/fo08NOV2017bhav.csv.zip,SUCCESS,200,483715,bbe222fa5616a690f35159c1416b76399fa3a766ba3ce60eea8b044f2b1e70da,
2018-02-01,legacy,https://nsearchives.nseindia.com/content/historical/DERIVATIVES/2018/FEB/fo01FEB2018bhav.csv.zip,SUCCESS,200,468754,4e1158b4a7b644719d745c40940813d1ced89c2f142170d67d752642c0be1c6c,
2017-09-19,legacy,https://nsearchives.nseindia.com/content/historical/DERIVATIVES/2017/SEP/fo19SEP2017bhav.csv.zip,SUCCESS,200,472650,a4e063a20849cb110f35a2e82d9c7ae30dc81a97e66c152b3b88c65cabebca50,
2018-02-07,legacy,https://nsearchives.nseindia.com/content/historical/DERIVATIVES/2018/FEB/fo07FEB2018bhav.csv.zip,SUCCESS,200,490295,08009db5a9335e7315f1926ce0649b590288b693660ffebf3084e643ee3451d7,
2018-02-08,legacy,https://nsearchives.nseindia.com/content/historical/DERIVATIVES/2018/FEB/fo08FEB2018bhav.csv.zip,SUCCESS,200,492679,cc3efaa246938ec1958aa0ba5ad1e915acc850455673ca40ac7089f3399c46fc,
2017-12-26,legacy,https://nsearchives.nseindia.com/content/historical/DERIVATIVES/2017/DEC/fo26DEC2017bhav.csv.zip,SUCCESS,200,485875,0c30dfddf487a8d4e2726f0a1ca5341f380f35cf0ffa7cef1a3b2f6519950513,
2018-01-15,legacy,https://nsearchives.nseindia.com/content/historical/DERIVATIVES/2018/JAN/fo15JAN2018bhav.csv.zip,SUCCESS,200,481505,31e1a73b005b384b6026cd82465795a856aa16478a5eb6710af47480ccb19f45,
2018-01-17,legacy,https://nsearchives.nseindia.com/content/historical/DERIVATIVES/2018/JAN/fo17JAN2018bhav.csv.zip,SUCCESS,200,493019,0ccd04384cdc5c542190fb5747f3dc1ffe317d6f593433080dacb17da41ba1d3,
2018-02-12,legacy,https://nsearchives.nseindia.com/content/historical/DERIVATIVES/2018/FEB/fo12FEB2018bhav.csv.zip,SUCCESS,200,491190,ee548234ccd5e6d320c298ce79d6a52d569dc275c9e275f7b323029596707101,
2018-01-25,legacy,https://nsearchives.nseindia.com/content/historical/DERIVATIVES/2018/JAN/fo25JAN2018bhav.csv.zip,SUCCESS,200,523587,e0b0f5dcad9b792015265ef92a073a9eb730e5c1b0c317472fc3a7401c117423,
2018-02-27,legacy,https://nsearchives.nseindia.com/content/historical/DERIVATIVES/2018/FEB/fo27FEB2018bhav.csv.zip,SUCCESS,200,448111,faa5aafa72c61c2de724f9add581c39a148b516dc9c4f0c1d703b57cb7bd0cb2,
2018-01-29,legacy,https://nsearchives.nseindia.com/content/historical/DERIVATIVES/2018/JAN/fo29JAN2018bhav.csv.zip,SUCCESS,200,459083,e96b46bd279c41f2e712468242e2fedc9744a98d2a353f85f725257b96f66cb2,
2018-03-06,legacy,https://nsearchives.nseindia.com/content/historical/DERIVATIVES/2018/MAR/fo06MAR2018bhav.csv.zip,SUCCESS,200,455636,13e6881f2a16e0c95cb215f691fcec822934d33fa9e68122dc47a2709b26a68e,
2018-03-01,legacy,https://nsearchives.nseindia.com/content/historical/DERIVATIVES/2018/MAR/fo01MAR2018bhav.csv.zip,SUCCESS,200,448269,79f413a4e799788e3d11f630cfac74dd77f2f27308c62c31b2c5344e772ab835,
2018-02-05,legacy,https://nsearchives.nseindia.com/content/historical/DERIVATIVES/2018/FEB/fo05FEB2018bhav.csv.zip,SUCCESS,200,486569,cbe0a3773bb2c1e2c66c94c1c6f7034785f8efa884db802818be1337560f5c38,
2018-01-08,legacy,https://nsearchives.nseindia.com/content/historical/DERIVATIVES/2018/JAN/fo08JAN2018bhav.csv.zip,SUCCESS,200,474651,5128f9c5dd28ada8ead9544a4164207b4d7d39cf56a41b823ca9fc4e8644d51f,
2018-02-28,legacy,https://nsearchives.nseindia.com/content/historical/DERIVATIVES/2018/FEB/fo28FEB2018bhav.csv.zip,SUCCESS,200,448217,85b6c3f57eea0ce63fd41e53c400266b06a0ceef7e4660114fbcd1d84ec1e746,
2018-03-09,legacy,https://nsearchives.nseindia.com/content/historical/DERIVATIVES/2018/MAR/fo09MAR2018bhav.csv.zip,SUCCESS,200,459724,09845fa9051ed810656812df23f52a56bd71a4e5caa6aab42beb9bb10facf4e2,
2018-02-19,legacy,https://nsearchives.nseindia.com/content/historical/DERIVATIVES/2018/FEB/fo19FEB2018bhav.csv.zip,SUCCESS,200,501797,70b31500176a71a7a6c52c669e16a9cd11ae9ca2ea3b75208f455562dd056784,
2018-02-16,legacy,https://nsearchives.nseindia.com/content/historical/DERIVATIVES/2018/FEB/fo16FEB2018bhav.csv.zip,SUCCESS,200,498199,435edb660093a25b8842e85470643b5b91a0975cc01473eac99d5115dfdb3ead,
2018-03-07,legacy,https://nsearchives.nseindia.com/content/historical/DERIVATIVES/2018/MAR/fo07MAR2018bhav.csv.zip,SUCCESS,200,461080,b988d36bbbab1bb2495c4067b3dc4a66db7b1a97b299a38d553b43431d015590,
2018-02-06,legacy,https://nsearchives.nseindia.com/content/historical/DERIVATIVES/2018/FEB/fo06FEB2018bhav.csv.zip,SUCCESS,200,490877,b977aacff03ba86fe6ebc5d9a3a9314625dfa13db39bb32be6f4e3f0e68350e5,
2017-10-16,legacy,https://nsearchives.nseindia.com/content/historical/DERIVATIVES/2017/OCT/fo16OCT2017bhav.csv.zip,ERROR,0,0,,"HTTPSConnectionPool(host='nsearchives.nseindia.com', port=443): Read timed out. (read timeout=15)"
2017-12-21,legacy,https://nsearchives.nseindia.com/content/historical/DERIVATIVES/2017/DEC/fo21DEC2017bhav.csv.zip,SUCCESS,200,476850,e821d844ca1aa2fb057b12bb51db3c248118f22b8e1e81405d8ccc548b189b52,
2018-03-12,legacy,https://nsearchives.nseindia.com/content/historical/DERIVATIVES/2018/MAR/fo12MAR2018bhav.csv.zip,SUCCESS,200,462599,4ccc1fa324a451ad44e3235f22877f345342da6ff64692145b178ab84a5acb4c,
2018-03-13,legacy,https://nsearchives.nseindia.com/content/historical/DERIVATIVES/2018/MAR/fo13MAR2018bhav.csv.zip,SUCCESS,200,463791,f702f3f3f3eaffbefd2ec59bdac44f9112f39c76f3ce80c2d7b5f4a99791bae4,
2018-02-15,legacy,https://nsearchives.nseindia.com/content/historical/DERIVATIVES/2018/FEB/fo15FEB2018bhav.csv.zip,SUCCESS,200,496853,1759d5ace783cad59dcd8ad91832fa0c7e4d59d7f1406df7635ecd077def7475,
2017-10-27,legacy,https://nsearchives.nseindia.com/content/historical/DERIVATIVES/2017/OCT/fo27OCT2017bhav.csv.zip,ERROR,0,0,,"HTTPSConnectionPool(host='nsearchives.nseindia.com', port=443): Read timed out. (read timeout=15)"
2018-02-23,legacy,https://nsearchives.nseindia.com/content/historical/DERIVATIVES/2018/FEB/fo23FEB2018bhav.csv.zip,SUCCESS,200,445665,d8e776f9182c4dade4320b785d1c10d7e790da13570969f92f668e90a664d3b7,
2018-03-21,legacy,https://nsearchives.nseindia.com/content/historical/DERIVATIVES/2018/MAR/fo21MAR2018bhav.csv.zip,SUCCESS,200,469280,d11fa2dcf6b14d32680d45a480eb7d718a29ab3cb413f0a9b6031b03d5536af7,
2018-02-26,legacy,https://nsearchives.nseindia.com/content/historical/DERIVATIVES/2018/FEB/fo26FEB2018bhav.csv.zip,SUCCESS,200,448188,0e75d10fbb5b831bd34f2ee61a5a651049478c64444f14c27525b37321236d54,
2018-03-22,legacy,https://nsearchives.nseindia.com/content/historical/DERIVATIVES/2018/MAR/fo22MAR2018bhav.csv.zip,SUCCESS,200,471922,2a299f94f68816b9f377e5b652c4c340942b83d2a5508759be94c0eebd465787,
2018-02-14,legacy,https://nsearchives.nseindia.com/content/historical/DERIVATIVES/2018/FEB/fo14FEB2018bhav.csv.zip,SUCCESS,200,495200,ce474313ab1b4f6a87ec49d1b6db947b810658b2125f68b1288496ad4840b25c,
2018-03-15,legacy,https://nsearchives.nseindia.com/content/historical/DERIVATIVES/2018/MAR/fo15MAR2018bhav.csv.zip,SUCCESS,200,462003,75e9cde8a8d741f300c2a3564f6a77d615f2c46c2260305287b0535ac9236584,
2018-03-26,legacy,https://nsearchives.nseindia.com/content/historical/DERIVATIVES/2018/MAR/fo26MAR2018bhav.csv.zip,SUCCESS,200,484755,28e5f2295aba7b328f863abad6ce944283bc2fa066bb9e148a60be37f6ed7ee1,
2018-04-03,legacy,https://nsearchives.nseindia.com/content/historical/DERIVATIVES/2018/APR/fo03APR2018bhav.csv.zip,SUCCESS,200,447100,361bbd8974a6faa8737613c6c18720bfbbea7c755968ad28b7c785b21b1289fa,
2018-04-02,legacy,https://nsearchives.nseindia.com/content/historical/DERIVATIVES/2018/APR/fo02APR2018bhav.csv.zip,SUCCESS,200,443479,b01f6a187c08756fe9729e1ea49cdbd7ef123bbe34e6688ca4af982564025f14,
2018-03-05,legacy,https://nsearchives.nseindia.com/content/historical/DERIVATIVES/2018/MAR/fo05MAR2018bhav.csv.zip,SUCCESS,200,452233,b3c13ab3200a6e601f8352999600d02057bc4bb58da30b4b182a368b66336d4a,
2018-04-06,legacy,https://nsearchives.nseindia.com/content/historical/DERIVATIVES/2018/APR/fo06APR2018bhav.csv.zip,SUCCESS,200,451844,d0182c1975d1d215d3d4f90f6c07ffaff4b67fd01b1512cd27fb6c3f8cbf8d2e,
2018-04-04,legacy,https://nsearchives.nseindia.com/content/historical/DERIVATIVES/2018/APR/fo04APR2018bhav.csv.zip,SUCCESS,200,452036,905f9ed2c8725de76f7e37f3a7a8235d1c486d16cbd529b6e5ae51cd02fc63ff,
2018-04-12,legacy,https://nsearchives.nseindia.com/content/historical/DERIVATIVES/2018/APR/fo12APR2018bhav.csv.zip,SUCCESS,200,456032,d49b24102dd3037546ff8b650e8fc938923417fcb8b2a227c6aeda60c7bd7e2a,
2018-03-20,legacy,https://nsearchives.nseindia.com/content/historical/DERIVATIVES/2018/MAR/fo20MAR2018bhav.csv.zip,SUCCESS,200,468598,4de060469407c57734d5a97bdd1c3f339ca777fdde1b2157736b37e4b993ffac,
2018-04-05,legacy,https://nsearchives.nseindia.com/content/historical/DERIVATIVES/2018/APR/fo05APR2018bhav.csv.zip,SUCCESS,200,450314,99912bf74fd08c197562cb570e38411b025e32486dc494ad0c0526a2aeabeb60,
2018-04-11,legacy,https://nsearchives.nseindia.com/content/historical/DERIVATIVES/2018/APR/fo11APR2018bhav.csv.zip,SUCCESS,200,454732,4598b6856c4ad13e6bb221dc45110b6ab282fe6dc926d734be6a4baa2ae833a2,
2018-02-22,legacy,https://nsearchives.nseindia.com/content/historical/DERIVATIVES/2018/FEB/fo22FEB2018bhav.csv.zip,SUCCESS,200,509881,1e245da45a19459385d4236ba32ee55f11f894d8497a789931a7b0c4a1c3317d,
2018-02-21,legacy,https://nsearchives.nseindia.com/content/historical/DERIVATIVES/2018/FEB/fo21FEB2018bhav.csv.zip,SUCCESS,200,505263,0894d5c311e07c464c36545f55c6c1352b8bdc912a73d2d19db65f498d33cdaf,
2018-03-08,legacy,https://nsearchives.nseindia.com/content/historical/DERIVATIVES/2018/MAR/fo08MAR2018bhav.csv.zip,SUCCESS,200,463179,4ee5c9bb122542b7fc202a8908b3901b176ae5c703ff3b1ec535984c6e08969a,
2018-03-16,legacy,https://nsearchives.nseindia.com/content/historical/DERIVATIVES/2018/MAR/fo16MAR2018bhav.csv.zip,SUCCESS,200,465220,e744c2842660629eb277e2cca098291e564d4fffd0bc01e1f1705619edec44c2,
2017-12-22,legacy,https://nsearchives.nseindia.com/content/historical/DERIVATIVES/2017/DEC/fo22DEC2017bhav.csv.zip,SUCCESS,200,482615,b535320b342a582a6562eaf37927fbd480a0a71065bbae06c02ef10e456fc941,
2018-03-23,legacy,https://nsearchives.nseindia.com/content/historical/DERIVATIVES/2018/MAR/fo23MAR2018bhav.csv.zip,SUCCESS,200,479181,620e3409b3737a4704af9495ddf6d4f2fdb47b870cefc34fee9ac37b2efb4890,
2018-04-09,legacy,https://nsearchives.nseindia.com/content/historical/DERIVATIVES/2018/APR/fo09APR2018bhav.csv.zip,SUCCESS,200,452880,f0da9969457254bd543103c65c1fd41f94dd0e0c2f43b3606428ca77ddfaa322,
2018-04-16,legacy,https://nsearchives.nseindia.com/content/historical/DERIVATIVES/2018/APR/fo16APR2018bhav.csv.zip,SUCCESS,200,459471,c13db3a2b77332146f85d045371d1f5e0ef39e65b51dca807057085adfabb7f7,
2018-04-17,legacy,https://nsearchives.nseindia.com/content/historical/DERIVATIVES/2018/APR/fo17APR2018bhav.csv.zip,SUCCESS,200,461281,9e4c0fcefe08c3f08b3c25b142b95c29c54ac8312772121e0a06e9a2fa183b33,
2018-03-14,legacy,https://nsearchives.nseindia.com/content/historical/DERIVATIVES/2018/MAR/fo14MAR2018bhav.csv.zip,SUCCESS,200,462051,15fac2d9ff3883fc122c351e809bc1f0ca5f963a1a91e5b308582f4845953663,
2018-04-18,legacy,https://nsearchives.nseindia.com/content/historical/DERIVATIVES/2018/APR/fo18APR2018bhav.csv.zip,SUCCESS,200,463840,6ca3adc3ad1d45351fd052a89237361cd0b55c1d8993843eb39d94ea7b109a27,
2018-04-23,legacy,https://nsearchives.nseindia.com/content/historical/DERIVATIVES/2018/APR/fo23APR2018bhav.csv.zip,SUCCESS,200,474674,b50c47a052ef00a6eee551c5626937bb6f4f5e61937c7003cdf354afc10c3301,
2018-05-11,legacy,https://nsearchives.nseindia.com/content/historical/DERIVATIVES/2018/MAY/fo11MAY2018bhav.csv.zip,SUCCESS,200,437554,8290390074ca563da3d847cade6c520279988ccef4662045f09d0e3e7d261473,
2018-02-20,legacy,https://nsearchives.nseindia.com/content/historical/DERIVATIVES/2018/FEB/fo20FEB2018bhav.csv.zip,SUCCESS,200,499844,0ae8eea72524bb8907f7a416a3f5803825beb14eacb4210d394b4cef55fe54ab,
2018-05-03,legacy,https://nsearchives.nseindia.com/content/historical/DERIVATIVES/2018/MAY/fo03MAY2018bhav.csv.zip,SUCCESS,200,433702,da9e781da84ed081ffa66a369cd0f89cce03a07596764385484840afb94e56fa,
2018-05-04,legacy,https://nsearchives.nseindia.com/content/historical/DERIVATIVES/2018/MAY/fo04MAY2018bhav.csv.zip,SUCCESS,200,432942,3f433e8bf3c09624213e5a41fc86b46ca476dac1767998294a735c9745e3a73d,
2017-12-14,legacy,https://nsearchives.nseindia.com/content/historical/DERIVATIVES/2017/DEC/fo14DEC2017bhav.csv.zip,SUCCESS,200,463581,5b59833873cc80ad83a2d51a238342e1fb2d047f829cfc94d82c7e1b8000eea1,
2018-05-09,legacy,https://nsearchives.nseindia.com/content/historical/DERIVATIVES/2018/MAY/fo09MAY2018bhav.csv.zip,SUCCESS,200,432267,0d0ccdf71139a8eaf3e3b87d1ff56775a9f657c439011cdbcb846e578b99bdfc,
2018-04-26,legacy,https://nsearchives.nseindia.com/content/historical/DERIVATIVES/2018/APR/fo26APR2018bhav.csv.zip,SUCCESS,200,487166,32dd2025e901e1ba104a219180b92c322c0b49b9b1b122b2a525f299dfb05bd9,
2018-03-28,legacy,https://nsearchives.nseindia.com/content/historical/DERIVATIVES/2018/MAR/fo28MAR2018bhav.csv.zip,SUCCESS,200,493659,2f10eecd2f051721083f5fcd536ab3b3fa1c5203ae22915e02ff72416f0efba7,
2018-04-25,legacy,https://nsearchives.nseindia.com/content/historical/DERIVATIVES/2018/APR/fo25APR2018bhav.csv.zip,SUCCESS,200,483056,d714144fb37be0bc13fe33d0f9b74534f9ece14cd9b35c7b402efe512e5f949c,
2018-05-15,legacy,https://nsearchives.nseindia.com/content/historical/DERIVATIVES/2018/MAY/fo15MAY2018bhav.csv.zip,SUCCESS,200,442132,8b12f6ce61edfd4589ecccc781a9f84c6ccbeff183f8f5afea56a12751489c57,
2018-04-27,legacy,https://nsearchives.nseindia.com/content/historical/DERIVATIVES/2018/APR/fo27APR2018bhav.csv.zip,SUCCESS,200,426152,7b790aa0fb8a4d7b1a34682e2d68a7c0ef6da0bf7783fcf4ea43d6ebab084090,
2018-04-13,legacy,https://nsearchives.nseindia.com/content/historical/DERIVATIVES/2018/APR/fo13APR2018bhav.csv.zip,SUCCESS,200,456281,fd3810189d19e73e129b1dc0fc45521c6419a84e24558c4bc4e0d31294cc21c9,
2018-04-20,legacy,https://nsearchives.nseindia.com/content/historical/DERIVATIVES/2018/APR/fo20APR2018bhav.csv.zip,SUCCESS,200,470447,11b318019ec53b62ab062ba4d715056c45bf2ec45c752fc9a33b89a6657d1fe8,
2018-05-07,legacy,https://nsearchives.nseindia.com/content/historical/DERIVATIVES/2018/MAY/fo07MAY2018bhav.csv.zip,SUCCESS,200,431671,a0f6fe585740fe446390af89f1856fb07756e081e2604aaac6e0b21a6ce2a278,
2018-05-02,legacy,https://nsearchives.nseindia.com/content/historical/DERIVATIVES/2018/MAY/fo02MAY2018bhav.csv.zip,SUCCESS,200,432636,da46f61285943f2345455fbe3a5829b88a17062149864c9622d3f8551e425282,
2018-05-24,legacy,https://nsearchives.nseindia.com/content/historical/DERIVATIVES/2018/MAY/fo24MAY2018bhav.csv.zip,SUCCESS,200,459922,70bb95bcff93254dd6d80988b20a26fd7a3aef45e0ad83fc20264095e887b3cb,
2018-02-09,legacy,https://nsearchives.nseindia.com/content/historical/DERIVATIVES/2018/FEB/fo09FEB2018bhav.csv.zip,SUCCESS,200,490901,12c1c93dfb820233add6567fb12457ada8b99d7af71ee443f4555964f33bb1c3,
2018-05-08,legacy,https://nsearchives.nseindia.com/content/historical/DERIVATIVES/2018/MAY/fo08MAY2018bhav.csv.zip,SUCCESS,200,433787,c504fd5606f8d08bea652f27f555bdff66996bff42cd8d4c56a773bdab704cf2,
2018-05-21,legacy,https://nsearchives.nseindia.com/content/historical/DERIVATIVES/2018/MAY/fo21MAY2018bhav.csv.zip,SUCCESS,200,454426,80131de826fd04643c07fa314ff4734d5c7d34fd410ff7e19f49591ace19e96c,
2018-05-14,legacy,https://nsearchives.nseindia.com/content/historical/DERIVATIVES/2018/MAY/fo14MAY2018bhav.csv.zip,SUCCESS,200,438426,da608178df0a053fca8a04e305ee6a1119c49d513704b9c701abde6c9155bf80,
2018-05-16,legacy,https://nsearchives.nseindia.com/content/historical/DERIVATIVES/2018/MAY/fo16MAY2018bhav.csv.zip,SUCCESS,200,442564,6b85b3c474999c3026b32d26278619efb957cd8a87d5bd5c5c407bb07fb36fb0,
2018-06-05,legacy,https://nsearchives.nseindia.com/content/historical/DERIVATIVES/2018/JUN/fo05JUN2018bhav.csv.zip,SUCCESS,200,416285,d05ce435daa4f4d11abe76707e317b065200f0d2ff640ffb0789d309c3378acd,
2018-05-10,legacy,https://nsearchives.nseindia.com/content/historical/DERIVATIVES/2018/MAY/fo10MAY2018bhav.csv.zip,SUCCESS,200,437743,944df073222e801b32312973be1d51040d3858dd29da409f46c443eac7d8d1c8,
2018-04-10,legacy,https://nsearchives.nseindia.com/content/historical/DERIVATIVES/2018/APR/fo10APR2018bhav.csv.zip,SUCCESS,200,453822,83387a9ca123d608e3bb54a3d758ce1cda75aa072ee9f523138fdc435bc0ee5c,
2018-05-28,legacy,https://nsearchives.nseindia.com/content/historical/DERIVATIVES/2018/MAY/fo28MAY2018bhav.csv.zip,SUCCESS,200,469772,c57a78e08be4f2e686d661d0d0cde8cbe3399c839c35be29ae1175356772ddbe,
2018-03-19,legacy,https://nsearchives.nseindia.com/content/historical/DERIVATIVES/2018/MAR/fo19MAR2018bhav.csv.zip,SUCCESS,200,468124,48fe3b72f9e3ea6ee1b99dc0bc8d6cce1cbf91a04d85b149db677f3575ce9c94,
2018-04-24,legacy,https://nsearchives.nseindia.com/content/historical/DERIVATIVES/2018/APR/fo24APR2018bhav.csv.zip,SUCCESS,200,477662,cc794651151498165b8ec9cbc9dae4370e780694e966b291c04166306980cdb8,
2018-04-30,legacy,https://nsearchives.nseindia.com/content/historical/DERIVATIVES/2018/APR/fo30APR2018bhav.csv.zip,SUCCESS,200,425758,bfdc9b342532f26ea6efa4e84e151e7c4596222fce6934a179980a67bfb99b51,
2018-05-22,legacy,https://nsearchives.nseindia.com/content/historical/DERIVATIVES/2018/MAY/fo22MAY2018bhav.csv.zip,SUCCESS,200,454401,bda9af8c2aafada641fe388bd53bf8ea5632e67ae756dff6fe8edfc88288a23e,
2018-05-23,legacy,https://nsearchives.nseindia.com/content/historical/DERIVATIVES/2018/MAY/fo23MAY2018bhav.csv.zip,SUCCESS,200,457639,9f723133e6887a6b7d31e69193cdd3661f76f24f786425397d2fe84c7980dac4,
2018-06-04,legacy,https://nsearchives.nseindia.com/content/historical/DERIVATIVES/2018/JUN/fo04JUN2018bhav.csv.zip,SUCCESS,200,413102,9495ae8a41f8ba3ef61ab9173cfecd28cbcd053bdee76ad2d4db61cdc44c6b72,
2018-06-12,legacy,https://nsearchives.nseindia.com/content/historical/DERIVATIVES/2018/JUN/fo12JUN2018bhav.csv.zip,SUCCESS,200,415557,d9086ce63ab75feebba680792c2c3a3ae424331e3b371d29855801cbdc7cc5fd,
2018-05-30,legacy,https://nsearchives.nseindia.com/content/historical/DERIVATIVES/2018/MAY/fo30MAY2018bhav.csv.zip,SUCCESS,200,472820,34960cf7101e331e6501808c28f7bb41a663bd1f87b4c0482f8c13f32c3d2902,
2018-05-31,legacy,https://nsearchives.nseindia.com/content/historical/DERIVATIVES/2018/MAY/fo31MAY2018bhav.csv.zip,SUCCESS,200,478473,3771369ef4f56b9183e12094659a581fd778a7a4b867d21ee212c542c259ef43,
2018-05-17,legacy,https://nsearchives.nseindia.com/content/historical/DERIVATIVES/2018/MAY/fo17MAY2018bhav.csv.zip,SUCCESS,200,442212,804e423944ae8dee6e74ecaa4610d9e0c93565f55796c5bce5f704f89ede5eb8,
2018-06-18,legacy,https://nsearchives.nseindia.com/content/historical/DERIVATIVES/2018/JUN/fo18JUN2018bhav.csv.zip,SUCCESS,200,419315,596bc0971b24179fcae231106ada51340552ebd9cef8a5cbe5ee729b052b136d,
2018-05-25,legacy,https://nsearchives.nseindia.com/content/historical/DERIVATIVES/2018/MAY/fo25MAY2018bhav.csv.zip,SUCCESS,200,464237,41ad13933c297edf452575f435676020c1696f9578281e8741bd14d7ecad635c,
2018-06-14,legacy,https://nsearchives.nseindia.com/content/historical/DERIVATIVES/2018/JUN/fo14JUN2018bhav.csv.zip,SUCCESS,200,416867,b726ae5cf8eea6e2ff576ff2bfaa17f5595a14d5f5b809138da1cfd85646bd63,
2018-06-19,legacy,https://nsearchives.nseindia.com/content/historical/DERIVATIVES/2018/JUN/fo19JUN2018bhav.csv.zip,SUCCESS,200,425342,8028e72c592590f92a6fbde9df5cc3714db18093be6fb0dcc73cf14ae6feb6da,
2018-06-22,legacy,https://nsearchives.nseindia.com/content/historical/DERIVATIVES/2018/JUN/fo22JUN2018bhav.csv.zip,SUCCESS,200,428740,88c0b9c6a9b67c13937405c5791569bccd06070f68338d58aff107efa487dbb8,
2018-04-19,legacy,https://nsearchives.nseindia.com/content/historical/DERIVATIVES/2018/APR/fo19APR2018bhav.csv.zip,SUCCESS,200,465400,5e53225c1f080001001cb62ca099a6da7c05b72297a06ceba362ea040eb54196,
2018-06-11,legacy,https://nsearchives.nseindia.com/content/historical/DERIVATIVES/2018/JUN/fo11JUN2018bhav.csv.zip,SUCCESS,200,415550,b0ab8928836b580566b93dbd7286f8511761c3d939a3225e8cfa0f6df60ac64a,
2018-06-08,legacy,https://nsearchives.nseindia.com/content/historical/DERIVATIVES/2018/JUN/fo08JUN2018bhav.csv.zip,SUCCESS,200,415115,12c0dfcc97bffd95571cfbb145188698286fe8f86b40d9b3be5dc123b3f8eb3b,
2018-06-26,legacy,https://nsearchives.nseindia.com/content/historical/DERIVATIVES/2018/JUN/fo26JUN2018bhav.csv.zip,SUCCESS,200,437451,e7598ab9382ac0804407225243c170d65cb87a7afae706dff203c629189d7742,
2018-07-13,legacy,https://nsearchives.nseindia.com/content/historical/DERIVATIVES/2018/JUL/fo13JUL2018bhav.csv.zip,SUCCESS,200,441189,2234e7ba893e351ecf2dfa2f9a06f25965dc7544f59c7f0c4e23f5b27cde4a7d,
2018-07-05,legacy,https://nsearchives.nseindia.com/content/historical/DERIVATIVES/2018/JUL/fo05JUL2018bhav.csv.zip,SUCCESS,200,427258,8a38ae9d1ab7ad777cd14a5e65a2ade7c5dd2edef2fa0f03ae2999dd680ca42b,
2018-06-13,legacy,https://nsearchives.nseindia.com/content/historical/DERIVATIVES/2018/JUN/fo13JUN2018bhav.csv.zip,SUCCESS,200,418517,e841b7c4b2cf9f0528af3ff3442c592f04c0ef89cbab3b7713f3693f155160f7,
2018-06-28,legacy,https://nsearchives.nseindia.com/content/historical/DERIVATIVES/2018/JUN/fo28JUN2018bhav.csv.zip,SUCCESS,200,457392,f0192b5c730c6ec7278e438da0e68a5147b0ad03b5b4020e0ce2f64bbe253346,
2018-06-20,legacy,https://nsearchives.nseindia.com/content/historical/DERIVATIVES/2018/JUN/fo20JUN2018bhav.csv.zip,SUCCESS,200,423827,6ebf50e583bc6c859915cca6f7382ea25ead7fc7d83ad2387192868dd85fb163,
2018-07-06,legacy,https://nsearchives.nseindia.com/content/historical/DERIVATIVES/2018/JUL/fo06JUL2018bhav.csv.zip,SUCCESS,200,428261,3137b28c321fc2bc82ab4926de519cd49735cdd4ba4c4616f17f1526dca68aea,
2018-07-18,legacy,https://nsearchives.nseindia.com/content/historical/DERIVATIVES/2018/JUL/fo18JUL2018bhav.csv.zip,SUCCESS,200,456452,2db63c22c1382262ce0f532b224a1925c77ee838ce07578168590ed9beebc04c,
2018-07-24,legacy,https://nsearchives.nseindia.com/content/historical/DERIVATIVES/2018/JUL/fo24JUL2018bhav.csv.zip,SUCCESS,200,476858,911d414cf9c74f5782a9f64b6af99e021acc6bd5c71dab0734b9f2306a4d6b49,
2018-06-27,legacy,https://nsearchives.nseindia.com/content/historical/DERIVATIVES/2018/JUN/fo27JUN2018bhav.csv.zip,SUCCESS,200,446882,a4dffe1d8c56b7cdf91e938f0496e090a8d90a46827f3c3576b7376746b4cd28,
2018-06-07,legacy,https://nsearchives.nseindia.com/content/historical/DERIVATIVES/2018/JUN/fo07JUN2018bhav.csv.zip,SUCCESS,200,415886,b632a973b1d6295ec47c40e9667cc1ed405612716e7976ad989bdafa352166c8,
2018-07-16,legacy,https://nsearchives.nseindia.com/content/historical/DERIVATIVES/2018/JUL/fo16JUL2018bhav.csv.zip,SUCCESS,200,448957,dada55e0dc2b6af327646d3ffb25b9bda75452f16821295d4032551a45840c49,
2018-08-01,legacy,https://nsearchives.nseindia.com/content/historical/DERIVATIVES/2018/AUG/fo01AUG2018bhav.csv.zip,SUCCESS,200,435311,4c704ae98ae9f82ebcbe5a2f02326f138ae386f9c43c58bab236ea4f8f43c66b,
2018-07-20,legacy,https://nsearchives.nseindia.com/content/historical/DERIVATIVES/2018/JUL/fo20JUL2018bhav.csv.zip,SUCCESS,200,458944,4b9faa74634b467b0b3336b440953ea31691f67192e181ada725f247f970e2a0,
2018-07-30,legacy,https://nsearchives.nseindia.com/content/historical/DERIVATIVES/2018/JUL/fo30JUL2018bhav.csv.zip,SUCCESS,200,431122,e9ac6c8ac745d393a24f3e112b37c9e0be49f57e86710022a308b5b2017dd14a,
2018-07-17,legacy,https://nsearchives.nseindia.com/content/historical/DERIVATIVES/2018/JUL/fo17JUL2018bhav.csv.zip,SUCCESS,200,451984,1cb4d24597243bde50e02d3789d15a31c81fcd3d8fac2805923e75a8165c8dd1,
2018-08-03,legacy,https://nsearchives.nseindia.com/content/historical/DERIVATIVES/2018/AUG/fo03AUG2018bhav.csv.zip,SUCCESS,200,434999,0ae06f4c33a3df3e6dfecb898b152ee1cc2ed90779f77d84ac6a21433c7eed43,
2018-07-31,legacy,https://nsearchives.nseindia.com/content/historical/DERIVATIVES/2018/JUL/fo31JUL2018bhav.csv.zip,SUCCESS,200,432141,dde0f1c9f77a82c9982c7f43e1d053a5d38f3eb9b63b1f3fddf62cdedbc92019,
2018-06-01,legacy,https://nsearchives.nseindia.com/content/historical/DERIVATIVES/2018/JUN/fo01JUN2018bhav.csv.zip,SUCCESS,200,412848,37050ca9eea66133afdf127fbd51029970bcc50edcfc22366607121e07df845c,
2018-07-02,legacy,https://nsearchives.nseindia.com/content/historical/DERIVATIVES/2018/JUL/fo02JUL2018bhav.csv.zip,SUCCESS,200,424670,7024cce8f252c384016fec44d6a17f465b6a7a8ca733fd49a3711fbd7013d8b3,
2018-08-09,legacy,https://nsearchives.nseindia.com/content/historical/DERIVATIVES/2018/AUG/fo09AUG2018bhav.csv.zip,SUCCESS,200,441381,7c6bdf10661fe232e0469b54a8cc7fea9aacc6a6f54d8bca2ed712bd84341064,
2018-08-08,legacy,https://nsearchives.nseindia.com/content/historical/DERIVATIVES/2018/AUG/fo08AUG2018bhav.csv.zip,SUCCESS,200,438361,0cf2e3564a325a2161392410f360d5ae2d2c5b226675b69fc308419f32988dc4,
2018-06-21,legacy,https://nsearchives.nseindia.com/content/historical/DERIVATIVES/2018/JUN/fo21JUN2018bhav.csv.zip,SUCCESS,200,425219,72391ba2d4c8a04c87cd3d254f8b44b3c0b1eefec19af3c4307604a474fc2a11,
2018-07-11,legacy,https://nsearchives.nseindia.com/content/historical/DERIVATIVES/2018/JUL/fo11JUL2018bhav.csv.zip,SUCCESS,200,435450,36e61118ed1848c7042b3181e1ad6765aa0817b96597b62169edf520ae1f1b6e,
2018-08-16,legacy,https://nsearchives.nseindia.com/content/historical/DERIVATIVES/2018/AUG/fo16AUG2018bhav.csv.zip,SUCCESS,200,445982,28701d67791f16334331c9b6e0d95c145cce81537e2c382df3af5be157a8c200,
2018-08-13,legacy,https://nsearchives.nseindia.com/content/historical/DERIVATIVES/2018/AUG/fo13AUG2018bhav.csv.zip,SUCCESS,200,442724,a22e35c341e9bebcb3d3ac7d4cf498d34c2f432dddfb0334dce6226aebcf5c9d,
2018-08-02,legacy,https://nsearchives.nseindia.com/content/historical/DERIVATIVES/2018/AUG/fo02AUG2018bhav.csv.zip,SUCCESS,200,436727,7d1840e45ea1dbce7b5cadf2cb018bf14916698c0629031b76935ef32bc5f524,
2018-08-07,legacy,https://nsearchives.nseindia.com/content/historical/DERIVATIVES/2018/AUG/fo07AUG2018bhav.csv.zip,SUCCESS,200,438251,71a9899862007164a4de7502efdbad5687a878a67cdba1ba0e051ce81fdbe158,
2018-06-15,legacy,https://nsearchives.nseindia.com/content/historical/DERIVATIVES/2018/JUN/fo15JUN2018bhav.csv.zip,SUCCESS,200,420257,6bf96dce16285048261d2e8fd1a0cc32b4985a60714c750369752ef0107d23b6,
2018-08-14,legacy,https://nsearchives.nseindia.com/content/historical/DERIVATIVES/2018/AUG/fo14AUG2018bhav.csv.zip,SUCCESS,200,443057,c651f08df4fd1255c8033ec5bf178dae0fc54865b17a61e4fa31ebdd80727476,
2018-08-24,legacy,https://nsearchives.nseindia.com/content/historical/DERIVATIVES/2018/AUG/fo24AUG2018bhav.csv.zip,SUCCESS,200,463659,0503ac9beb5144f03d85370432ed8a382e278586d0be3bc7d2661ed04ac7c773,
2018-08-20,legacy,https://nsearchives.nseindia.com/content/historical/DERIVATIVES/2018/AUG/fo20AUG2018bhav.csv.zip,SUCCESS,200,451985,62cc332a150b8167ff9875f6b7e052c763e9b821b78615c180d00f44e69ac529,
2018-07-23,legacy,https://nsearchives.nseindia.com/content/historical/DERIVATIVES/2018/JUL/fo23JUL2018bhav.csv.zip,SUCCESS,200,468891,77d1c152c4132a7793338cbea25d6f5a7b04dcf9f83816fad33406dff694cb89,
2018-07-10,legacy,https://nsearchives.nseindia.com/content/historical/DERIVATIVES/2018/JUL/fo10JUL2018bhav.csv.zip,SUCCESS,200,433530,57b23ea392d6260b23b08f68f86eb14cecfe96bab6891f197c720ce378b6026e,
2018-07-12,legacy,https://nsearchives.nseindia.com/content/historical/DERIVATIVES/2018/JUL/fo12JUL2018bhav.csv.zip,SUCCESS,200,440177,fc6a1fbbac426e485158b9532046937ee6fb3a8760b52929d3c15f732054d8e7,
2018-08-21,legacy,https://nsearchives.nseindia.com/content/historical/DERIVATIVES/2018/AUG/fo21AUG2018bhav.csv.zip,SUCCESS,200,457364,f3bb2cd4ef652d90dc7437350abf52c141f06f568ea23b021bb9f7a8ae494ebd,
2018-08-17,legacy,https://nsearchives.nseindia.com/content/historical/DERIVATIVES/2018/AUG/fo17AUG2018bhav.csv.zip,SUCCESS,200,447268,bf12b552da44aa9727b3512bbcb0d65f5596a10acc880720da2d09f9ee9f6f9a,
2018-08-29,legacy,https://nsearchives.nseindia.com/content/historical/DERIVATIVES/2018/AUG/fo29AUG2018bhav.csv.zip,SUCCESS,200,476324,cd157e75c0cff527f8de01ce60ac7b27eed6fe6936143642e47a22281e6e584d,
2018-09-03,legacy,https://nsearchives.nseindia.com/content/historical/DERIVATIVES/2018/SEP/fo03SEP2018bhav.csv.zip,SUCCESS,200,424597,b1a1e0c1c76f6214c481126947be9866d7e068ea67c791d1db3febfe23020a0a,
2018-07-26,legacy,https://nsearchives.nseindia.com/content/historical/DERIVATIVES/2018/JUL/fo26JUL2018bhav.csv.zip,SUCCESS,200,481321,2eff6e821053f920eb3281a42ea3adec3d90e9c48e5de9e7b341c8f02b1231f6,
2018-06-29,legacy,https://nsearchives.nseindia.com/content/historical/DERIVATIVES/2018/JUN/fo29JUN2018bhav.csv.zip,SUCCESS,200,422940,3efac14877776c9bd43f819f03f25afbaafd789a74a5bc300b40e44e9c0ac1e4,
2018-09-05,legacy,https://nsearchives.nseindia.com/content/historical/DERIVATIVES/2018/SEP/fo05SEP2018bhav.csv.zip,SUCCESS,200,433059,49134d6bb319407923d617fa209008601ebea546e0e0179c4cedefedf91cd50e,
2018-08-28,legacy,https://nsearchives.nseindia.com/content/historical/DERIVATIVES/2018/AUG/fo28AUG2018bhav.csv.zip,SUCCESS,200,472564,2033ba85e60cf65fcc9f6a73c192570a3dae2a34c7ceee785b635f7825bd0da3,
2018-03-27,legacy,https://nsearchives.nseindia.com/content/historical/DERIVATIVES/2018/MAR/fo27MAR2018bhav.csv.zip,ERROR,0,0,,"HTTPSConnectionPool(host='nsearchives.nseindia.com', port=443): Read timed out."
2018-09-06,legacy,https://nsearchives.nseindia.com/content/historical/DERIVATIVES/2018/SEP/fo06SEP2018bhav.csv.zip,SUCCESS,200,430599,ca7ebb2952326bd423525c45b3dc76e5d98bdf6e39a8ce70d0eefabe14f9c69b,
2018-09-19,legacy,https://nsearchives.nseindia.com/content/historical/DERIVATIVES/2018/SEP/fo19SEP2018bhav.csv.zip,SUCCESS,200,447820,5fa75fbce7e5015cb7e7d6e576ef5657549b71543853d6743ba44208a6a9e056,
2018-09-18,legacy,https://nsearchives.nseindia.com/content/historical/DERIVATIVES/2018/SEP/fo18SEP2018bhav.csv.zip,SUCCESS,200,444064,74ef014e319316136f3d825c13dc52ddd60779d3c3d5881c09ad17193026e21a,
2018-09-10,legacy,https://nsearchives.nseindia.com/content/historical/DERIVATIVES/2018/SEP/fo10SEP2018bhav.csv.zip,SUCCESS,200,430825,15ef7dc6ab2a76c1f730bb30d62b3043538ec1cc8465a3ee6dcdee1afab2ea30,
2018-08-27,legacy,https://nsearchives.nseindia.com/content/historical/DERIVATIVES/2018/AUG/fo27AUG2018bhav.csv.zip,SUCCESS,200,466544,314c16cb51cd770798ac34e2c941b01ec509b47908cc41080efeb32ba5290780,
2018-08-06,legacy,https://nsearchives.nseindia.com/content/historical/DERIVATIVES/2018/AUG/fo06AUG2018bhav.csv.zip,SUCCESS,200,437323,d7a9e5626094b8f4d458c2a20cc32445a3d2b726678a8159c941050ac5e4f602,
2018-09-24,legacy,https://nsearchives.nseindia.com/content/historical/DERIVATIVES/2018/SEP/fo24SEP2018bhav.csv.zip,SUCCESS,200,469231,09a14be460b8c6dca59c9c51aa340aa4bd1dcd372f0955fefcc09471623b1223,
2018-05-29,legacy,https://nsearchives.nseindia.com/content/historical/DERIVATIVES/2018/MAY/fo29MAY2018bhav.csv.zip,SUCCESS,200,472362,515ea172e7a01cc6da0eabf729a79c82c3470bba6c504da35586bf555f7865b9,
2018-07-19,legacy,https://nsearchives.nseindia.com/content/historical/DERIVATIVES/2018/JUL/fo19JUL2018bhav.csv.zip,SUCCESS,200,456208,6b0a3a7ff3caec9aa7d5122f975e7aa7304ddc28346093da5e68dccfff8b3d65,
2018-08-23,legacy,https://nsearchives.nseindia.com/content/historical/DERIVATIVES/2018/AUG/fo23AUG2018bhav.csv.zip,SUCCESS,200,461738,3c26fcfb21b065f5e7edf219578855f3b158970192236a4064bc883d1dd9b839,
2018-09-28,legacy,https://nsearchives.nseindia.com/content/historical/DERIVATIVES/2018/SEP/fo28SEP2018bhav.csv.zip,SUCCESS,200,518832,c1595ec4437c54670dd2e7b8d4388d85bdde6a9cdcc337a4061715d40745f455,
2018-09-27,legacy,https://nsearchives.nseindia.com/content/historical/DERIVATIVES/2018/SEP/fo27SEP2018bhav.csv.zip,SUCCESS,200,485872,1506b78f31482b8c8bed5573cef8b3058320508445d3cde9cff15163d8397f65,
2018-09-21,legacy,https://nsearchives.nseindia.com/content/historical/DERIVATIVES/2018/SEP/fo21SEP2018bhav.csv.zip,SUCCESS,200,462070,d7ac0185c770d324d5c2fbb05cc3c62077ba190ded3cda5f5933ef1219717dff,
2018-09-12,legacy,https://nsearchives.nseindia.com/content/historical/DERIVATIVES/2018/SEP/fo12SEP2018bhav.csv.zip,SUCCESS,200,437095,92bd79c804de58000f8dae08aa3cdd36b397213c7da7d49c70f092697ce84c5b,
2018-09-17,legacy,https://nsearchives.nseindia.com/content/historical/DERIVATIVES/2018/SEP/fo17SEP2018bhav.csv.zip,SUCCESS,200,439981,c0a0d52697bd42b247025a03fdf0cdc9fb121cfa33b114901b3dcb26c1a2b204,
2018-05-18,legacy,https://nsearchives.nseindia.com/content/historical/DERIVATIVES/2018/MAY/fo18MAY2018bhav.csv.zip,SUCCESS,200,448884,a2dc2282b383b3c9904bbb14c0e4922e448134f545f0805feed47d5b09d37e45,
2018-10-01,legacy,https://nsearchives.nseindia.com/content/historical/DERIVATIVES/2018/OCT/fo01OCT2018bhav.csv.zip,SUCCESS,200,521199,5feab6e9dda6554691f4e83bebfc33a4db22f73482dfcbd515d31c0529df2059,
2018-10-08,legacy,https://nsearchives.nseindia.com/content/historical/DERIVATIVES/2018/OCT/fo08OCT2018bhav.csv.zip,SUCCESS,200,543795,86d2622bae26848f908401f1b225012c099b1974579438fa6475c9f3eb18d274,
2018-08-10,legacy,https://nsearchives.nseindia.com/content/historical/DERIVATIVES/2018/AUG/fo10AUG2018bhav.csv.zip,SUCCESS,200,441879,930c9b37531638b38b34302839996e64935d4b87cd55ee9d65ba5ae5f5e08342,
2018-09-11,legacy,https://nsearchives.nseindia.com/content/historical/DERIVATIVES/2018/SEP/fo11SEP2018bhav.csv.zip,SUCCESS,200,433589,280c7d062d687e67b928d8985bd4a1a675aea5605c06094e7f2d4934be7ca5fb,
2018-10-15,legacy,https://nsearchives.nseindia.com/content/historical/DERIVATIVES/2018/OCT/fo15OCT2018bhav.csv.zip,SUCCESS,200,549522,2d5a7a655dd2092e569e752fe1e39871a703949b6d18885701fda3cefc772efb,
2018-10-04,legacy,https://nsearchives.nseindia.com/content/historical/DERIVATIVES/2018/OCT/fo04OCT2018bhav.csv.zip,SUCCESS,200,526156,21b2b2444b9dd60b3bab55c2886e434f42f602bde7d4e67964782ade1f81cea2,
2018-10-22,legacy,https://nsearchives.nseindia.com/content/historical/DERIVATIVES/2018/OCT/fo22OCT2018bhav.csv.zip,SUCCESS,200,561130,bbd4cf9ff991b97649003299f91446c4e79ced12fb8a457183068c9be78c68cb,
2018-10-17,legacy,https://nsearchives.nseindia.com/content/historical/DERIVATIVES/2018/OCT/fo17OCT2018bhav.csv.zip,SUCCESS,200,558553,c7f9b5c2e09d5bd9ada10c08193fdf0273c6dc9bb873153997692a53444b19a3,
2018-10-03,legacy,https://nsearchives.nseindia.com/content/historical/DERIVATIVES/2018/OCT/fo03OCT2018bhav.csv.zip,SUCCESS,200,522454,3dae04d0bc9ac88713f716ecbd17aa0b24a64cca05f7e9914033fecaeb5d1060,
2018-09-26,legacy,https://nsearchives.nseindia.com/content/historical/DERIVATIVES/2018/SEP/fo26SEP2018bhav.csv.zip,SUCCESS,200,481629,78caafe618d67536559648a147140a960a6d181a8807048fd30423f42a0c539a,
2018-10-26,legacy,https://nsearchives.nseindia.com/content/historical/DERIVATIVES/2018/OCT/fo26OCT2018bhav.csv.zip,SUCCESS,200,502704,6438002a8266adba5d099f6a28d7ecad6352614dc8c695515d6c842efaa992b7,
2018-09-14,legacy,https://nsearchives.nseindia.com/content/historical/DERIVATIVES/2018/SEP/fo14SEP2018bhav.csv.zip,SUCCESS,200,433961,f241229b7b84a7ae6b4d8f9fa93fb51942b3e3bcdcdb264f978d7f2e90b3182b,
2018-10-23,legacy,https://nsearchives.nseindia.com/content/historical/DERIVATIVES/2018/OCT/fo23OCT2018bhav.csv.zip,SUCCESS,200,569827,d718b10c94e024738927dadf3234790a698e31b2e4ef5dcbfa3ade75144d17bf,
2018-07-27,legacy,https://nsearchives.nseindia.com/content/historical/DERIVATIVES/2018/JUL/fo27JUL2018bhav.csv.zip,SUCCESS,200,429004,c0562a2d86cdc7669fef30d8de7da64405adcf5fabee507b44031b1326ddd0bd,
2018-08-31,legacy,https://nsearchives.nseindia.com/content/historical/DERIVATIVES/2018/AUG/fo31AUG2018bhav.csv.zip,SUCCESS,200,420247,b48c9409e2f6aa5c8dc4ed47ddf1da42845009491c83d95b7ae9c2c73dc9811c,
2018-09-04,legacy,https://nsearchives.nseindia.com/content/historical/DERIVATIVES/2018/SEP/fo04SEP2018bhav.csv.zip,SUCCESS,200,429119,222dd02e8cfddeac268b3581747235a12587ff93bf6a3254e8a8c4b48883b5ba,
2018-10-31,legacy,https://nsearchives.nseindia.com/content/historical/DERIVATIVES/2018/OCT/fo31OCT2018bhav.csv.zip,SUCCESS,200,512511,60273b8217727aefc3e54198266a562ce57e7d7f3e89a9ecfb64ba2fb4739380,
2018-10-11,legacy,https://nsearchives.nseindia.com/content/historical/DERIVATIVES/2018/OCT/fo11OCT2018bhav.csv.zip,SUCCESS,200,547686,1f3657f76523f5e2c04a34f267a95686668585e5d281bf30da93f85f996c3411,
2018-10-29,legacy,https://nsearchives.nseindia.com/content/historical/DERIVATIVES/2018/OCT/fo29OCT2018bhav.csv.zip,SUCCESS,200,506447,664693754b5f41f17bb4d4b60f65027d5f92b9e0290871bed215993e4b836050,
2018-10-10,legacy,https://nsearchives.nseindia.com/content/historical/DERIVATIVES/2018/OCT/fo10OCT2018bhav.csv.zip,SUCCESS,200,549596,015e9a733f3c0197ed2c384ce08c04080884edacd4eab140fec240f480299fb3,
2018-11-01,legacy,https://nsearchives.nseindia.com/content/historical/DERIVATIVES/2018/NOV/fo01NOV2018bhav.csv.zip,SUCCESS,200,514103,c99de78d7229eae741474a8f81e5879a66e02320221d283a94d59ebcbfe07ec4,
2018-11-09,legacy,https://nsearchives.nseindia.com/content/historical/DERIVATIVES/2018/NOV/fo09NOV2018bhav.csv.zip,SUCCESS,200,512744,ac095bed7910232e41ef90d68d872edccc59d0faa72795e4e02333b8c55ea0eb,
2018-10-16,legacy,https://nsearchives.nseindia.com/content/historical/DERIVATIVES/2018/OCT/fo16OCT2018bhav.csv.zip,SUCCESS,200,556451,70498bde25aca3c0d2f68bd9aff8385487e83834d50258edd9885880e13fcb48,
2018-11-13,legacy,https://nsearchives.nseindia.com/content/historical/DERIVATIVES/2018/NOV/fo13NOV2018bhav.csv.zip,SUCCESS,200,512677,e9d9d16620dda9e1b17ea36b04a3e199cab80604e5d74f09507fbc3415e08082,
2018-11-06,legacy,https://nsearchives.nseindia.com/content/historical/DERIVATIVES/2018/NOV/fo06NOV2018bhav.csv.zip,SUCCESS,200,508995,023703ae155d415e8f501a92058f1b0009e024688e383d942bc61e2921780805,
2018-11-20,legacy,https://nsearchives.nseindia.com/content/historical/DERIVATIVES/2018/NOV/fo20NOV2018bhav.csv.zip,SUCCESS,200,521948,8c4d7d3d37169da555932433e03aa2581efa5aaa35e140dbe7a86cba9d9a5c01,
2018-09-25,legacy,https://nsearchives.nseindia.com/content/historical/DERIVATIVES/2018/SEP/fo25SEP2018bhav.csv.zip,SUCCESS,200,480782,71957a3aebd945d4a21dd03a81e17192c74f2326c0f49e9af5f9a7c248ee69ef,
2018-11-05,legacy,https://nsearchives.nseindia.com/content/historical/DERIVATIVES/2018/NOV/fo05NOV2018bhav.csv.zip,SUCCESS,200,509746,ba46c5009c17a13e9c3eccfde4cab0c196f961dbe19400986e2de6245ad44710,
2018-11-19,legacy,https://nsearchives.nseindia.com/content/historical/DERIVATIVES/2018/NOV/fo19NOV2018bhav.csv.zip,SUCCESS,200,518308,c0af269149493b72b806d7787cc7aa22640c00ac930358a1001fbed94dec32b0,
2018-11-21,legacy,https://nsearchives.nseindia.com/content/historical/DERIVATIVES/2018/NOV/fo21NOV2018bhav.csv.zip,SUCCESS,200,523455,39ec673db2fd66ecf3f811868e3b994633d76e13b1bd22449ff658e3ee2410e1,
2018-11-02,legacy,https://nsearchives.nseindia.com/content/historical/DERIVATIVES/2018/NOV/fo02NOV2018bhav.csv.zip,SUCCESS,200,517974,64d5889383372185a9495667da5d3451ad4d3acf0d0819f3ca07c789359c7736,
2018-10-25,legacy,https://nsearchives.nseindia.com/content/historical/DERIVATIVES/2018/OCT/fo25OCT2018bhav.csv.zip,SUCCESS,200,579188,11e946020901d5d38f5486f179a4d885389f00dd58b294990378311e899da8d6,
2018-11-29,legacy,https://nsearchives.nseindia.com/content/historical/DERIVATIVES/2018/NOV/fo29NOV2018bhav.csv.zip,SUCCESS,200,538532,f3f60c9d5fed03bd655d87413eaadd8d2852798a177957a8a8168485a748fcb9,
2018-11-07,legacy,https://nsearchives.nseindia.com/content/historical/DERIVATIVES/2018/NOV/fo07NOV2018bhav.csv.zip,SUCCESS,200,479558,bbf77d02e3303530851e94db593dbb98f17006736d50a66cada1d7de805f01eb,
2018-11-16,legacy,https://nsearchives.nseindia.com/content/historical/DERIVATIVES/2018/NOV/fo16NOV2018bhav.csv.zip,SUCCESS,200,518655,27f08f9823b127ebc50f7c6f2754069d85ca5a59f5d9ad121c58c30dee033a45,
2018-06-06,legacy,https://nsearchives.nseindia.com/content/historical/DERIVATIVES/2018/JUN/fo06JUN2018bhav.csv.zip,ERROR,0,0,,"HTTPSConnectionPool(host='nsearchives.nseindia.com', port=443): Read timed out. (read timeout=15)"
2018-12-03,legacy,https://nsearchives.nseindia.com/content/historical/DERIVATIVES/2018/DEC/fo03DEC2018bhav.csv.zip,SUCCESS,200,465569,2ad7d75294475b59d2d87fd4402edc0eff3a721d995d407a7df60bfd364c66f8,
2018-11-30,legacy,https://nsearchives.nseindia.com/content/historical/DERIVATIVES/2018/NOV/fo30NOV2018bhav.csv.zip,SUCCESS,200,463795,3ade77511ddf7cf162dc69dcfd93319172b9db7cc315c7649b5bd79c6e87ca4e,
2018-12-12,legacy,https://nsearchives.nseindia.com/content/historical/DERIVATIVES/2018/DEC/fo12DEC2018bhav.csv.zip,SUCCESS,200,478136,e0730973b5869537d22b6af279fcc92b4aebb9b967cd579d676954152019b53d,
2018-12-04,legacy,https://nsearchives.nseindia.com/content/historical/DERIVATIVES/2018/DEC/fo04DEC2018bhav.csv.zip,SUCCESS,200,465984,c8c9bfc923baa30cc6ad81439edb931aa28f0954722250e91082d560f0de9207,
2018-06-25,legacy,https://nsearchives.nseindia.com/content/historical/DERIVATIVES/2018/JUN/fo25JUN2018bhav.csv.zip,ERROR,0,0,,"HTTPSConnectionPool(host='nsearchives.nseindia.com', port=443): Read timed out. (read timeout=15)"
2018-08-30,legacy,https://nsearchives.nseindia.com/content/historical/DERIVATIVES/2018/AUG/fo30AUG2018bhav.csv.zip,SUCCESS,200,479174,7b61b105a054c6daab55e8cd059d8576f07e5a58e9ad7c2b03239ffe7e028bfd,
2018-11-22,legacy,https://nsearchives.nseindia.com/content/historical/DERIVATIVES/2018/NOV/fo22NOV2018bhav.csv.zip,SUCCESS,200,524285,39515324683a4353cce3c9842a6f3993491138dfb57c1354c653579cd4d5c39c,
2018-10-24,legacy,https://nsearchives.nseindia.com/content/historical/DERIVATIVES/2018/OCT/fo24OCT2018bhav.csv.zip,SUCCESS,200,575117,3f23cf101facbd7efe2d7cb40645e8fd4f685b99c3fbbd3c8083a4b1412c7631,
2018-07-03,legacy,https://nsearchives.nseindia.com/content/historical/DERIVATIVES/2018/JUL/fo03JUL2018bhav.csv.zip,ERROR,0,0,,"HTTPSConnectionPool(host='nsearchives.nseindia.com', port=443): Read timed out. (read timeout=15)"
2018-12-07,legacy,https://nsearchives.nseindia.com/content/historical/DERIVATIVES/2018/DEC/fo07DEC2018bhav.csv.zip,SUCCESS,200,471690,8e5f730447ca88d563053ce361239268efd8d60212750bc22831c3b8a5af4f1a,
2018-10-30,legacy,https://nsearchives.nseindia.com/content/historical/DERIVATIVES/2018/OCT/fo30OCT2018bhav.csv.zip,SUCCESS,200,505948,1be3b8f62746ea931feff4df079415ba20b39892e99b730f6095c0cf4d5672b6,
2018-12-05,legacy,https://nsearchives.nseindia.com/content/historical/DERIVATIVES/2018/DEC/fo05DEC2018bhav.csv.zip,SUCCESS,200,468376,c782338bbe2b7d545b93d621bb8ae531a240df08bfdef806f12f1abc80a79a9e,
2018-11-26,legacy,https://nsearchives.nseindia.com/content/historical/DERIVATIVES/2018/NOV/fo26NOV2018bhav.csv.zip,SUCCESS,200,527504,aa3b0544ed76d97c03d3f761152462e75efa01c350063fc0e0d9d920a1b90f34,
2018-07-04,legacy,https://nsearchives.nseindia.com/content/historical/DERIVATIVES/2018/JUL/fo04JUL2018bhav.csv.zip,ERROR,0,0,,"HTTPSConnectionPool(host='nsearchives.nseindia.com', port=443): Read timed out. (read timeout=15)"
2018-12-13,legacy,https://nsearchives.nseindia.com/content/historical/DERIVATIVES/2018/DEC/fo13DEC2018bhav.csv.zip,SUCCESS,200,480887,6031ade22fb04e21fb059500b90edcbe854ab6d5d135c7e6bac864ce6c1d11da,
2018-12-17,legacy,https://nsearchives.nseindia.com/content/historical/DERIVATIVES/2018/DEC/fo17DEC2018bhav.csv.zip,SUCCESS,200,476070,6d813658c666c11a4e0fc43bc4de35e2af8012f3a3320c86b57ebfd19d1de4da,
2018-12-14,legacy,https://nsearchives.nseindia.com/content/historical/DERIVATIVES/2018/DEC/fo14DEC2018bhav.csv.zip,SUCCESS,200,476874,ceb33c3f14cbb98a6d47cdb0b06806dff4566f763b26841abeb86e5afc23f815,
2018-11-15,legacy,https://nsearchives.nseindia.com/content/historical/DERIVATIVES/2018/NOV/fo15NOV2018bhav.csv.zip,SUCCESS,200,517434,731175beeb89db106bf3782387bd5c15033af94171066b8bee3539ea0ea5cc98,
2018-11-28,legacy,https://nsearchives.nseindia.com/content/historical/DERIVATIVES/2018/NOV/fo28NOV2018bhav.csv.zip,SUCCESS,200,536299,44eba66044dbb94872c2f03cfc8ae59a8dff3a20c2a40c6b4a46ffdcf08c09e0,
2018-12-11,legacy,https://nsearchives.nseindia.com/content/historical/DERIVATIVES/2018/DEC/fo11DEC2018bhav.csv.zip,SUCCESS,200,475782,ac748aac63c5a3ae6a481ba2cf2a9bac298313ff01c32e6860bba5f7620c7179,
2018-12-10,legacy,https://nsearchives.nseindia.com/content/historical/DERIVATIVES/2018/DEC/fo10DEC2018bhav.csv.zip,SUCCESS,200,473815,a429bc28753de10093c89eb78a794f251403553579c4500f1c9769c1f1bb3a47,
2019-01-10,legacy,https://nsearchives.nseindia.com/content/historical/DERIVATIVES/2019/JAN/fo10JAN2019bhav.csv.zip,SUCCESS,200,444056,5d4dbbcbf11aa6b7b3faaa0a1ee62abd9d2f0dcdf802208ee03c91b39f483605,
2018-12-20,legacy,https://nsearchives.nseindia.com/content/historical/DERIVATIVES/2018/DEC/fo20DEC2018bhav.csv.zip,SUCCESS,200,493821,7f82df8b547de780e77768330841cc5e887a06879a36ef9fb2a6dc22334a7070,
2019-01-03,legacy,https://nsearchives.nseindia.com/content/historical/DERIVATIVES/2019/JAN/fo03JAN2019bhav.csv.zip,SUCCESS,200,444280,619491c5c79467b00e6d5f4afbbb24d64102da51f4b1f2d8328cd2facfef750b,
2018-12-18,legacy,https://nsearchives.nseindia.com/content/historical/DERIVATIVES/2018/DEC/fo18DEC2018bhav.csv.zip,SUCCESS,200,480176,c3dbca6ba396aa8ed24b42bfabca1b7a09e9780336a3a3820071dff46125e168,
2019-01-08,legacy,https://nsearchives.nseindia.com/content/historical/DERIVATIVES/2019/JAN/fo08JAN2019bhav.csv.zip,SUCCESS,200,444293,e437ab26d044772946c630affb966d6a7a59b1b547f2cde3488e3618577f77bf,
2018-12-19,legacy,https://nsearchives.nseindia.com/content/historical/DERIVATIVES/2018/DEC/fo19DEC2018bhav.csv.zip,SUCCESS,200,490861,e0323463ea926e265138884e77143bb43e8e17af1abe1fc75670fd517ee6a758,
2019-01-16,legacy,https://nsearchives.nseindia.com/content/historical/DERIVATIVES/2019/JAN/fo16JAN2019bhav.csv.zip,SUCCESS,200,449688,408b59241ba7c16b196ee276d4360ae30d97ad1bff7965de1f3b01be66c4c1d5,
2018-12-28,legacy,https://nsearchives.nseindia.com/content/historical/DERIVATIVES/2018/DEC/fo28DEC2018bhav.csv.zip,SUCCESS,200,438190,828d2cf636878b952cfd0f5256d8c7309539e70c3cf3f081f1a6f120ea8fc4c4,
2019-01-04,legacy,https://nsearchives.nseindia.com/content/historical/DERIVATIVES/2019/JAN/fo04JAN2019bhav.csv.zip,SUCCESS,200,445737,f6726ec18ccfdd157136bf8409f29275b6b6a5ddb448327719e445dd84bcd95c,
2019-01-17,legacy,https://nsearchives.nseindia.com/content/historical/DERIVATIVES/2019/JAN/fo17JAN2019bhav.csv.zip,SUCCESS,200,452086,d7bb5912a14217ebc60ba5c80054851fed37b2e458856f46e4f08d3b2cd016db,
2018-07-09,legacy,https://nsearchives.nseindia.com/content/historical/DERIVATIVES/2018/JUL/fo09JUL2018bhav.csv.zip,ERROR,0,0,,"HTTPSConnectionPool(host='nsearchives.nseindia.com', port=443): Read timed out."
2018-12-06,legacy,https://nsearchives.nseindia.com/content/historical/DERIVATIVES/2018/DEC/fo06DEC2018bhav.csv.zip,SUCCESS,200,472487,b8a77890c1bfb627149119c318ac1597aa269d69629922ed421f6b7b139957b8,
2018-12-21,legacy,https://nsearchives.nseindia.com/content/historical/DERIVATIVES/2018/DEC/fo21DEC2018bhav.csv.zip,SUCCESS,200,497959,2c43476dd7a19bde4e5df4ab30a531352bb913a793dd2955a3b4527459ba928b,
2019-01-22,legacy,https://nsearchives.nseindia.com/content/historical/DERIVATIVES/2019/JAN/fo22JAN2019bhav.csv.zip,SUCCESS,200,460992,e553dfff74c9f2a5d6dfe9450d2342e551a2ff5fb23cbce627e3999c6f119e5d,
2019-01-07,legacy,https://nsearchives.nseindia.com/content/historical/DERIVATIVES/2019/JAN/fo07JAN2019bhav.csv.zip,SUCCESS,200,442530,c7b307bf73bb6990ddc3388a9cb2479ef3681f61fde23d85226846ff04cc6b93,
2018-07-25,legacy,https://nsearchives.nseindia.com/content/historical/DERIVATIVES/2018/JUL/fo25JUL2018bhav.csv.zip,SUCCESS,200,479936,3f89482d9d610925df54d6fc7b081851c7e78574e49387d4b545e7b91fc59d3c,
2018-12-24,legacy,https://nsearchives.nseindia.com/content/historical/DERIVATIVES/2018/DEC/fo24DEC2018bhav.csv.zip,SUCCESS,200,498950,9ad2c9188b323c27e4a1e393dd4d0d3ec3afd3d74476511680d4f162feb044e1,
2018-11-27,legacy,https://nsearchives.nseindia.com/content/historical/DERIVATIVES/2018/NOV/fo27NOV2018bhav.csv.zip,SUCCESS,200,529373,84db771bbad837d99403f7373435e0a7045c26ce73a7370a65d4205301838b16,
2019-01-23,legacy,https://nsearchives.nseindia.com/content/historical/DERIVATIVES/2019/JAN/fo23JAN2019bhav.csv.zip,SUCCESS,200,459059,8e7b82abbba3469002f6280dc2449b586dfe0d4a570f393ab501e8be5c3232df,
2019-01-28,legacy,https://nsearchives.nseindia.com/content/historical/DERIVATIVES/2019/JAN/fo28JAN2019bhav.csv.zip,SUCCESS,200,478721,ea5e4de48eb725ac7fd31cb7677331f3b1c9229db6d2ffdab4c60dd0e555bf30,
2019-01-15,legacy,https://nsearchives.nseindia.com/content/historical/DERIVATIVES/2019/JAN/fo15JAN2019bhav.csv.zip,SUCCESS,200,447807,f6b26e6bc71305ee23680061e306be0a521f21109e087fcaf3aea57e8a94665e,
2019-01-09,legacy,https://nsearchives.nseindia.com/content/historical/DERIVATIVES/2019/JAN/fo09JAN2019bhav.csv.zip,SUCCESS,200,448494,5472c2ab4228c1bc3bee2da922b41035acae4ea5c3814aed2cdf76a42fa4e213,
2019-02-04,legacy,https://nsearchives.nseindia.com/content/historical/DERIVATIVES/2019/FEB/fo04FEB2019bhav.csv.zip,SUCCESS,200,419808,1e72b9ad1c66c8a22e5c5809d7d29975670444064f757264b155ce1efb417054,
2019-02-05,legacy,https://nsearchives.nseindia.com/content/historical/DERIVATIVES/2019/FEB/fo05FEB2019bhav.csv.zip,SUCCESS,200,424722,92839e230a31118914fa1bb30a142cae72c9eb0ddbe252d30930c62ce808671d,
2019-01-02,legacy,https://nsearchives.nseindia.com/content/historical/DERIVATIVES/2019/JAN/fo02JAN2019bhav.csv.zip,SUCCESS,200,444724,f7453449b3b2fbd96e19776e96c90cf527b327bca4f7a8a7e12b56f450f003f7,
2019-01-14,legacy,https://nsearchives.nseindia.com/content/historical/DERIVATIVES/2019/JAN/fo14JAN2019bhav.csv.zip,SUCCESS,200,446786,f237a70d766ff92c861449ba6009ac3e2f214b5cdbe58fa94da7b0fa87ef889a,
2018-12-27,legacy,https://nsearchives.nseindia.com/content/historical/DERIVATIVES/2018/DEC/fo27DEC2018bhav.csv.zip,SUCCESS,200,503894,178b709c4a70d2249a05e0b7d329dc68d880acbb6c0f2ee6f738ed1d3d0a6f20,
2019-01-01,legacy,https://nsearchives.nseindia.com/content/historical/DERIVATIVES/2019/JAN/fo01JAN2019bhav.csv.zip,SUCCESS,200,433975,58449b725c8c4bd59a8719e5e4fe022874fd303b9648cac0afd0edabe4d33669,
2019-01-21,legacy,https://nsearchives.nseindia.com/content/historical/DERIVATIVES/2019/JAN/fo21JAN2019bhav.csv.zip,SUCCESS,200,455753,fe311b735333bca04ee94a2f346be5ec1d13bf065df3ec23cddc4c40e155b383,
2019-02-21,legacy,https://nsearchives.nseindia.com/content/historical/DERIVATIVES/2019/FEB/fo21FEB2019bhav.csv.zip,SUCCESS,200,458362,14794e389fbf093c5256f81a428ad403c865880bccadfffdfc0f5c371dec4c70,
2019-01-11,legacy,https://nsearchives.nseindia.com/content/historical/DERIVATIVES/2019/JAN/fo11JAN2019bhav.csv.zip,SUCCESS,200,444987,588f5074d94806339edccb65266d0562d63c8c097cf6a96c78d36b2c3e32cc39,
2019-01-31,legacy,https://nsearchives.nseindia.com/content/historical/DERIVATIVES/2019/JAN/fo31JAN2019bhav.csv.zip,SUCCESS,200,488802,b86d25ce03befd38d7fe78c90c551b41e79f3df892ed43a04772a0c62f53ee9c,
2019-02-11,legacy,https://nsearchives.nseindia.com/content/historical/DERIVATIVES/2019/FEB/fo11FEB2019bhav.csv.zip,SUCCESS,200,443676,5fdd55a5e48524eab0bb0a77db4379e105cd772a4fe6bdd1646c37ca099e0815,
2019-02-07,legacy,https://nsearchives.nseindia.com/content/historical/DERIVATIVES/2019/FEB/fo07FEB2019bhav.csv.zip,SUCCESS,200,431732,fdb115e00d248bf9581c94fafb91a0cb386c32f5d52e5a50c0d56599265c4704,
2019-02-12,legacy,https://nsearchives.nseindia.com/content/historical/DERIVATIVES/2019/FEB/fo12FEB2019bhav.csv.zip,SUCCESS,200,443813,aed7eb3126bc366012ae14cab4206d062caa410b3ad384afbf7f0b79ce6a0a6c,
2019-02-13,legacy,https://nsearchives.nseindia.com/content/historical/DERIVATIVES/2019/FEB/fo13FEB2019bhav.csv.zip,SUCCESS,200,445921,7259ebd131607ff2a9da4097bb71b17f405775116287b5491d5077fd70199abd,
2019-02-08,legacy,https://nsearchives.nseindia.com/content/historical/DERIVATIVES/2019/FEB/fo08FEB2019bhav.csv.zip,SUCCESS,200,432513,3bfe3f080ea1612d5c2c71aae6801518cde3efd52b8713bcd633f90700b234ac,
2019-02-15,legacy,https://nsearchives.nseindia.com/content/historical/DERIVATIVES/2019/FEB/fo15FEB2019bhav.csv.zip,SUCCESS,200,452603,42da8b4dbb9a64282ec406dfab2fce58abb7de8e495771c930cb2629b4f11e99,
2019-02-26,legacy,https://nsearchives.nseindia.com/content/historical/DERIVATIVES/2019/FEB/fo26FEB2019bhav.csv.zip,SUCCESS,200,467761,ccd7594b7c309928f43d748d2d5b23f49c9c4eff755d4575bbd101ef2362af6d,
2019-02-25,legacy,https://nsearchives.nseindia.com/content/historical/DERIVATIVES/2019/FEB/fo25FEB2019bhav.csv.zip,SUCCESS,200,462421,6e850dc35222b038e7ed108ad14d5ed871d653441548bcd3a6ad455f48204582,
2019-02-06,legacy,https://nsearchives.nseindia.com/content/historical/DERIVATIVES/2019/FEB/fo06FEB2019bhav.csv.zip,SUCCESS,200,430601,f9fd0b59b178dea088416627d4704de8fb13e654ae03b4bf8839203cac747f20,
2019-01-30,legacy,https://nsearchives.nseindia.com/content/historical/DERIVATIVES/2019/JAN/fo30JAN2019bhav.csv.zip,SUCCESS,200,484252,b349f8f4895c20a5f5669217a9ad7014837a8442ec383e461be1f9eddb424ade,
2019-02-14,legacy,https://nsearchives.nseindia.com/content/historical/DERIVATIVES/2019/FEB/fo14FEB2019bhav.csv.zip,SUCCESS,200,450614,0aa161993ae89462e3428af34e4deac5a2490376c5c6018f412bcb465074a8c4,
2018-11-14,legacy,https://nsearchives.nseindia.com/content/historical/DERIVATIVES/2018/NOV/fo14NOV2018bhav.csv.zip,SUCCESS,200,516016,51a7e2980a82daf4604dc11e56ce735189c35e6b3b3968e3a861d1e7cb86dd5a,
2019-03-06,legacy,https://nsearchives.nseindia.com/content/historical/DERIVATIVES/2019/MAR/fo06MAR2019bhav.csv.zip,SUCCESS,200,415352,73b585661f8e67a50fc30dd1e46bc9f2c15a19cf53aca2308d0eb3cc4126790d,
2019-03-13,legacy,https://nsearchives.nseindia.com/content/historical/DERIVATIVES/2019/MAR/fo13MAR2019bhav.csv.zip,SUCCESS,200,429805,3ba59774cb5de6006661bf7871a4db9c2c3a9807b4a91050bae4798e46fa650f,
2019-03-08,legacy,https://nsearchives.nseindia.com/content/historical/DERIVATIVES/2019/MAR/fo08MAR2019bhav.csv.zip,SUCCESS,200,412439,71d6942345d1d7b2a0cfdea74090c2567f8f438c27fd3cd7027f5a13b90f0ca6,
2019-02-22,legacy,https://nsearchives.nseindia.com/content/historical/DERIVATIVES/2019/FEB/fo22FEB2019bhav.csv.zip,SUCCESS,200,458269,2276ce8ba59f4242e5fa734db63b139634b9578e02925646b4f1a4a8b210460d,
2019-01-25,legacy,https://nsearchives.nseindia.com/content/historical/DERIVATIVES/2019/JAN/fo25JAN2019bhav.csv.zip,SUCCESS,200,468416,d0ba26fb0e567ecd71ec3982b3000f5b11ecee23db6de977f28eb4678b885ae1,
2019-02-18,legacy,https://nsearchives.nseindia.com/content/historical/DERIVATIVES/2019/FEB/fo18FEB2019bhav.csv.zip,SUCCESS,200,451284,4be0ba6e53e830b0d3be387a4bf80c323ba4fbabe1a27eda39b26d57e2302d1b,
2019-02-28,legacy,https://nsearchives.nseindia.com/content/historical/DERIVATIVES/2019/FEB/fo28FEB2019bhav.csv.zip,SUCCESS,200,472741,ef2e2b670cc3f0e76d04833105d6a6aba13dc9d59f29f330cd07412b98317f5c,
2019-03-07,legacy,https://nsearchives.nseindia.com/content/historical/DERIVATIVES/2019/MAR/fo07MAR2019bhav.csv.zip,SUCCESS,200,414782,121914aef50bc59dcb8333f3c46493b00196b4beee4df0049069d7361937607d,
2018-12-26,legacy,https://nsearchives.nseindia.com/content/historical/DERIVATIVES/2018/DEC/fo26DEC2018bhav.csv.zip,SUCCESS,200,508552,43770dd97ec0b189e4d49f8bf91a62e9e37a163d9ac988277bf6f65d9016f07b,
2019-02-20,legacy,https://nsearchives.nseindia.com/content/historical/DERIVATIVES/2019/FEB/fo20FEB2019bhav.csv.zip,SUCCESS,200,454973,f993bc0be3bd7ba765f8a09eaa3ccdf7fa294c10cdb13aa90136f9c540f1150d,
2018-12-31,legacy,https://nsearchives.nseindia.com/content/historical/DERIVATIVES/2018/DEC/fo31DEC2018bhav.csv.zip,SUCCESS,200,437066,cce6415d6fe211ae991d9528183d86c296c40029da005950ed8152c0dbfefcff,
2018-10-09,legacy,https://nsearchives.nseindia.com/content/historical/DERIVATIVES/2018/OCT/fo09OCT2018bhav.csv.zip,SUCCESS,200,544097,73abcf27ae1128654ce707bc59af65fa7a3fb8ef695018ba6265d6269325e313,
2019-03-12,legacy,https://nsearchives.nseindia.com/content/historical/DERIVATIVES/2019/MAR/fo12MAR2019bhav.csv.zip,SUCCESS,200,427381,c8f99e136df7b7fe579dd3c4710dd3f8e75e77bec2ec2e9ef1474b2544e7e0fb,
2019-03-19,legacy,https://nsearchives.nseindia.com/content/historical/DERIVATIVES/2019/MAR/fo19MAR2019bhav.csv.zip,SUCCESS,200,442554,29995dfd24fa5130ea73c30c637fd5723e799cecc5634d628aa3625f1a4b8903,
2019-03-29,legacy,https://nsearchives.nseindia.com/content/historical/DERIVATIVES/2019/MAR/fo29MAR2019bhav.csv.zip,SUCCESS,200,473317,ea56cdb5507073f7665e236d4591797e26a8c17509c4067937949b9028c8b08c,
2019-03-18,legacy,https://nsearchives.nseindia.com/content/historical/DERIVATIVES/2019/MAR/fo18MAR2019bhav.csv.zip,SUCCESS,200,436030,61557d70504a3e0ef7aa1a393d291b70ae9972a8b9b521a91ad6cf86a7c0a60d,
2019-03-20,legacy,https://nsearchives.nseindia.com/content/historical/DERIVATIVES/2019/MAR/fo20MAR2019bhav.csv.zip,SUCCESS,200,445344,d0bc8e5067caa4129af6789c35c50eafe72351c37a0311206080c1faf1958310,
2019-03-27,legacy,https://nsearchives.nseindia.com/content/historical/DERIVATIVES/2019/MAR/fo27MAR2019bhav.csv.zip,SUCCESS,200,461880,d60393e966bb1d382148b02b7e46e8f5baf21cf50cd1ca15c22cd74a75f824dc,
2018-10-19,legacy,https://nsearchives.nseindia.com/content/historical/DERIVATIVES/2018/OCT/fo19OCT2018bhav.csv.zip,ERROR,0,0,,"HTTPSConnectionPool(host='nsearchives.nseindia.com', port=443): Read timed out."
2019-04-01,legacy,https://nsearchives.nseindia.com/content/historical/DERIVATIVES/2019/APR/fo01APR2019bhav.csv.zip,SUCCESS,200,482725,5ed4143fae4d23bdf40fb59ee92ff57ba9f7f0f5d2d0dfaed995ab4ad705d6a9,
2019-02-19,legacy,https://nsearchives.nseindia.com/content/historical/DERIVATIVES/2019/FEB/fo19FEB2019bhav.csv.zip,SUCCESS,200,453572,3143cddbd55da59a9b95c56fa49370543c4aad00c2bedfda1379631cb83b130e,
2019-04-10,legacy,https://nsearchives.nseindia.com/content/historical/DERIVATIVES/2019/APR/fo10APR2019bhav.csv.zip,SUCCESS,200,487120,afd48593c3e8674d1869bce0ee5ff59c45490ac725249dd19c7ce9627c51c5ef,
2019-03-22,legacy,https://nsearchives.nseindia.com/content/historical/DERIVATIVES/2019/MAR/fo22MAR2019bhav.csv.zip,SUCCESS,200,446186,459b557a262a924fac9c45b58f1f79f102298ad7102dd2648e1aec5e9b41a7dc,
2019-03-28,legacy,https://nsearchives.nseindia.com/content/historical/DERIVATIVES/2019/MAR/fo28MAR2019bhav.csv.zip,SUCCESS,200,464436,ea7ddf6ecf5a56962521fb62a2a6f0fb0677dd6a6915ee1069e60d3f8ee6c0b3,
2019-04-02,legacy,https://nsearchives.nseindia.com/content/historical/DERIVATIVES/2019/APR/fo02APR2019bhav.csv.zip,SUCCESS,200,485024,b53d8341f9ec23078b2657b5a152ee6efadaadd1db084f7df54b4e8ed0664f15,
2019-04-08,legacy,https://nsearchives.nseindia.com/content/historical/DERIVATIVES/2019/APR/fo08APR2019bhav.csv.zip,SUCCESS,200,487123,d3a16c5ff7532a7a887b3e2212feab4ade022c8c123f7013066a2ffb4b0ad86c,
2019-02-27,legacy,https://nsearchives.nseindia.com/content/historical/DERIVATIVES/2019/FEB/fo27FEB2019bhav.csv.zip,SUCCESS,200,474663,77acc6e4c74b1ba847b00245d9055b1a5037c454b3fb571963a61efb466eb226,
2019-04-05,legacy,https://nsearchives.nseindia.com/content/historical/DERIVATIVES/2019/APR/fo05APR2019bhav.csv.zip,SUCCESS,200,486529,9d58eb8d8c6612f26df8bf36dae99c5560a4f47aec12ea5d9a37ad69f90855f4,
2019-01-29,legacy,https://nsearchives.nseindia.com/content/historical/DERIVATIVES/2019/JAN/fo29JAN2019bhav.csv.zip,SUCCESS,200,481672,83704674f66746d7fb75b4d613b983a94706785b0710abb3dbe9ec7fe0eff813,
2019-03-25,legacy,https://nsearchives.nseindia.com/content/historical/DERIVATIVES/2019/MAR/fo25MAR2019bhav.csv.zip,SUCCESS,200,450001,022e24f644657bb16d498d0716abd0f5f20cdc2d1ce81913243117d9950cd1aa,
2019-03-11,legacy,https://nsearchives.nseindia.com/content/historical/DERIVATIVES/2019/MAR/fo11MAR2019bhav.csv.zip,SUCCESS,200,418538,94f97f82b48c52339d8642dc7d2089ae617a9089b2746a57ae0b1aff57dc623c,
2019-01-24,legacy,https://nsearchives.nseindia.com/content/historical/DERIVATIVES/2019/JAN/fo24JAN2019bhav.csv.zip,SUCCESS,200,458962,c30dd427b113e57f380dcf72985903a300cd745330c660fb44811438a3b4120f,
2019-04-03,legacy,https://nsearchives.nseindia.com/content/historical/DERIVATIVES/2019/APR/fo03APR2019bhav.csv.zip,SUCCESS,200,488690,a170993b71470a582f467b53c14eada601f766cb460fa61ddc489b52dc576604,
2019-04-04,legacy,https://nsearchives.nseindia.com/content/historical/DERIVATIVES/2019/APR/fo04APR2019bhav.csv.zip,SUCCESS,200,489748,500ff36cbf032cb6e4b4c47681114895c63c0864495138cd3d6257942f77a98a,
2019-03-15,legacy,https://nsearchives.nseindia.com/content/historical/DERIVATIVES/2019/MAR/fo15MAR2019bhav.csv.zip,SUCCESS,200,434584,6065c6b55387bfd3e455430f216bdfce264bf5cf09fca6704faf439e5e8ebc4d,
2018-11-12,legacy,https://nsearchives.nseindia.com/content/historical/DERIVATIVES/2018/NOV/fo12NOV2018bhav.csv.zip,SUCCESS,200,512687,d8430f6df116489a5150784fddd84f46b77650ae4b5cd7488c1533ef4b9c0401,
2019-03-26,legacy,https://nsearchives.nseindia.com/content/historical/DERIVATIVES/2019/MAR/fo26MAR2019bhav.csv.zip,SUCCESS,200,455239,d27c75772371c6719b3374efe507c952cbfec7f416d05b4d47aabf2c321bc9d3,
2019-04-12,legacy,https://nsearchives.nseindia.com/content/historical/DERIVATIVES/2019/APR/fo12APR2019bhav.csv.zip,SUCCESS,200,486478,414884b2280bd025654098f419e553abccee3faad4dafc8e12b1d61c16d40bfd,
2019-04-11,legacy,https://nsearchives.nseindia.com/content/historical/DERIVATIVES/2019/APR/fo11APR2019bhav.csv.zip,SUCCESS,200,487155,67029ce589ff52bdcd0d20fc931325d9623c96742c820aa09a4920cd30cba2b2,
2019-04-23,legacy,https://nsearchives.nseindia.com/content/historical/DERIVATIVES/2019/APR/fo23APR2019bhav.csv.zip,SUCCESS,200,523409,c04985d998999ae2974b1250fc11a7170192098d8db9ab7b3d5b00561768eef6,
2019-04-15,legacy,https://nsearchives.nseindia.com/content/historical/DERIVATIVES/2019/APR/fo15APR2019bhav.csv.zip,SUCCESS,200,487828,7c6b9ca2df164435d78fb033c5e9da8557343d6b8743bf61bba73d393f8cded7,
2019-04-09,legacy,https://nsearchives.nseindia.com/content/historical/DERIVATIVES/2019/APR/fo09APR2019bhav.csv.zip,SUCCESS,200,488554,82ef35ae01bd731069999f34c97341f400851a0804b80ce5fc5ecf7a6aba8a65,
2019-03-01,legacy,https://nsearchives.nseindia.com/content/historical/DERIVATIVES/2019/MAR/fo01MAR2019bhav.csv.zip,SUCCESS,200,403416,463845489fd6ac35760cf19e78e70bd115587f8388ec9f5156934161828604b2,
2019-04-18,legacy,https://nsearchives.nseindia.com/content/historical/DERIVATIVES/2019/APR/fo18APR2019bhav.csv.zip,SUCCESS,200,517639,433d6e64266b643c350169e3991c3f422ab89ceb9bb70d3cafa25ccf866fd3c3,
2019-05-13,legacy,https://nsearchives.nseindia.com/content/historical/DERIVATIVES/2019/MAY/fo13MAY2019bhav.csv.zip,SUCCESS,200,477005,df3b758bc915d9fd7c98b988941a2e6a6c876d9df340cf72e9e99482fd2d1db4,
2019-05-22,legacy,https://nsearchives.nseindia.com/content/historical/DERIVATIVES/2019/MAY/fo22MAY2019bhav.csv.zip,SUCCESS,200,495502,d2351867452d3504d5f314cdaadd6c55747dba640f906fbaa51899f4c0dc3c7f,
2019-05-21,legacy,https://nsearchives.nseindia.com/content/historical/DERIVATIVES/2019/MAY/fo21MAY2019bhav.csv.zip,SUCCESS,200,495825,92334f8f124d497f42dffa5e43d73343c7b77600079964bfc5aa19a696a88561,
2019-04-25,legacy,https://nsearchives.nseindia.com/content/historical/DERIVATIVES/2019/APR/fo25APR2019bhav.csv.zip,SUCCESS,200,530743,6d387864c46c5880728d82bbbf101b42e4bf1a79fcaa176cae4493f068db5950,
2019-05-06,legacy,https://nsearchives.nseindia.com/content/historical/DERIVATIVES/2019/MAY/fo06MAY2019bhav.csv.zip,SUCCESS,200,467208,4761918bebe2863ee3950d07a124fb048c4658a642b75b3fc8ee10c0a1de6394,
2019-05-03,legacy,https://nsearchives.nseindia.com/content/historical/DERIVATIVES/2019/MAY/fo03MAY2019bhav.csv.zip,SUCCESS,200,466884,04f558513cb3038a175428262e73df72029a0f7f2e1ed8087caa7cea421485f5,
2019-05-16,legacy,https://nsearchives.nseindia.com/content/historical/DERIVATIVES/2019/MAY/fo16MAY2019bhav.csv.zip,SUCCESS,200,482305,82d6d7631aaa8e02683de51a63775f074eeaa708c3c9a876df9dc896b5e70b83,
2019-03-05,legacy,https://nsearchives.nseindia.com/content/historical/DERIVATIVES/2019/MAR/fo05MAR2019bhav.csv.zip,SUCCESS,200,409476,4499ff3dc13da284a31e9b8cedbd94171e74a79ad96100cfab1dc85d0c94e079,
2019-05-17,legacy,https://nsearchives.nseindia.com/content/historical/DERIVATIVES/2019/MAY/fo17MAY2019bhav.csv.zip,SUCCESS,200,483573,868584419a80932a5a37ce6b008a4d1e7f0a6a4d0436ccc91d52774a3d063ccd,
2019-05-07,legacy,https://nsearchives.nseindia.com/content/historical/DERIVATIVES/2019/MAY/fo07MAY2019bhav.csv.zip,SUCCESS,200,470147,cd0b0b4b6182c905b5e6eeb0938253b18e55ded95dfa5dd73c0236e8c4d1c406,
2019-05-09,legacy,https://nsearchives.nseindia.com/content/historical/DERIVATIVES/2019/MAY/fo09MAY2019bhav.csv.zip,SUCCESS,200,473509,0e2d0af7b05c74a1c5a3b4ec46d65aac394d8047da1dcee6dad1624b24ec0c55,
2019-05-02,legacy,https://nsearchives.nseindia.com/content/historical/DERIVATIVES/2019/MAY/fo02MAY2019bhav.csv.zip,SUCCESS,200,466481,da77dfee30ee28685f67992f62fa905b5a51d08eec41027712337cf8501ad93b,
2019-05-27,legacy,https://nsearchives.nseindia.com/content/historical/DERIVATIVES/2019/MAY/fo27MAY2019bhav.csv.zip,SUCCESS,200,513281,bc518adbd380213aabb4c7b035113786a7547ca1cb23053597669f6e4552cdef,
2019-04-16,legacy,https://nsearchives.nseindia.com/content/historical/DERIVATIVES/2019/APR/fo16APR2019bhav.csv.zip,SUCCESS,200,512414,9422d2349c6c2a5429100dda7ac7f134abb33087a82751350d87d4d97f879377,
2019-06-10,legacy,https://nsearchives.nseindia.com/content/historical/DERIVATIVES/2019/JUN/fo10JUN2019bhav.csv.zip,SUCCESS,200,444848,0c751a807e702daaa874ed81b4888640c3f06d9576ab880726deab999939a914,
2019-05-20,legacy,https://nsearchives.nseindia.com/content/historical/DERIVATIVES/2019/MAY/fo20MAY2019bhav.csv.zip,SUCCESS,200,494727,425809c9163456c8ea4b8dda144c5897ff72683ce63c120d3b479dbb9ed06ec0,
2019-05-29,legacy,https://nsearchives.nseindia.com/content/historical/DERIVATIVES/2019/MAY/fo29MAY2019bhav.csv.zip,SUCCESS,200,517796,cca56034ea92dddd6ad52fd61e4323919d280f6f34d4caaee2e59dd93d9624b6,
2019-05-31,legacy,https://nsearchives.nseindia.com/content/historical/DERIVATIVES/2019/MAY/fo31MAY2019bhav.csv.zip,SUCCESS,200,442986,ebd733613d84b7fe614e6b3409f6e4b378ec71a4416df9443106f0e91178ad51,
2019-05-14,legacy,https://nsearchives.nseindia.com/content/historical/DERIVATIVES/2019/MAY/fo14MAY2019bhav.csv.zip,SUCCESS,200,482030,ffaff9a045599e11f54f1d124021638ee956230d4b2e476324628e8697a2a864,
2019-05-08,legacy,https://nsearchives.nseindia.com/content/historical/DERIVATIVES/2019/MAY/fo08MAY2019bhav.csv.zip,SUCCESS,200,473440,f16315fe6c2f745ac6d367516ff7ec5bbe3b60d30bccad53792360036d4ff41c,
2019-05-15,legacy,https://nsearchives.nseindia.com/content/historical/DERIVATIVES/2019/MAY/fo15MAY2019bhav.csv.zip,SUCCESS,200,480376,9df3afabfadd04edad6111ae86b4b6908d0c542ab8b6cc1f13cdd3a555eeeff5,
2019-06-17,legacy,https://nsearchives.nseindia.com/content/historical/DERIVATIVES/2019/JUN/fo17JUN2019bhav.csv.zip,SUCCESS,200,451195,4a11ac175e90bd266eb7bef0ecde5a39a1671b33f6f3217e7d4322464da7e549,
2019-06-11,legacy,https://nsearchives.nseindia.com/content/historical/DERIVATIVES/2019/JUN/fo11JUN2019bhav.csv.zip,SUCCESS,200,445369,86292556dd44d42ab07321226a2d5ced4629076cc0c0fad866d2b3d0acb66645,
2019-04-24,legacy,https://nsearchives.nseindia.com/content/historical/DERIVATIVES/2019/APR/fo24APR2019bhav.csv.zip,SUCCESS,200,528015,32c818b031c59c77248537925d2e287d3149da064d256f85b296d94ed3967484,
2019-06-14,legacy,https://nsearchives.nseindia.com/content/historical/DERIVATIVES/2019/JUN/fo14JUN2019bhav.csv.zip,SUCCESS,200,444928,1e380cb7e9edaf40dafa603762088027b95969a6d0849243ca85a4554e5fe2d9,
2019-06-24,legacy,https://nsearchives.nseindia.com/content/historical/DERIVATIVES/2019/JUN/fo24JUN2019bhav.csv.zip,SUCCESS,200,463107,539dc28a59ab020861bb78ca1bb57f72fff85027d780826dab96d185323e147c,
2019-05-24,legacy,https://nsearchives.nseindia.com/content/historical/DERIVATIVES/2019/MAY/fo24MAY2019bhav.csv.zip,SUCCESS,200,507165,8e2f7b45741c200ce9c22203dbec3ab5e7c7aea6a319ded8088609958813819a,
2019-05-10,legacy,https://nsearchives.nseindia.com/content/historical/DERIVATIVES/2019/MAY/fo10MAY2019bhav.csv.zip,SUCCESS,200,470786,24abaafcf897a58ff3b55d538bbfbe0f38aab3859eea5a6eb709ddedcbd9f5c2,
2019-06-06,legacy,https://nsearchives.nseindia.com/content/historical/DERIVATIVES/2019/JUN/fo06JUN2019bhav.csv.zip,SUCCESS,200,450068,7d76714fb39edf2855dd6a8240df56b7673cd49afba3dd15b1edad35a06fbb6d,
2019-06-25,legacy,https://nsearchives.nseindia.com/content/historical/DERIVATIVES/2019/JUN/fo25JUN2019bhav.csv.zip,SUCCESS,200,468932,fd2e978b361a45c4bba2249bfbb7b681b970f1f71aea66a1c50bb7ab8e47dba3,
2019-07-01,legacy,https://nsearchives.nseindia.com/content/historical/DERIVATIVES/2019/JUL/fo01JUL2019bhav.csv.zip,SUCCESS,200,419410,46e2264ed619ac3f8fc070533eed3e77b8f5f9a21261eec835b162ca6e08634a,
2019-06-28,legacy,https://nsearchives.nseindia.com/content/historical/DERIVATIVES/2019/JUN/fo28JUN2019bhav.csv.zip,SUCCESS,200,418150,6386485378871f9aa84f1c8ea7f12a1a0ab447f8771340bc37c5b753c94e27f1,
2019-07-02,legacy,https://nsearchives.nseindia.com/content/historical/DERIVATIVES/2019/JUL/fo02JUL2019bhav.csv.zip,SUCCESS,200,418981,b2e8fa05702025ed7d6f1774ff3148fd3e178dd4de8c80d6bf1ac14be79dd2aa,
2019-06-12,legacy,https://nsearchives.nseindia.com/content/historical/DERIVATIVES/2019/JUN/fo12JUN2019bhav.csv.zip,SUCCESS,200,444973,eeeb6ec1c8c734aa5031e9a5afbc598acc8853c18360496c7b686819259cd042,
2019-06-19,legacy,https://nsearchives.nseindia.com/content/historical/DERIVATIVES/2019/JUN/fo19JUN2019bhav.csv.zip,SUCCESS,200,461359,951def82b48fb4246743ec1302a32ede1721fe69981335629e9c97ee1331027d,
2019-06-20,legacy,https://nsearchives.nseindia.com/content/historical/DERIVATIVES/2019/JUN/fo20JUN2019bhav.csv.zip,SUCCESS,200,464381,8ed4166ec90454744e73b28eedd0faad540e267bd37bc929a5133e4286a01e4a,
2019-06-27,legacy,https://nsearchives.nseindia.com/content/historical/DERIVATIVES/2019/JUN/fo27JUN2019bhav.csv.zip,SUCCESS,200,472941,2c6289227e53daec1020ec3dd3ce479848cbd678f4e8fe81a146038a4b6da6d5,
2019-07-12,legacy,https://nsearchives.nseindia.com/content/historical/DERIVATIVES/2019/JUL/fo12JUL2019bhav.csv.zip,SUCCESS,200,434476,9b3614eb027f8ea0be8851b043494e15b389ab602a4cc8b13316616032ef6df9,
2019-06-21,legacy,https://nsearchives.nseindia.com/content/historical/DERIVATIVES/2019/JUN/fo21JUN2019bhav.csv.zip,SUCCESS,200,464609,d030efed3b16cbfdd455490a11bde12bf72892bdcda9ca938bab12ae6a23521a,
2019-07-11,legacy,https://nsearchives.nseindia.com/content/historical/DERIVATIVES/2019/JUL/fo11JUL2019bhav.csv.zip,SUCCESS,200,436962,c8c7122e4a1c18f7cf25688ec01bea1128a63e36f3f7e566c051e8aa0702e16b,
2019-06-07,legacy,https://nsearchives.nseindia.com/content/historical/DERIVATIVES/2019/JUN/fo07JUN2019bhav.csv.zip,SUCCESS,200,446744,106e4985a890549f01be3d41d992b2e8e47d0d6642f37ca445087b202a5061f3,
2019-06-13,legacy,https://nsearchives.nseindia.com/content/historical/DERIVATIVES/2019/JUN/fo13JUN2019bhav.csv.zip,SUCCESS,200,446728,ec77947c42e77ed78300a04e5bee817fbc4a67630906bcb7d66e888e2bfa3202,
2019-06-03,legacy,https://nsearchives.nseindia.com/content/historical/DERIVATIVES/2019/JUN/fo03JUN2019bhav.csv.zip,SUCCESS,200,441146,01f0e1e2b9b8899b197fa2507e127fc774f5598312ff4fa5d079e103c9a58ca1,
2019-05-28,legacy,https://nsearchives.nseindia.com/content/historical/DERIVATIVES/2019/MAY/fo28MAY2019bhav.csv.zip,SUCCESS,200,516417,8e58e97f272d45d5b02941565d12aa815a1af6e9af015eecc9a7629410c49bc5,
2019-04-26,legacy,https://nsearchives.nseindia.com/content/historical/DERIVATIVES/2019/APR/fo26APR2019bhav.csv.zip,SUCCESS,200,461251,cf1b043d91daaa337382bf7abd7f55f708656cff5563d55647c09c608f85ee3d,
2019-05-23,legacy,https://nsearchives.nseindia.com/content/historical/DERIVATIVES/2019/MAY/fo23MAY2019bhav.csv.zip,SUCCESS,200,503732,c8bbb2bc5d7e1b9f316143779ac7a88c5caa7f2d08c514accd5b0e63188e86ba,
2019-07-19,legacy,https://nsearchives.nseindia.com/content/historical/DERIVATIVES/2019/JUL/fo19JUL2019bhav.csv.zip,SUCCESS,200,456445,d62786da5297c060c681d85313345ae70496df4c79a6a2573baaec2e933d9ec6,
2019-07-16,legacy,https://nsearchives.nseindia.com/content/historical/DERIVATIVES/2019/JUL/fo16JUL2019bhav.csv.zip,SUCCESS,200,440965,824d38ae2dd8dfeeb11ae05a6dbe17490dc2a2512b51272662cb694ed112ad0c,
2019-06-18,legacy,https://nsearchives.nseindia.com/content/historical/DERIVATIVES/2019/JUN/fo18JUN2019bhav.csv.zip,SUCCESS,200,454332,49ef66f9a5b0b4c13cbc3cbbc6edefacbc1d8883f835e35b2a1940b576be8879,
2019-07-15,legacy,https://nsearchives.nseindia.com/content/historical/DERIVATIVES/2019/JUL/fo15JUL2019bhav.csv.zip,SUCCESS,200,435670,0f5943d38b07f01e8e27119c108368355ba87c939a3ab395b6f3e11c1bed50c4,
2019-07-22,legacy,https://nsearchives.nseindia.com/content/historical/DERIVATIVES/2019/JUL/fo22JUL2019bhav.csv.zip,SUCCESS,200,461705,d08e56cb340bb0e807a45308e4fda894aa823a19da5f2b594a52a1622f87f188,
2019-07-24,legacy,https://nsearchives.nseindia.com/content/historical/DERIVATIVES/2019/JUL/fo24JUL2019bhav.csv.zip,SUCCESS,200,474138,0b342ccddb7ae6545fcc274715fec78c4dce680500de2cddd5aeca48fb191a84,
2019-06-04,legacy,https://nsearchives.nseindia.com/content/historical/DERIVATIVES/2019/JUN/fo04JUN2019bhav.csv.zip,SUCCESS,200,444728,e17062286210a9386ff13e759224be8554d84eaabfe1de17514b04f95cd60b55,
2019-07-25,legacy,https://nsearchives.nseindia.com/content/historical/DERIVATIVES/2019/JUL/fo25JUL2019bhav.csv.zip,SUCCESS,200,475369,bf8e9fbbaef550d040dc0ae37617a4ff2df7d33f957c4289b7c4db7a95b7085f,
2019-02-01,legacy,https://nsearchives.nseindia.com/content/historical/DERIVATIVES/2019/FEB/fo01FEB2019bhav.csv.zip,SUCCESS,200,417921,dc8f593e92a4891dacbab0daed125e23ffd5500376872aaf186998c9044d579f,
2019-06-26,legacy,https://nsearchives.nseindia.com/content/historical/DERIVATIVES/2019/JUN/fo26JUN2019bhav.csv.zip,SUCCESS,200,473830,d2cacae36466f3071f487359014313203e199ca0238a134197ce7f1016c55d43,
2019-07-23,legacy,https://nsearchives.nseindia.com/content/historical/DERIVATIVES/2019/JUL/fo23JUL2019bhav.csv.zip,SUCCESS,200,464772,fbfdc7e45f832a5a79a904fb21d4797f6c6fdda06b316e2aeb817e747b8df79e,
2019-08-02,legacy,https://nsearchives.nseindia.com/content/historical/DERIVATIVES/2019/AUG/fo02AUG2019bhav.csv.zip,SUCCESS,200,431633,8d9bd32b839a9b7dcc55714d5c0fef57375c09acb85e546a3f72cbfcb1c5690f,
2019-04-30,legacy,https://nsearchives.nseindia.com/content/historical/DERIVATIVES/2019/APR/fo30APR2019bhav.csv.zip,SUCCESS,200,465121,75dfbf4b9404287cac4ae42214ceaf9b01d2dbec309f4ca1549c322bdfea32a4,
2019-07-03,legacy,https://nsearchives.nseindia.com/content/historical/DERIVATIVES/2019/JUL/fo03JUL2019bhav.csv.zip,SUCCESS,200,420112,a9681f73f9e06991d81000d76e7b14ba989bc1fb9b99e316fa4af0c711cab2a4,
2019-07-18,legacy,https://nsearchives.nseindia.com/content/historical/DERIVATIVES/2019/JUL/fo18JUL2019bhav.csv.zip,SUCCESS,200,446832,ca58aabd9a74ae0a263b2248aaebcdaf09037ff86165376800b205d146b3d296,
2019-08-16,legacy,https://nsearchives.nseindia.com/content/historical/DERIVATIVES/2019/AUG/fo16AUG2019bhav.csv.zip,SUCCESS,200,439699,de4ef791a789128f46a59fcd154a7401955ee4b829bd8796b30f6cbc221f910f,
2019-08-13,legacy,https://nsearchives.nseindia.com/content/historical/DERIVATIVES/2019/AUG/fo13AUG2019bhav.csv.zip,SUCCESS,200,445978,01ab36e94e1c6fb3577286f03feaeac6ec5d353a8b5f297480f1bc4eeac57643,
2019-08-19,legacy,https://nsearchives.nseindia.com/content/historical/DERIVATIVES/2019/AUG/fo19AUG2019bhav.csv.zip,SUCCESS,200,441603,1a1ecfd6b5840616cec5c0b64407d4d446975276295b89d7b023a5ae7986b66a,
2019-07-08,legacy,https://nsearchives.nseindia.com/content/historical/DERIVATIVES/2019/JUL/fo08JUL2019bhav.csv.zip,SUCCESS,200,435692,36241fd742f7e31324db945ee461a017a63a6b0bac4c1e9abea442b7d3a18c68,
2019-08-01,legacy,https://nsearchives.nseindia.com/content/historical/DERIVATIVES/2019/AUG/fo01AUG2019bhav.csv.zip,SUCCESS,200,430094,8314e18c3d263c21a04179292950f71b391313add33fe50812164bcfcc1a0edd,
2019-07-05,legacy,https://nsearchives.nseindia.com/content/historical/DERIVATIVES/2019/JUL/fo05JUL2019bhav.csv.zip,SUCCESS,200,427277,fa457f6c6f7543c69a4e71f89c24790bc7e9d966098f4b5b9d245e7ef356b1cb,
2019-08-08,legacy,https://nsearchives.nseindia.com/content/historical/DERIVATIVES/2019/AUG/fo08AUG2019bhav.csv.zip,SUCCESS,200,441842,218325592d0278517e0da83974f42c447fa7b7355e263d6850d611a6be233c60,
2019-08-09,legacy,https://nsearchives.nseindia.com/content/historical/DERIVATIVES/2019/AUG/fo09AUG2019bhav.csv.zip,SUCCESS,200,443994,b94be8a16ec974b24a7af37e4c851057c541b750ce73e9cfb6e14ab05caec93d,
2019-08-14,legacy,https://nsearchives.nseindia.com/content/historical/DERIVATIVES/2019/AUG/fo14AUG2019bhav.csv.zip,SUCCESS,200,445633,cb57da37714baacc7ab05e67f3257f0031bb8b83995cfd39b632fedd619a6fd6,
2019-07-30,legacy,https://nsearchives.nseindia.com/content/historical/DERIVATIVES/2019/JUL/fo30JUL2019bhav.csv.zip,SUCCESS,200,422787,9a20d4090d359d1858c90c674c29e42ef995d2001e97159ae2ad67130c2204a0,
2019-09-03,legacy,https://nsearchives.nseindia.com/content/historical/DERIVATIVES/2019/SEP/fo03SEP2019bhav.csv.zip,SUCCESS,200,410209,3636b117857ca51fe5fb7908ab621f4b82462864603fdf3d9a8395daf4a35fa4,
2019-08-20,legacy,https://nsearchives.nseindia.com/content/historical/DERIVATIVES/2019/AUG/fo20AUG2019bhav.csv.zip,SUCCESS,200,448686,f3a66969e90571a8d92789c11a54bdaa3d27922eda30d13cb01b87ae672b3d72,
2019-08-27,legacy,https://nsearchives.nseindia.com/content/historical/DERIVATIVES/2019/AUG/fo27AUG2019bhav.csv.zip,SUCCESS,200,479561,b49ced2b1e1f803c58b5d66d6c1797febe1bee42631bcf0efde91ed9a7c95dee,
2019-08-23,legacy,https://nsearchives.nseindia.com/content/historical/DERIVATIVES/2019/AUG/fo23AUG2019bhav.csv.zip,SUCCESS,200,470939,6f55280d1d7023c1210054c6480c6f6457abd63e69363b3007a62028393fb0bc,
2019-07-17,legacy,https://nsearchives.nseindia.com/content/historical/DERIVATIVES/2019/JUL/fo17JUL2019bhav.csv.zip,SUCCESS,200,442560,ebba676a3d6d712baaa00d2244693963df94446d58fbf6389f62b8a300d274e7,
2019-09-05,legacy,https://nsearchives.nseindia.com/content/historical/DERIVATIVES/2019/SEP/fo05SEP2019bhav.csv.zip,SUCCESS,200,411135,2a3e701a82e462bc5b1cc81743314ec3153d828136b1e76362e7322eb80ba8e5,
2019-08-28,legacy,https://nsearchives.nseindia.com/content/historical/DERIVATIVES/2019/AUG/fo28AUG2019bhav.csv.zip,SUCCESS,200,704834,1b56d963158231713eefbba8ff8e3c77eb1abbdffad0adb52596c34ef77b7e87,
2018-10-12,legacy,https://nsearchives.nseindia.com/content/historical/DERIVATIVES/2018/OCT/fo12OCT2018bhav.csv.zip,SUCCESS,200,549406,afc4070f08c23c986c796348e091d048220e208b92974e56597427265d7dca43,
2019-09-12,legacy,https://nsearchives.nseindia.com/content/historical/DERIVATIVES/2019/SEP/fo12SEP2019bhav.csv.zip,SUCCESS,200,413601,d3c916c1e2250f622d80abf313495fd3ac7845bd3bad722617b76d13679d1d40,
2019-07-26,legacy,https://nsearchives.nseindia.com/content/historical/DERIVATIVES/2019/JUL/fo26JUL2019bhav.csv.zip,SUCCESS,200,411648,98f9ec83159902b0f4aaecea001d956428e8a507c76c8ab367ef25d80b02d491,
2019-01-18,legacy,https://nsearchives.nseindia.com/content/historical/DERIVATIVES/2019/JAN/fo18JAN2019bhav.csv.zip,SUCCESS,200,451302,6e4bb987f3a460bbf669167f43e523e68ce11c641fb7f13a714167cf187a84d9,
2019-08-26,legacy,https://nsearchives.nseindia.com/content/historical/DERIVATIVES/2019/AUG/fo26AUG2019bhav.csv.zip,SUCCESS,200,475366,17cd82c5507a7a4322f31dda950298759e27e413b3612eaf623cf44d7ea26a1f,
2019-08-21,legacy,https://nsearchives.nseindia.com/content/historical/DERIVATIVES/2019/AUG/fo21AUG2019bhav.csv.zip,SUCCESS,200,453646,a9a2315a11a1e88a99d3255bd0ccf132f42ab6b44de1587bff412512bcc4b502,
2019-09-06,legacy,https://nsearchives.nseindia.com/content/historical/DERIVATIVES/2019/SEP/fo06SEP2019bhav.csv.zip,SUCCESS,200,409280,f0198c1fc479eac98c96f393220551a1b960a9be574e6a63337ec19c4edb76be,
2019-08-05,legacy,https://nsearchives.nseindia.com/content/historical/DERIVATIVES/2019/AUG/fo05AUG2019bhav.csv.zip,SUCCESS,200,432626,52d3a27ffb927529db7918ab7be448b93469aab8cab42ddde5880a7ae6b1bb3f,
2019-09-11,legacy,https://nsearchives.nseindia.com/content/historical/DERIVATIVES/2019/SEP/fo11SEP2019bhav.csv.zip,SUCCESS,200,412850,5719b2fceedcf1c29d281602c95d011194c12e4da17f8b0cf4df17d887724e68,
2019-03-14,legacy,https://nsearchives.nseindia.com/content/historical/DERIVATIVES/2019/MAR/fo14MAR2019bhav.csv.zip,ERROR,0,0,,"HTTPSConnectionPool(host='nsearchives.nseindia.com', port=443): Read timed out."
2019-07-29,legacy,https://nsearchives.nseindia.com/content/historical/DERIVATIVES/2019/JUL/fo29JUL2019bhav.csv.zip,SUCCESS,200,416390,657928b9e0b6128e5b3f3b5ecbf918285571167dd2c047ea8421723defd658ee,
2019-09-26,legacy,https://nsearchives.nseindia.com/content/historical/DERIVATIVES/2019/SEP/fo26SEP2019bhav.csv.zip,SUCCESS,200,465031,b1f59c70b7f36a9ff3c171a753fbf1c242d09fcae505fe659db04e519ccf774d,
2019-05-30,legacy,https://nsearchives.nseindia.com/content/historical/DERIVATIVES/2019/MAY/fo30MAY2019bhav.csv.zip,SUCCESS,200,516254,5155ed6765e7fb751fdc0d10ea5ec87c387e3a4bc57d948f63c09946736b7247,
2019-08-29,legacy,https://nsearchives.nseindia.com/content/historical/DERIVATIVES/2019/AUG/fo29AUG2019bhav.csv.zip,SUCCESS,200,479517,d908b01ff9ab160193426af821fd8d33353c50bf31d6d4e546800295c3d04229,
2019-09-17,legacy,https://nsearchives.nseindia.com/content/historical/DERIVATIVES/2019/SEP/fo17SEP2019bhav.csv.zip,SUCCESS,200,419064,3c605383274655db8b98cf77f32231ccb8c1b3a383265391da9eeb2363ccca0d,
2019-09-04,legacy,https://nsearchives.nseindia.com/content/historical/DERIVATIVES/2019/SEP/fo04SEP2019bhav.csv.zip,SUCCESS,200,411884,a9652198c5eae4550f370b003b0ca66de70a1ac133d4b81e514d1b4909172fa0,
2019-09-18,legacy,https://nsearchives.nseindia.com/content/historical/DERIVATIVES/2019/SEP/fo18SEP2019bhav.csv.zip,SUCCESS,200,418713,86061c1aab4b73bfcb3d21134f20978f3d984a56d572a21506b69712a57ea5b8,
2019-09-20,legacy,https://nsearchives.nseindia.com/content/historical/DERIVATIVES/2019/SEP/fo20SEP2019bhav.csv.zip,SUCCESS,200,449002,fa3b8d2c8e4cf7154d7cff4231f5712aec2224fe09a57602097c17a084ee9f3b,
2019-10-01,legacy,https://nsearchives.nseindia.com/content/historical/DERIVATIVES/2019/OCT/fo01OCT2019bhav.csv.zip,SUCCESS,200,423195,99ac99d4c2e3f5801674d123dc559a05a6bcc5c1651af330847a7a29b10c4a7a,
2019-07-10,legacy,https://nsearchives.nseindia.com/content/historical/DERIVATIVES/2019/JUL/fo10JUL2019bhav.csv.zip,SUCCESS,200,437084,182e0660778877475f39adfb12811102813aef829d952978d889951e6adfc478,
2019-09-16,legacy,https://nsearchives.nseindia.com/content/historical/DERIVATIVES/2019/SEP/fo16SEP2019bhav.csv.zip,SUCCESS,200,413186,c441b3d27e877047dda06fd08a4467cdaf095d57948eb05cdf10887f0af0806e,
2019-09-25,legacy,https://nsearchives.nseindia.com/content/historical/DERIVATIVES/2019/SEP/fo25SEP2019bhav.csv.zip,SUCCESS,200,461516,e6ffc712a3cb5bb13ca1c8a4350637bdeeeed01c4a2f0d0c73069f4b0278f2ad,
2019-09-24,legacy,https://nsearchives.nseindia.com/content/historical/DERIVATIVES/2019/SEP/fo24SEP2019bhav.csv.zip,SUCCESS,200,460795,00d8d2fd54bf4004ce589acf2c1dcd8d79e9f18ae15c65f2bb470d4468d58f4a,
2019-10-23,legacy,https://nsearchives.nseindia.com/content/historical/DERIVATIVES/2019/OCT/fo23OCT2019bhav.csv.zip,SUCCESS,200,436944,fa9e0e764a145c94520076fcbe7258c098a58620aa7559f95c5354cb19788087,
2019-10-04,legacy,https://nsearchives.nseindia.com/content/historical/DERIVATIVES/2019/OCT/fo04OCT2019bhav.csv.zip,SUCCESS,200,420537,3ac480cfbb8c7bbb4ab22325e87c2b2dbe0d2fa922f2e2d553b0588d581a7f13,
2019-10-03,legacy,https://nsearchives.nseindia.com/content/historical/DERIVATIVES/2019/OCT/fo03OCT2019bhav.csv.zip,SUCCESS,200,421030,d40e31634316ba967dc4a2751a77e74f4de370aa4fb3d07a1236fefa382f0953,
2019-09-09,legacy,https://nsearchives.nseindia.com/content/historical/DERIVATIVES/2019/SEP/fo09SEP2019bhav.csv.zip,SUCCESS,200,409417,3fa68c1be653408f9c14781b8159578d92a96da11ac4def59dc71a770ae4cf3c,
2019-10-15,legacy,https://nsearchives.nseindia.com/content/historical/DERIVATIVES/2019/OCT/fo15OCT2019bhav.csv.zip,SUCCESS,200,424805,e603a35449d1df8064f2132796c46e1cebe93b0c3c9ba4b50ddb66ef3f345210,
2019-10-14,legacy,https://nsearchives.nseindia.com/content/historical/DERIVATIVES/2019/OCT/fo14OCT2019bhav.csv.zip,SUCCESS,200,422665,270239e9dcb3facfebf094187b3af25aeb7fa40e7c3c842205f81fcda9702eb8,
2019-08-07,legacy,https://nsearchives.nseindia.com/content/historical/DERIVATIVES/2019/AUG/fo07AUG2019bhav.csv.zip,SUCCESS,200,437668,ccaec52574bc90bf181a2e8774380ff6ba0bce7889d4799468957d2ffeaf9af1,
2019-07-04,legacy,https://nsearchives.nseindia.com/content/historical/DERIVATIVES/2019/JUL/fo04JUL2019bhav.csv.zip,SUCCESS,200,421410,516b4c78c619edd7a0dbc47140539915feaffc1b91a8d457503a71d5348f7a6e,
2019-10-22,legacy,https://nsearchives.nseindia.com/content/historical/DERIVATIVES/2019/OCT/fo22OCT2019bhav.csv.zip,SUCCESS,200,435521,6391c202e3bbbb0760b337b599b67672a4fef0636abfb3a418106bacf5d71c58,
2019-10-09,legacy,https://nsearchives.nseindia.com/content/historical/DERIVATIVES/2019/OCT/fo09OCT2019bhav.csv.zip,SUCCESS,200,427206,7ac9d38639a0dd0ff07f537df38f3090ca0d4a4e239fc2cacd5e42eca146f958,
2019-11-01,legacy,https://nsearchives.nseindia.com/content/historical/DERIVATIVES/2019/NOV/fo01NOV2019bhav.csv.zip,SUCCESS,200,399486,5b5d1de518ca573d3f4865c17c525075bcf9a5b9826559a481503ec0cd52cb5f,
2019-10-31,legacy,https://nsearchives.nseindia.com/content/historical/DERIVATIVES/2019/OCT/fo31OCT2019bhav.csv.zip,SUCCESS,200,463526,f62623f5e1799fd438678c2ad8cdd0d255540428b3d1ddea7cf29556d96aa149,
2019-09-23,legacy,https://nsearchives.nseindia.com/content/historical/DERIVATIVES/2019/SEP/fo23SEP2019bhav.csv.zip,SUCCESS,200,452954,de998e9274d3add2ebd42e995c8e7fe7c2a14c863fe10b1ec8e2b41472e2dd4e,
2019-09-30,legacy,https://nsearchives.nseindia.com/content/historical/DERIVATIVES/2019/SEP/fo30SEP2019bhav.csv.zip,SUCCESS,200,416901,334f621d0d7c03f20eaed39606f9f9c4addc43b64b7f57a73aed866aa9b424eb,
2019-09-27,legacy,https://nsearchives.nseindia.com/content/historical/DERIVATIVES/2019/SEP/fo27SEP2019bhav.csv.zip,SUCCESS,200,407990,3150f310951de1810597da9f64c0b8d303271aca433c2a77ca78b5a83f2fed9d,
2019-10-16,legacy,https://nsearchives.nseindia.com/content/historical/DERIVATIVES/2019/OCT/fo16OCT2019bhav.csv.zip,SUCCESS,200,423737,2b7c950e344b329900cc23e8f2f8c853bc1c948b19f6b2ba3f0f9e062c5db1c6,
2019-10-18,legacy,https://nsearchives.nseindia.com/content/historical/DERIVATIVES/2019/OCT/fo18OCT2019bhav.csv.zip,SUCCESS,200,431726,46e3ec36459880a97d598a88f38384aaa0c992ae0693f99460879df6640acb99,
2019-09-19,legacy,https://nsearchives.nseindia.com/content/historical/DERIVATIVES/2019/SEP/fo19SEP2019bhav.csv.zip,SUCCESS,200,421339,451d8198a8c6b6c5b81745d4a25fac4fb108a4dac7aa00a3d35172822ce28d0e,
2019-10-30,legacy,https://nsearchives.nseindia.com/content/historical/DERIVATIVES/2019/OCT/fo30OCT2019bhav.csv.zip,SUCCESS,200,466930,076f0213a74b0b885866d00e5d2c3f65e75e03ac859b505ab43244c262cb0a35,
2019-10-29,legacy,https://nsearchives.nseindia.com/content/historical/DERIVATIVES/2019/OCT/fo29OCT2019bhav.csv.zip,SUCCESS,200,458497,ecc087bae33c57f989c4346cdd855283735b23eca34adba31f19ea23181dce2b,
2019-11-20,legacy,https://nsearchives.nseindia.com/content/historical/DERIVATIVES/2019/NOV/fo20NOV2019bhav.csv.zip,SUCCESS,200,423048,cc2d832af289da125b3d9925304e054aedfd4aaaa9c5093ea80d701df4f82285,
2019-07-31,legacy,https://nsearchives.nseindia.com/content/historical/DERIVATIVES/2019/JUL/fo31JUL2019bhav.csv.zip,SUCCESS,200,428373,39eeb2047ca2bcac23365e3a9c49be704d17069e5f7800b49441da31ce50a69c,
2019-10-07,legacy,https://nsearchives.nseindia.com/content/historical/DERIVATIVES/2019/OCT/fo07OCT2019bhav.csv.zip,SUCCESS,200,421545,80ef551fb712a88d1d4c6e36a205c30d3210daaf95546e52c5eb4fba1c6b86ab,
2019-11-15,legacy,https://nsearchives.nseindia.com/content/historical/DERIVATIVES/2019/NOV/fo15NOV2019bhav.csv.zip,SUCCESS,200,412749,79018a3701c636bf3a699dcb5e6d11b889dc158a0695817d440d5719927ed729,
2019-11-11,legacy,https://nsearchives.nseindia.com/content/historical/DERIVATIVES/2019/NOV/fo11NOV2019bhav.csv.zip,SUCCESS,200,405874,6149f7f8290f3e6a4bbde334f0ea4b34650b4e664e7288e2d48307cfe1c480c8,
2019-11-25,legacy,https://nsearchives.nseindia.com/content/historical/DERIVATIVES/2019/NOV/fo25NOV2019bhav.csv.zip,SUCCESS,200,429635,86b216f14a8680857c3eec9125af8cb6c58694823c02df9c4516d14246cd8e4d,
2019-08-30,legacy,https://nsearchives.nseindia.com/content/historical/DERIVATIVES/2019/AUG/fo30AUG2019bhav.csv.zip,SUCCESS,200,409609,0f4072fc37d533b6b4d61cbe3937b6147ffd99e177da7f6de9cdbf2554030a5e,
2019-11-13,legacy,https://nsearchives.nseindia.com/content/historical/DERIVATIVES/2019/NOV/fo13NOV2019bhav.csv.zip,SUCCESS,200,411807,0c6d524331b3cdd57bc3edd39ce8619801b3934f5ceee7f10e0dc2b504fb07f3,
2019-11-14,legacy,https://nsearchives.nseindia.com/content/historical/DERIVATIVES/2019/NOV/fo14NOV2019bhav.csv.zip,SUCCESS,200,412331,23b4e1b3d7ed892242f5768a2ee6ca491298fe9aa47762b408c19888e3575e3a,
2019-11-22,legacy,https://nsearchives.nseindia.com/content/historical/DERIVATIVES/2019/NOV/fo22NOV2019bhav.csv.zip,SUCCESS,200,426246,88406af88f5f5e3a8b4a6cf784df5acd8a502f53d2655655a73e96bfc1192553,
2019-10-10,legacy,https://nsearchives.nseindia.com/content/historical/DERIVATIVES/2019/OCT/fo10OCT2019bhav.csv.zip,SUCCESS,200,422966,817f650fa8a8460aa5bce1706b2dcdacdbd6e9a40f00c3edcd4b1bb15aea6538,
2019-11-05,legacy,https://nsearchives.nseindia.com/content/historical/DERIVATIVES/2019/NOV/fo05NOV2019bhav.csv.zip,SUCCESS,200,403735,30bddfe58470935f46aaa4159542ca7569892bda7108c743685a7b327fddea2d,
2019-11-21,legacy,https://nsearchives.nseindia.com/content/historical/DERIVATIVES/2019/NOV/fo21NOV2019bhav.csv.zip,SUCCESS,200,424309,1196007995c615367a6f498442cbe127ce9b73badc46d184c800f9bafaae342e,
2019-10-25,legacy,https://nsearchives.nseindia.com/content/historical/DERIVATIVES/2019/OCT/fo25OCT2019bhav.csv.zip,SUCCESS,200,447123,8fe7cc86049338a45562646ff29cb3ea23cab5ad64b728f03049c0032a2a0c87,
2019-11-04,legacy,https://nsearchives.nseindia.com/content/historical/DERIVATIVES/2019/NOV/fo04NOV2019bhav.csv.zip,SUCCESS,200,403897,f2cc1741d4e4d9a960cc2e62c551e9b2d601822e4b5aa23794706d70554a5a9c,
2019-11-07,legacy,https://nsearchives.nseindia.com/content/historical/DERIVATIVES/2019/NOV/fo07NOV2019bhav.csv.zip,SUCCESS,200,406598,ca5a1cc9283954d5612749a6dfa3ff16c66edbbeddc518ddb65568c89772be94,
2019-12-05,legacy,https://nsearchives.nseindia.com/content/historical/DERIVATIVES/2019/DEC/fo05DEC2019bhav.csv.zip,SUCCESS,200,380218,51d049b191466ba76dca0f52a83fd8b0965722662abcb156ce4b95446997b202,
2019-12-02,legacy,https://nsearchives.nseindia.com/content/historical/DERIVATIVES/2019/DEC/fo02DEC2019bhav.csv.zip,SUCCESS,200,377223,cf29fe325d767b60a6a49269e6b0dee8ff6e9b9ad9491d3b8671706243f5c299,
2019-11-29,legacy,https://nsearchives.nseindia.com/content/historical/DERIVATIVES/2019/NOV/fo29NOV2019bhav.csv.zip,SUCCESS,200,379969,8c30bc134dcff7ec28e52f967142e1817a3e530b3470640b6a54c2a6a23512e2,
2019-11-19,legacy,https://nsearchives.nseindia.com/content/historical/DERIVATIVES/2019/NOV/fo19NOV2019bhav.csv.zip,SUCCESS,200,417088,ab41b1b284d7a46f3a644da095507d62a0e1589be15cdd1e5dbffcc0ea102e1b,
2019-11-27,legacy,https://nsearchives.nseindia.com/content/historical/DERIVATIVES/2019/NOV/fo27NOV2019bhav.csv.zip,SUCCESS,200,436753,33fbad883554e4f526e6c84bbfeb239ac50b2ffe3813fa2d37e11997f14432eb,
2019-10-17,legacy,https://nsearchives.nseindia.com/content/historical/DERIVATIVES/2019/OCT/fo17OCT2019bhav.csv.zip,SUCCESS,200,427583,8c8a3553619c3306c50151d2c3092980644391e1ab4b0d76fa4374e68ad67a59,
2019-12-04,legacy,https://nsearchives.nseindia.com/content/historical/DERIVATIVES/2019/DEC/fo04DEC2019bhav.csv.zip,SUCCESS,200,380580,b30e4628463702ec3fd17b1e1012ef702179942370b6745a5118bda49e4e727e,
2019-11-28,legacy,https://nsearchives.nseindia.com/content/historical/DERIVATIVES/2019/NOV/fo28NOV2019bhav.csv.zip,SUCCESS,200,434268,c8f056ec717db27491541c92f0f898c9843b533c07f3b27309e0992bc5c304c2,
2019-12-24,legacy,https://nsearchives.nseindia.com/content/historical/DERIVATIVES/2019/DEC/fo24DEC2019bhav.csv.zip,SUCCESS,200,406543,28824ba03a96493dc98852ba0998288b93ea09d1db3674b90387f950a18c4c49,
2019-12-03,legacy,https://nsearchives.nseindia.com/content/historical/DERIVATIVES/2019/DEC/fo03DEC2019bhav.csv.zip,SUCCESS,200,378613,739daa460b1506ac1b2ce537b2ec7cc409ddac60afec86ce8334760e725bf361,
2019-11-08,legacy,https://nsearchives.nseindia.com/content/historical/DERIVATIVES/2019/NOV/fo08NOV2019bhav.csv.zip,SUCCESS,200,408121,cbb1ade8ccd319005566078742dc925a6e8f120fcc3024137e5764254ac90e39,
2019-12-19,legacy,https://nsearchives.nseindia.com/content/historical/DERIVATIVES/2019/DEC/fo19DEC2019bhav.csv.zip,SUCCESS,200,394737,ba239545d11be6bc075d1970241707f93ef87a8b06fa6050762d7b6c2831c244,
2019-12-12,legacy,https://nsearchives.nseindia.com/content/historical/DERIVATIVES/2019/DEC/fo12DEC2019bhav.csv.zip,SUCCESS,200,384692,522eaac90e733c19bfa36eaf3314ba333d67c8bbe7c7184e1585c4ee4edc2744,
2019-12-20,legacy,https://nsearchives.nseindia.com/content/historical/DERIVATIVES/2019/DEC/fo20DEC2019bhav.csv.zip,SUCCESS,200,400394,bcd08d7f7a709cf549342748bffb70536062fc03d00075747e5737fe539c4837,
2019-10-24,legacy,https://nsearchives.nseindia.com/content/historical/DERIVATIVES/2019/OCT/fo24OCT2019bhav.csv.zip,SUCCESS,200,439676,dcbb7b8dab8d22d92958982de0880a62c8dc3c3a89f739f3f88c0f86e215af72,
2019-12-13,legacy,https://nsearchives.nseindia.com/content/historical/DERIVATIVES/2019/DEC/fo13DEC2019bhav.csv.zip,SUCCESS,200,387483,179fef5378208a1d3d47d58a5a4cdfe15673715fedbbf6f97bca0711cffc961c,
2019-12-11,legacy,https://nsearchives.nseindia.com/content/historical/DERIVATIVES/2019/DEC/fo11DEC2019bhav.csv.zip,SUCCESS,200,385506,9ed9eacecbf2da0422140b8bfdc77276212807d41a36daf2ef892e09fc7399a6,
2020-01-01,legacy,https://nsearchives.nseindia.com/content/historical/DERIVATIVES/2020/JAN/fo01JAN2020bhav.csv.zip,SUCCESS,200,358799,6ca001c8d55777c1f8ef711409aa0d71a840dc9b4a500ca5b9fc896ba624fd02,
2020-01-07,legacy,https://nsearchives.nseindia.com/content/historical/DERIVATIVES/2020/JAN/fo07JAN2020bhav.csv.zip,SUCCESS,200,375578,7394add3bbfe47d3a026a3eb3ec0f74008f5420eaae34c8885b3529753d4c9ea,
2019-10-11,legacy,https://nsearchives.nseindia.com/content/historical/DERIVATIVES/2019/OCT/fo11OCT2019bhav.csv.zip,SUCCESS,200,421658,4ce6a54d6e1330343a980ad3e97e7beb8a719a11d83238052110f8a4f7fb12d7,
2019-12-16,legacy,https://nsearchives.nseindia.com/content/historical/DERIVATIVES/2019/DEC/fo16DEC2019bhav.csv.zip,SUCCESS,200,386061,10e4fced060b8fac7b1d1e843a4ecaf20ac596cf3c74010862b8e3b10963d857,
2019-12-06,legacy,https://nsearchives.nseindia.com/content/historical/DERIVATIVES/2019/DEC/fo06DEC2019bhav.csv.zip,SUCCESS,200,383981,12e46e20e0cf39e85ceee87e3a07856c8a2494511180593d01cd0143844ebdfd,
2019-07-09,legacy,https://nsearchives.nseindia.com/content/historical/DERIVATIVES/2019/JUL/fo09JUL2019bhav.csv.zip,SUCCESS,200,437814,6ab28813cee0bad976dad6f3a11f37713934cb533200399b62c7edb71fc80efc,
2020-01-08,legacy,https://nsearchives.nseindia.com/content/historical/DERIVATIVES/2020/JAN/fo08JAN2020bhav.csv.zip,SUCCESS,200,376552,fe608916a721ade91cc68ab4f0be6c301ef56da4beb340d41d9accdf66274017,
2020-01-03,legacy,https://nsearchives.nseindia.com/content/historical/DERIVATIVES/2020/JAN/fo03JAN2020bhav.csv.zip,SUCCESS,200,368624,4f4c78fc9ed827d8291bedd154cd52876036e4e8dfdb63116fe571f24d04829e,
2019-12-09,legacy,https://nsearchives.nseindia.com/content/historical/DERIVATIVES/2019/DEC/fo09DEC2019bhav.csv.zip,SUCCESS,200,382322,758910fc5f76e39a8ad321ce12fe105ddd77b7af84a9a4142e0f7b4f1d17b8f1,
2019-12-26,legacy,https://nsearchives.nseindia.com/content/historical/DERIVATIVES/2019/DEC/fo26DEC2019bhav.csv.zip,SUCCESS,200,404115,b89959390a03917539ff7dbd177c0a9849c6e39030e57fb637534ab8c68bbc7f,
2020-01-16,legacy,https://nsearchives.nseindia.com/content/historical/DERIVATIVES/2020/JAN/fo16JAN2020bhav.csv.zip,SUCCESS,200,388540,40f8494aa30804bf170ab8f85bc268667c9f8e9b07a2c7ec0ac44c05a2fb1031,
2019-11-06,legacy,https://nsearchives.nseindia.com/content/historical/DERIVATIVES/2019/NOV/fo06NOV2019bhav.csv.zip,SUCCESS,200,405969,cd41b9796f8902d4e32fee12030d5bd5b61a52ad50a755564d278f162db9d39b,
2019-11-26,legacy,https://nsearchives.nseindia.com/content/historical/DERIVATIVES/2019/NOV/fo26NOV2019bhav.csv.zip,SUCCESS,200,436825,1d2e624a5483eb631885a671103e589125f2f321076fc07348a262f492d189a6,
2019-12-17,legacy,https://nsearchives.nseindia.com/content/historical/DERIVATIVES/2019/DEC/fo17DEC2019bhav.csv.zip,SUCCESS,200,389872,5be05bb31db3d03655d845076fb335685eca18cf7392d8279c29659fb5767da4,
2019-08-22,legacy,https://nsearchives.nseindia.com/content/historical/DERIVATIVES/2019/AUG/fo22AUG2019bhav.csv.zip,SUCCESS,200,463408,1e6d11d9ded974a1c47e5cfb2e47ef938ed5e920df5e1e508f514f5541615582,
2020-01-21,legacy,https://nsearchives.nseindia.com/content/historical/DERIVATIVES/2020/JAN/fo21JAN2020bhav.csv.zip,SUCCESS,200,396076,97a5170bfd2223f0abcdb7942dd0b1593e14be90098af90581ba609b53dc94c8,
2019-12-23,legacy,https://nsearchives.nseindia.com/content/historical/DERIVATIVES/2019/DEC/fo23DEC2019bhav.csv.zip,SUCCESS,200,402978,a802624c9d178f3ba6775f0a61e34a2838afa4941fdb2f0278788697695ae1f6,
2020-01-02,legacy,https://nsearchives.nseindia.com/content/historical/DERIVATIVES/2020/JAN/fo02JAN2020bhav.csv.zip,SUCCESS,200,366460,e551d6e7115344cc7e205a6a678eb962bcbc981cbbb7d417bf179c78c8d54243,
2020-01-17,legacy,https://nsearchives.nseindia.com/content/historical/DERIVATIVES/2020/JAN/fo17JAN2020bhav.csv.zip,SUCCESS,200,388956,eec561a57cb2594b087fedf4dccd0d2ce400da64671198e6f730d0e5f354704a,
2020-01-13,legacy,https://nsearchives.nseindia.com/content/historical/DERIVATIVES/2020/JAN/fo13JAN2020bhav.csv.zip,SUCCESS,200,376240,2ee2257a638fd5aae43e63ee40c51fec813d2ad35abceb31ceae6d49b4a6f5ad,
2019-12-18,legacy,https://nsearchives.nseindia.com/content/historical/DERIVATIVES/2019/DEC/fo18DEC2019bhav.csv.zip,SUCCESS,200,393885,5eebc3d23925399c6f63fe30d058ae0de20ada1ef9859382ba953503ed8e540f,
2019-12-30,legacy,https://nsearchives.nseindia.com/content/historical/DERIVATIVES/2019/DEC/fo30DEC2019bhav.csv.zip,SUCCESS,200,359549,e13697255f2e71eff8ce2c8f80bfa945fed72760c50c81ac9d384dcf718311d2,
2020-01-14,legacy,https://nsearchives.nseindia.com/content/historical/DERIVATIVES/2020/JAN/fo14JAN2020bhav.csv.zip,SUCCESS,200,381877,e9702c3d8125a8f0d80e2f90708e5d62f38592a3619a082f733936b6fd41bcd2,
2020-01-20,legacy,https://nsearchives.nseindia.com/content/historical/DERIVATIVES/2020/JAN/fo20JAN2020bhav.csv.zip,SUCCESS,200,394533,eeb156b236963cd0872b71e487336a2c76020bd9028839451205ab9c531e85db,
2020-01-15,legacy,https://nsearchives.nseindia.com/content/historical/DERIVATIVES/2020/JAN/fo15JAN2020bhav.csv.zip,SUCCESS,200,386444,b8a9f3ca845f09e0812ad34dcd7068e715360b84fca3553857a30bcf1a8170cb,
2020-01-27,legacy,https://nsearchives.nseindia.com/content/historical/DERIVATIVES/2020/JAN/fo27JAN2020bhav.csv.zip,SUCCESS,200,413073,26321d471a0ced0d1594da81389da06a33d38f14269d578672c8027bcf25b651,
2020-02-10,legacy,https://nsearchives.nseindia.com/content/historical/DERIVATIVES/2020/FEB/fo10FEB2020bhav.csv.zip,SUCCESS,200,383107,2a2cf2f5fa15dbc2c6917c631dd7acbb2badddf0e68ff4e5f6cb18ca8952bb0e,
2020-02-06,legacy,https://nsearchives.nseindia.com/content/historical/DERIVATIVES/2020/FEB/fo06FEB2020bhav.csv.zip,SUCCESS,200,385910,21790e236addb3a97b3a4ae5ce307c83de68a84bc4945c77bff03deb57a2cec8,
2020-01-10,legacy,https://nsearchives.nseindia.com/content/historical/DERIVATIVES/2020/JAN/fo10JAN2020bhav.csv.zip,SUCCESS,200,377831,5ff2cdc6af80ceb2d9228e860ed2820a1d49c92d7cdf942dfd26a98a535ba9fe,
2020-01-30,legacy,https://nsearchives.nseindia.com/content/historical/DERIVATIVES/2020/JAN/fo30JAN2020bhav.csv.zip,SUCCESS,200,418564,b7d08afe6b87e73d7150a5bcceaef1db75b7d83fbdfee7ed90b4e6bda6f898f2,
2020-01-31,legacy,https://nsearchives.nseindia.com/content/historical/DERIVATIVES/2020/JAN/fo31JAN2020bhav.csv.zip,SUCCESS,200,367088,3219f77da453767c7953ac8b2f13490cf119f878e09de2ddc0449ca04f5d4811,
2020-01-22,legacy,https://nsearchives.nseindia.com/content/historical/DERIVATIVES/2020/JAN/fo22JAN2020bhav.csv.zip,SUCCESS,200,399901,649262d86a870941447f78d91ca3bdc59717e16ee7419347a76c08c6a6c52ef0,
2020-02-05,legacy,https://nsearchives.nseindia.com/content/historical/DERIVATIVES/2020/FEB/fo05FEB2020bhav.csv.zip,SUCCESS,200,384069,224ee79be75dfd04dd697835e2be9fa9a6abfdfe0675ba79e850e73e32c5b188,
2020-02-13,legacy,https://nsearchives.nseindia.com/content/historical/DERIVATIVES/2020/FEB/fo13FEB2020bhav.csv.zip,SUCCESS,200,385622,afa40c37b7b013d8648a81456cb040bf965f2d4201b78fa9b9adb9bb88bd2753,
2020-02-04,legacy,https://nsearchives.nseindia.com/content/historical/DERIVATIVES/2020/FEB/fo04FEB2020bhav.csv.zip,SUCCESS,200,382040,70ed2a093ad73a58d7eadaccf8349ad18aceaf7ffce8a9169756047d8d46d62c,
2020-02-03,legacy,https://nsearchives.nseindia.com/content/historical/DERIVATIVES/2020/FEB/fo03FEB2020bhav.csv.zip,SUCCESS,200,383239,579fbd936d504cdd0577666e2ec1a2c2afc9d82e8d8d23f87696b95140069c2d,
2019-08-06,legacy,https://nsearchives.nseindia.com/content/historical/DERIVATIVES/2019/AUG/fo06AUG2019bhav.csv.zip,ERROR,0,0,,"HTTPSConnectionPool(host='nsearchives.nseindia.com', port=443): Read timed out. (read timeout=15)"
2020-01-24,legacy,https://nsearchives.nseindia.com/content/historical/DERIVATIVES/2020/JAN/fo24JAN2020bhav.csv.zip,SUCCESS,200,408601,0c545b4d41d409d94853641271ace27438bd36684300a57539490e6dccb5d73f,
2020-02-25,legacy,https://nsearchives.nseindia.com/content/historical/DERIVATIVES/2020/FEB/fo25FEB2020bhav.csv.zip,SUCCESS,200,419434,142db5421d755b49a5326c5923a30233ab8a00a2529e707c5d7b0003436fc54d,
2020-02-12,legacy,https://nsearchives.nseindia.com/content/historical/DERIVATIVES/2020/FEB/fo12FEB2020bhav.csv.zip,SUCCESS,200,386873,7405bd9ea4dce3df2e5c6a34591a387525a80a69a237f880c926f9508e74f4c1,
2020-02-14,legacy,https://nsearchives.nseindia.com/content/historical/DERIVATIVES/2020/FEB/fo14FEB2020bhav.csv.zip,SUCCESS,200,387929,c9fa7984195b29222aa2c8ff394e3fea882a6f0ac5fd682dc75d675dba8a6b9e,
2020-02-27,legacy,https://nsearchives.nseindia.com/content/historical/DERIVATIVES/2020/FEB/fo27FEB2020bhav.csv.zip,SUCCESS,200,429149,2e72b5204f8e1b5ef0af09aaaf71720b37537f8d828bd9ad0bf6c24d5560c1ad,
2020-02-20,legacy,https://nsearchives.nseindia.com/content/historical/DERIVATIVES/2020/FEB/fo20FEB2020bhav.csv.zip,SUCCESS,200,408902,6b67bdc4cf32870da1be9db2686b8cd17435ad3fa90ae561b464e505493bb419,
2020-01-29,legacy,https://nsearchives.nseindia.com/content/historical/DERIVATIVES/2020/JAN/fo29JAN2020bhav.csv.zip,SUCCESS,200,420162,2f13c1fce37c60ca53dc91d9484356bd68b9c8d9d0b70dcedbee711cad8c3c07,
2019-12-31,legacy,https://nsearchives.nseindia.com/content/historical/DERIVATIVES/2019/DEC/fo31DEC2019bhav.csv.zip,SUCCESS,200,361686,0e3b62cb2af7fd30589b26f75d96c72218d85489349185764dd47ac21ba8c0fd,
2020-02-18,legacy,https://nsearchives.nseindia.com/content/historical/DERIVATIVES/2020/FEB/fo18FEB2020bhav.csv.zip,SUCCESS,200,398244,fead66d8113f837625be9f8f3a3323a80132767d15900b2f4b3802a3ef3440e1,
2019-12-10,legacy,https://nsearchives.nseindia.com/content/historical/DERIVATIVES/2019/DEC/fo10DEC2019bhav.csv.zip,SUCCESS,200,384182,1e46f6469e980f285adf0b7781e5ddce6b210f250e3bee995063e4d3d2075e2d,
2020-01-23,legacy,https://nsearchives.nseindia.com/content/historical/DERIVATIVES/2020/JAN/fo23JAN2020bhav.csv.zip,SUCCESS,200,403437,0fe92ee200d5c1d9d72381fcbeeab6183c7d61424c26f374d71e182f68218bb4,
2020-02-28,legacy,https://nsearchives.nseindia.com/content/historical/DERIVATIVES/2020/FEB/fo28FEB2020bhav.csv.zip,SUCCESS,200,376186,8889eb2cf45e2fb94febc478e42582c9c8e8106dbf8d8289a3f79031b30e44c7,
2020-03-11,legacy,https://nsearchives.nseindia.com/content/historical/DERIVATIVES/2020/MAR/fo11MAR2020bhav.csv.zip,SUCCESS,200,420230,53f53975e3bab0cabfdf41104d397bdf554777bae5fd1ce6b09d1be98a437645,
2020-03-02,legacy,https://nsearchives.nseindia.com/content/historical/DERIVATIVES/2020/MAR/fo02MAR2020bhav.csv.zip,SUCCESS,200,390570,f71b9a7cb54cde09f7a43a3c776f77f059acf5a95e13ea4e939933b8b98decc3,
2020-03-12,legacy,https://nsearchives.nseindia.com/content/historical/DERIVATIVES/2020/MAR/fo12MAR2020bhav.csv.zip,SUCCESS,200,442043,8c9c93e574fb9012d9f113e0f8567af314ab24980bc0e2ec8c54823881657616,
2020-02-19,legacy,https://nsearchives.nseindia.com/content/historical/DERIVATIVES/2020/FEB/fo19FEB2020bhav.csv.zip,SUCCESS,200,404939,072025f19f699a3487843fc72e67ac38d729ff0f12724a933e5d6e6083a6d753,
2020-01-09,legacy,https://nsearchives.nseindia.com/content/historical/DERIVATIVES/2020/JAN/fo09JAN2020bhav.csv.zip,SUCCESS,200,379529,4d5f4c793fbeb761214e56b89846458d21b1496acf89f3641c65e95ce111c3d5,
2020-02-17,legacy,https://nsearchives.nseindia.com/content/historical/DERIVATIVES/2020/FEB/fo17FEB2020bhav.csv.zip,SUCCESS,200,390959,44230d98892a702e237d7a7a8baa6ee8fcd5431430a273cc9fdfeb2f8760d1c9,
2020-02-26,legacy,https://nsearchives.nseindia.com/content/historical/DERIVATIVES/2020/FEB/fo26FEB2020bhav.csv.zip,SUCCESS,200,426760,f1d3e4541847d52a240d1b172ac07dec22b90506b35488e7381541c477314cbc,
2020-03-03,legacy,https://nsearchives.nseindia.com/content/historical/DERIVATIVES/2020/MAR/fo03MAR2020bhav.csv.zip,SUCCESS,200,390913,2bddb2c4db9a187df9652768e7d3d048fc99a12f62a4981e297ac637eef9e376,
2020-01-28,legacy,https://nsearchives.nseindia.com/content/historical/DERIVATIVES/2020/JAN/fo28JAN2020bhav.csv.zip,SUCCESS,200,417660,27d64ad0ae06b3e1f2660341f2cc055edba7336cd7ef9a0708a19bf33d72b2c8,
2020-02-07,legacy,https://nsearchives.nseindia.com/content/historical/DERIVATIVES/2020/FEB/fo07FEB2020bhav.csv.zip,SUCCESS,200,381653,200123d66515bba9e8d2f5ba72570c43e21d18fb4ce1b6a46e1f58dfd573f2d1,
2018-09-07,legacy,https://nsearchives.nseindia.com/content/historical/DERIVATIVES/2018/SEP/fo07SEP2018bhav.csv.zip,SUCCESS,200,429334,74f008c303031f06954187deab93f92239a2453ff8714e1b0581b3b192606411,
2020-03-17,legacy,https://nsearchives.nseindia.com/content/historical/DERIVATIVES/2020/MAR/fo17MAR2020bhav.csv.zip,SUCCESS,200,485145,a08ac606f979269252fda1fd1028832a34c40efe2502438d7f82943c88956607,
2020-03-19,legacy,https://nsearchives.nseindia.com/content/historical/DERIVATIVES/2020/MAR/fo19MAR2020bhav.csv.zip,SUCCESS,200,513979,4ca37c2f250a7cf615e908c04c150682e80bee4e690e57b0c2d37b8212bafcfd,
2020-03-25,legacy,https://nsearchives.nseindia.com/content/historical/DERIVATIVES/2020/MAR/fo25MAR2020bhav.csv.zip,SUCCESS,200,540570,5c8f9c10164644044cedf0b5a4b735ae5985342f0b39f5767472807c0fa8de48,
2020-03-23,legacy,https://nsearchives.nseindia.com/content/historical/DERIVATIVES/2020/MAR/fo23MAR2020bhav.csv.zip,SUCCESS,200,514442,ce4426b78869b3c0e806b5c616c0e59e52f9770b671a562a64821bbc4801e5ac,
2020-03-27,legacy,https://nsearchives.nseindia.com/content/historical/DERIVATIVES/2020/MAR/fo27MAR2020bhav.csv.zip,SUCCESS,200,473635,0a97e8ec594c07d4f61cdd2a3b3a24fcb7e19e9e98bd32479ec9d08fe777c45f,
2020-03-09,legacy,https://nsearchives.nseindia.com/content/historical/DERIVATIVES/2020/MAR/fo09MAR2020bhav.csv.zip,SUCCESS,200,407189,6d2072e194ab1f84d672c18887de9b41eae886f09576007964119ce495bf311d,
2020-03-20,legacy,https://nsearchives.nseindia.com/content/historical/DERIVATIVES/2020/MAR/fo20MAR2020bhav.csv.zip,SUCCESS,200,522135,a4da7b578e54c372df9fd0bd72c2ac3c43c2d7dfce3eb317fe122216e0ce6940,
2020-04-07,legacy,https://nsearchives.nseindia.com/content/historical/DERIVATIVES/2020/APR/fo07APR2020bhav.csv.zip,SUCCESS,200,486433,d702aa171e74d98c835d8f20703581dce164529ca7c3194f09075d39648c7824,
2020-04-01,legacy,https://nsearchives.nseindia.com/content/historical/DERIVATIVES/2020/APR/fo01APR2020bhav.csv.zip,SUCCESS,200,482422,7a0ecffef57407e5768c51cb5e2699176dd939866141252d660dc49d758eb13e,
2020-03-13,legacy,https://nsearchives.nseindia.com/content/historical/DERIVATIVES/2020/MAR/fo13MAR2020bhav.csv.zip,SUCCESS,200,466467,e55bea3d65b45291bd65044535b3e0639a5ea2feb6b55d2bdbcbd36c3fd40424,
2020-03-05,legacy,https://nsearchives.nseindia.com/content/historical/DERIVATIVES/2020/MAR/fo05MAR2020bhav.csv.zip,SUCCESS,200,394774,905716d26819408616732523f28e43cbec8504678e098b219cfb324cfe2f7b1f,
2020-03-06,legacy,https://nsearchives.nseindia.com/content/historical/DERIVATIVES/2020/MAR/fo06MAR2020bhav.csv.zip,SUCCESS,200,394815,cdca8608655df3e168751669ad347f65d804504963b309fdce2631da4b114d5e,
2020-03-18,legacy,https://nsearchives.nseindia.com/content/historical/DERIVATIVES/2020/MAR/fo18MAR2020bhav.csv.zip,SUCCESS,200,496569,f94b3d1fe382649809a1e81296437711c83ced7a188befc811850cfc00754732,
2020-03-26,legacy,https://nsearchives.nseindia.com/content/historical/DERIVATIVES/2020/MAR/fo26MAR2020bhav.csv.zip,SUCCESS,200,541526,a737c0c1382deb2b91293cce486fb2f4de70977f1b111236e3ad1de3b1eeb597,
2020-01-06,legacy,https://nsearchives.nseindia.com/content/historical/DERIVATIVES/2020/JAN/fo06JAN2020bhav.csv.zip,SUCCESS,200,374980,ca590fe8069cbf264091004365149aeba886c965ae19fd345ec93dce0eacdf1a,
2020-03-31,legacy,https://nsearchives.nseindia.com/content/historical/DERIVATIVES/2020/MAR/fo31MAR2020bhav.csv.zip,SUCCESS,200,480569,1e2cae66c0b629b5a902bdb40e660989147c27c2050154aad2709d36a412297a,
2020-04-03,legacy,https://nsearchives.nseindia.com/content/historical/DERIVATIVES/2020/APR/fo03APR2020bhav.csv.zip,SUCCESS,200,478996,1279e7454b784a3468ac82cd293de38d1cd87af0f366c25b1c428e70d296f8fa,
2020-04-13,legacy,https://nsearchives.nseindia.com/content/historical/DERIVATIVES/2020/APR/fo13APR2020bhav.csv.zip,SUCCESS,200,488594,5ed228c3ae9bb1a9d81fbe3088e2db94094f3f2cc199616114dce8aa360f9e80,
2020-04-24,legacy,https://nsearchives.nseindia.com/content/historical/DERIVATIVES/2020/APR/fo24APR2020bhav.csv.zip,SUCCESS,200,498346,d865b0f56e4475e850d97e0ce9143d1bd3ccde132bf09deeca3acba12971f759,
2020-04-16,legacy,https://nsearchives.nseindia.com/content/historical/DERIVATIVES/2020/APR/fo16APR2020bhav.csv.zip,SUCCESS,200,491304,eb898d1e69f006785ba17262c978a27df2a0d345b613bd68c3aeec7e12c74d5e,
2020-05-05,legacy,https://nsearchives.nseindia.com/content/historical/DERIVATIVES/2020/MAY/fo05MAY2020bhav.csv.zip,SUCCESS,200,434183,4fedb239770e3c7a0d518cf36ad98c055b6b11f955f015b60f1ba2012ccf715e,
2019-12-27,legacy,https://nsearchives.nseindia.com/content/historical/DERIVATIVES/2019/DEC/fo27DEC2019bhav.csv.zip,SUCCESS,200,357619,941ef0984c1ea932cf630c4e92f27f8e59249b707d795aabaf3f379eb944bdf9,
2020-04-17,legacy,https://nsearchives.nseindia.com/content/historical/DERIVATIVES/2020/APR/fo17APR2020bhav.csv.zip,SUCCESS,200,494971,ac49c14c29726ec207c03bdcd10623f1c981a7afe71122b47d4c8ac1ab0fcd91,
2020-04-27,legacy,https://nsearchives.nseindia.com/content/historical/DERIVATIVES/2020/APR/fo27APR2020bhav.csv.zip,SUCCESS,200,501337,8ae8dca83e508ce433ce7f626b52771aa3695f1326f1bf43e7b281e790b28cdd,
2020-03-24,legacy,https://nsearchives.nseindia.com/content/historical/DERIVATIVES/2020/MAR/fo24MAR2020bhav.csv.zip,SUCCESS,200,538749,776654904593093a93f547ec636b11ab90021b513054fc34c95cc8aef9c85b98,
2020-04-08,legacy,https://nsearchives.nseindia.com/content/historical/DERIVATIVES/2020/APR/fo08APR2020bhav.csv.zip,SUCCESS,200,492666,4ce4e3823c2d9e60a0498e24d93d18116847672aa63b6a258dc41410f600241b,
2020-04-30,legacy,https://nsearchives.nseindia.com/content/historical/DERIVATIVES/2020/APR/fo30APR2020bhav.csv.zip,SUCCESS,200,501490,fdaa9eb46f196e8f333047a2c1c8ffd49b00dc5b63bbfb8ff3b7fc31d76123b7,
2020-04-15,legacy,https://nsearchives.nseindia.com/content/historical/DERIVATIVES/2020/APR/fo15APR2020bhav.csv.zip,SUCCESS,200,495174,08b3b185c59b64c4860ca30672165d9d397e4abba8b1524cfb4df8899e944719,
2020-04-21,legacy,https://nsearchives.nseindia.com/content/historical/DERIVATIVES/2020/APR/fo21APR2020bhav.csv.zip,SUCCESS,200,499454,c1a6cc0bbfa992aa3537d1082f80258a1c098979f60742f35eb11db0f0f1190b,
2020-05-12,legacy,https://nsearchives.nseindia.com/content/historical/DERIVATIVES/2020/MAY/fo12MAY2020bhav.csv.zip,SUCCESS,200,433062,bb60f3f52334788c04fd6f3378b9cfcacfeb00951dabff8d2d78c161adb95ddc,
2020-03-30,legacy,https://nsearchives.nseindia.com/content/historical/DERIVATIVES/2020/MAR/fo30MAR2020bhav.csv.zip,SUCCESS,200,476696,e28b81ff4653456d411104fa853a46250e18d91062eeea00318bd3b298f63e3c,
2019-09-13,legacy,https://nsearchives.nseindia.com/content/historical/DERIVATIVES/2019/SEP/fo13SEP2019bhav.csv.zip,SUCCESS,200,412215,7931ba2e204e560fdda991123e49211ff0df2cb9abe19cec1df8937d102ce14d,
2020-04-20,legacy,https://nsearchives.nseindia.com/content/historical/DERIVATIVES/2020/APR/fo20APR2020bhav.csv.zip,SUCCESS,200,497228,ef7cc306bdb218881f5eff87cbefc78c24bdeb6146e2a884e9c4ecd3edf3451d,
2020-04-28,legacy,https://nsearchives.nseindia.com/content/historical/DERIVATIVES/2020/APR/fo28APR2020bhav.csv.zip,SUCCESS,200,503414,53459d0aeea2d173582e515693744b2241dc050e56352218ba606bdc3251c1ff,
2020-04-09,legacy,https://nsearchives.nseindia.com/content/historical/DERIVATIVES/2020/APR/fo09APR2020bhav.csv.zip,SUCCESS,200,493697,19bf7da7ea4b5d5a4e8519c5d2a932acc0a4e3b507a510c1a0cfa38017cc4567,
2019-11-18,legacy,https://nsearchives.nseindia.com/content/historical/DERIVATIVES/2019/NOV/fo18NOV2019bhav.csv.zip,ERROR,0,0,,"HTTPSConnectionPool(host='nsearchives.nseindia.com', port=443): Read timed out. (read timeout=15)"
2020-05-11,legacy,https://nsearchives.nseindia.com/content/historical/DERIVATIVES/2020/MAY/fo11MAY2020bhav.csv.zip,SUCCESS,200,429807,18407de69f8facd278c13a7faabdc4b0c9ad3d5d949518b7fc0306cf2786714b,
2020-03-16,legacy,https://nsearchives.nseindia.com/content/historical/DERIVATIVES/2020/MAR/fo16MAR2020bhav.csv.zip,SUCCESS,200,464159,cc7ba7c6e52089fcb1d467f9d3486034c6a3d2953da693fb80322c485556c8fb,
2020-05-22,legacy,https://nsearchives.nseindia.com/content/historical/DERIVATIVES/2020/MAY/fo22MAY2020bhav.csv.zip,SUCCESS,200,445999,fcc6f722bbb6451fab0bb4a14cd1674334e36b14738cabae987e52ba5ae25145,
2020-05-06,legacy,https://nsearchives.nseindia.com/content/historical/DERIVATIVES/2020/MAY/fo06MAY2020bhav.csv.zip,SUCCESS,200,434646,82c657294532cc0acbf5927adcada9c33d835f7c46efe097f3a7997504369d16,
2020-05-08,legacy,https://nsearchives.nseindia.com/content/historical/DERIVATIVES/2020/MAY/fo08MAY2020bhav.csv.zip,SUCCESS,200,428720,a9bc6fc52d67b0bdcd435a0322534b630279361138086aa55662795587eace92,
2020-05-20,legacy,https://nsearchives.nseindia.com/content/historical/DERIVATIVES/2020/MAY/fo20MAY2020bhav.csv.zip,SUCCESS,200,445878,82f5346f8e995d1090c567cd7eb4bf4d52d813594688399a885fe075610edbe7,
2020-05-29,legacy,https://nsearchives.nseindia.com/content/historical/DERIVATIVES/2020/MAY/fo29MAY2020bhav.csv.zip,SUCCESS,200,421148,9377612b78350f4661dadcbc11152c8c0ec0db53b1e792c56099e59566f4eab1,
2020-05-27,legacy,https://nsearchives.nseindia.com/content/historical/DERIVATIVES/2020/MAY/fo27MAY2020bhav.csv.zip,SUCCESS,200,451823,fd8d7456b99095d0e7fd1912b9b2ef070515be84bd6d730eb48d8a5d25706a7d,
2020-04-29,legacy,https://nsearchives.nseindia.com/content/historical/DERIVATIVES/2020/APR/fo29APR2020bhav.csv.zip,SUCCESS,200,506499,c7cb83319af8017bfe04614197caf87a27e11e54f62eb564e16021c7f312649b,
2020-04-23,legacy,https://nsearchives.nseindia.com/content/historical/DERIVATIVES/2020/APR/fo23APR2020bhav.csv.zip,SUCCESS,200,502350,56bb0c066dd89fd636df5e8da000d9123d9c6a6c40862cef3b63926abe0a3982,
2020-05-13,legacy,https://nsearchives.nseindia.com/content/historical/DERIVATIVES/2020/MAY/fo13MAY2020bhav.csv.zip,SUCCESS,200,437687,ea98d02ed44682a4b7d7ffe66751cfcf237eb9a68f34c6f0ed595c91e0a60c08,
2020-06-04,legacy,https://nsearchives.nseindia.com/content/historical/DERIVATIVES/2020/JUN/fo04JUN2020bhav.csv.zip,SUCCESS,200,451984,4b666930d356a0fdca9a8b9a76c945b1d4f3c9f591719e93b70cd2f7661ac241,
2020-04-22,legacy,https://nsearchives.nseindia.com/content/historical/DERIVATIVES/2020/APR/fo22APR2020bhav.csv.zip,SUCCESS,200,500756,2399486f6924def7400c1643de4cd8efc892d76a2343c399a17d37de4e78b3e9,
2020-02-11,legacy,https://nsearchives.nseindia.com/content/historical/DERIVATIVES/2020/FEB/fo11FEB2020bhav.csv.zip,SUCCESS,200,384161,4927b63a870cf041a114c7cc8a2cb8082066cd3b72732bd8c99b4398f4566535,
2020-06-02,legacy,https://nsearchives.nseindia.com/content/historical/DERIVATIVES/2020/JUN/fo02JUN2020bhav.csv.zip,SUCCESS,200,440791,abe648c0b172da0ede46c51220ff197feb46ccf1250f87f6c98bd92087995389,
2020-06-05,legacy,https://nsearchives.nseindia.com/content/historical/DERIVATIVES/2020/JUN/fo05JUN2020bhav.csv.zip,SUCCESS,200,451221,800f540af75c37c128f0db2c927f85a38fd8e095ea00010f2082a88d6fad8513,
2020-05-28,legacy,https://nsearchives.nseindia.com/content/historical/DERIVATIVES/2020/MAY/fo28MAY2020bhav.csv.zip,SUCCESS,200,441930,94216eec21e7b98688b500ea4b796a408bc8aef4e559c665ca78ee51becc7d1d,
2020-06-10,legacy,https://nsearchives.nseindia.com/content/historical/DERIVATIVES/2020/JUN/fo10JUN2020bhav.csv.zip,SUCCESS,200,460987,ef9e10992cfc8443597492ab467d3b030654171aef2a169395a3c3fc9975bbc2,
2020-03-04,legacy,https://nsearchives.nseindia.com/content/historical/DERIVATIVES/2020/MAR/fo04MAR2020bhav.csv.zip,SUCCESS,200,394083,8c3d60a169e4a8bf3c7703705b13ef6a8c1af61cebc944d389dbca7c4848d859,
2020-05-07,legacy,https://nsearchives.nseindia.com/content/historical/DERIVATIVES/2020/MAY/fo07MAY2020bhav.csv.zip,SUCCESS,200,432741,e2b9b1b025c0e5cb98dfe9e212293768f107507c1d17b5b9a0d30161d3104895,
2020-06-22,legacy,https://nsearchives.nseindia.com/content/historical/DERIVATIVES/2020/JUN/fo22JUN2020bhav.csv.zip,SUCCESS,200,500907,e1728b5a1730cae008685c6d1a2a4375fabf21e7e85525840f5ec7b961146233,
2020-06-17,legacy,https://nsearchives.nseindia.com/content/historical/DERIVATIVES/2020/JUN/fo17JUN2020bhav.csv.zip,SUCCESS,200,466972,374006b3cdad3a8304fee8c45ebbeb749777f142a1e4c2eb542825928347b288,
2020-06-11,legacy,https://nsearchives.nseindia.com/content/historical/DERIVATIVES/2020/JUN/fo11JUN2020bhav.csv.zip,SUCCESS,200,464966,d3931946ca5f86ac70cdaddbfd34bc8698d8ee170883b46a963efce2fa06a32e,
2020-06-08,legacy,https://nsearchives.nseindia.com/content/historical/DERIVATIVES/2020/JUN/fo08JUN2020bhav.csv.zip,SUCCESS,200,461836,bdc9036be815b00b94a6802afb97513b6c7392b43d0e2a1d6bd52799203f9959,
2020-06-12,legacy,https://nsearchives.nseindia.com/content/historical/DERIVATIVES/2020/JUN/fo12JUN2020bhav.csv.zip,SUCCESS,200,465045,fe8c1e341aec38080b29d2b017171b9a7674b71d875d823f753e8e0983adcb21,
2020-06-19,legacy,https://nsearchives.nseindia.com/content/historical/DERIVATIVES/2020/JUN/fo19JUN2020bhav.csv.zip,SUCCESS,200,478524,fc31a158f5a796d9015e52fcb2e327f9e38d4ab4f5c2b3ba26ac771d60751683,
2020-05-21,legacy,https://nsearchives.nseindia.com/content/historical/DERIVATIVES/2020/MAY/fo21MAY2020bhav.csv.zip,SUCCESS,200,446825,446bad0ac16a08e417cf58cd6356d48804e28fc2ea875c3e412cc68a476a1990,
2020-05-26,legacy,https://nsearchives.nseindia.com/content/historical/DERIVATIVES/2020/MAY/fo26MAY2020bhav.csv.zip,SUCCESS,200,448528,2793bbd42459890570a3f267c7634e3990e6d28b74b184a68a95d9ba6bec4fcd,
2020-06-23,legacy,https://nsearchives.nseindia.com/content/historical/DERIVATIVES/2020/JUN/fo23JUN2020bhav.csv.zip,SUCCESS,200,506072,6d4a35654f7f1555e33962880d4a124f158c35406d7e4c42c01eaa87133005d5,
2020-06-01,legacy,https://nsearchives.nseindia.com/content/historical/DERIVATIVES/2020/JUN/fo01JUN2020bhav.csv.zip,SUCCESS,200,434445,5f03574f28fbb6f595e2f2a5c5d37ab9b4788c5d6e2ffdcd5c7be164bbc615b1,
2020-06-18,legacy,https://nsearchives.nseindia.com/content/historical/DERIVATIVES/2020/JUN/fo18JUN2020bhav.csv.zip,SUCCESS,200,471079,b0ece4f6f66f264a78321a6178b3d2985dfee5bd1a8acfbfa02a3bbf9b89d6f9,
2020-06-30,legacy,https://nsearchives.nseindia.com/content/historical/DERIVATIVES/2020/JUN/fo30JUN2020bhav.csv.zip,SUCCESS,200,421619,e63ad1595bf8e6a99f09ea3bc4a7f9aedac1fd43ba849baef0b371d4e069871e,
2020-06-15,legacy,https://nsearchives.nseindia.com/content/historical/DERIVATIVES/2020/JUN/fo15JUN2020bhav.csv.zip,SUCCESS,200,465207,56dfd48bb56842ef3107f1898cc32432ac7aa3fd1d9dd7506d5fdf6a242f6b8b,
2020-07-01,legacy,https://nsearchives.nseindia.com/content/historical/DERIVATIVES/2020/JUL/fo01JUL2020bhav.csv.zip,SUCCESS,200,423166,ffbdad2e878fbfe7a13a6a1855afbedacfbd406833d5894ecf85050ed66c7ce7,
2020-06-09,legacy,https://nsearchives.nseindia.com/content/historical/DERIVATIVES/2020/JUN/fo09JUN2020bhav.csv.zip,SUCCESS,200,463840,61f0198682ff476152dcd21cab6fa261c2548ac41c49f399f495fc4495bd8d61,
2020-07-06,legacy,https://nsearchives.nseindia.com/content/historical/DERIVATIVES/2020/JUL/fo06JUL2020bhav.csv.zip,SUCCESS,200,429160,1d3810b9f136424ef104244bbb3d34114e3e7bb4bf08027d8cf9da32ec233476,
2020-07-16,legacy,https://nsearchives.nseindia.com/content/historical/DERIVATIVES/2020/JUL/fo16JUL2020bhav.csv.zip,SUCCESS,200,452095,80f887b2d3d74c0fbfc52f9368a525281aa5237c5b8724f3de1fa75981bf5475,
2020-07-13,legacy,https://nsearchives.nseindia.com/content/historical/DERIVATIVES/2020/JUL/fo13JUL2020bhav.csv.zip,SUCCESS,200,443099,f1cde5c5a0c6fa08c3d7f24b0a0137fd92a283a3bdecc92916425b8aede31963,
2020-06-29,legacy,https://nsearchives.nseindia.com/content/historical/DERIVATIVES/2020/JUN/fo29JUN2020bhav.csv.zip,SUCCESS,200,420794,2fb89327487e1a1fee683adc73acf7bd593bc1160d943ca31b4363ea9568153a,
2020-07-07,legacy,https://nsearchives.nseindia.com/content/historical/DERIVATIVES/2020/JUL/fo07JUL2020bhav.csv.zip,SUCCESS,200,437563,58422b510b3d3ca1a2632b6e331e86fd84e4e40311f6d7966f94b481033d07e5,
2020-06-16,legacy,https://nsearchives.nseindia.com/content/historical/DERIVATIVES/2020/JUN/fo16JUN2020bhav.csv.zip,SUCCESS,200,469591,d5a748b5898e7e15174d2a4792c09d15dd2f368b033f33a0774d558402edca75,
2020-07-17,legacy,https://nsearchives.nseindia.com/content/historical/DERIVATIVES/2020/JUL/fo17JUL2020bhav.csv.zip,SUCCESS,200,447811,292db933789a6d62468750d24bf56c660e5301bfb48a836052c35ffa00cccbc3,
2020-07-03,legacy,https://nsearchives.nseindia.com/content/historical/DERIVATIVES/2020/JUL/fo03JUL2020bhav.csv.zip,SUCCESS,200,423777,376a34c8ab23ae7af2c0549db3c960ea344e9e2bf5a7fdf1746bb7f38eb405d8,
2020-07-24,legacy,https://nsearchives.nseindia.com/content/historical/DERIVATIVES/2020/JUL/fo24JUL2020bhav.csv.zip,SUCCESS,200,465315,3fc78846490dfc5461c7d215d13dd6760171c567213cb1dbb59bf4147b28fef1,
2020-07-15,legacy,https://nsearchives.nseindia.com/content/historical/DERIVATIVES/2020/JUL/fo15JUL2020bhav.csv.zip,SUCCESS,200,449458,12fee180e1df16d5ba0bc4490a1bcd5b808dc4abc9d4228eb78f0962ff61bf7c,
2020-07-09,legacy,https://nsearchives.nseindia.com/content/historical/DERIVATIVES/2020/JUL/fo09JUL2020bhav.csv.zip,SUCCESS,200,440174,8e875481344424f44c7b7cb60c70e8991a27dfbfa9985d6fa2ff59fdfea2255c,
2020-07-20,legacy,https://nsearchives.nseindia.com/content/historical/DERIVATIVES/2020/JUL/fo20JUL2020bhav.csv.zip,SUCCESS,200,450274,79e0e69c650e142d5a8dad26571c75973265d0d48d35fa8443221620b0415dd6,
2020-05-15,legacy,https://nsearchives.nseindia.com/content/historical/DERIVATIVES/2020/MAY/fo15MAY2020bhav.csv.zip,SUCCESS,200,432620,809b14bf8acd60b79e7dd1ce7be753a604c7fd3f12087b6b2ad77f01d3d099ad,
2020-07-02,legacy,https://nsearchives.nseindia.com/content/historical/DERIVATIVES/2020/JUL/fo02JUL2020bhav.csv.zip,SUCCESS,200,424925,2b540cbf464e2f580daa3a26f670a2b50465c175b0a1865d1ab94475005fbc50,
2020-06-25,legacy,https://nsearchives.nseindia.com/content/historical/DERIVATIVES/2020/JUN/fo25JUN2020bhav.csv.zip,SUCCESS,200,503135,520406c9ccc2407a7bb858aaf2e2cfd86053e949a374a3e305fe04fb375912f3,
2020-08-03,legacy,https://nsearchives.nseindia.com/content/historical/DERIVATIVES/2020/AUG/fo03AUG2020bhav.csv.zip,SUCCESS,200,411672,a13533e726049caff003ca1ce1ca58a982efc058c8f3e59dae8a82774ca87c8a,
2020-07-14,legacy,https://nsearchives.nseindia.com/content/historical/DERIVATIVES/2020/JUL/fo14JUL2020bhav.csv.zip,SUCCESS,200,449624,e901b0f27de789632287443d2fc68f6cf91668f1ab6f24399a2b00d2338a7fdb,
2020-05-14,legacy,https://nsearchives.nseindia.com/content/historical/DERIVATIVES/2020/MAY/fo14MAY2020bhav.csv.zip,SUCCESS,200,438457,1557523de85374594a966c176a3b8859a7198c272dfd466e1a29e76f89ab6cc1,
2020-07-23,legacy,https://nsearchives.nseindia.com/content/historical/DERIVATIVES/2020/JUL/fo23JUL2020bhav.csv.zip,SUCCESS,200,460379,ece72190fad1d9d699c58aae8c0b386c6026f1ed4655d4b87a61410d0bc44996,
2020-07-30,legacy,https://nsearchives.nseindia.com/content/historical/DERIVATIVES/2020/JUL/fo30JUL2020bhav.csv.zip,SUCCESS,200,480258,b970336341369ac850d3eab3b92f38a2d89b8c62c745e47ef86d34ba0a886e8f,
2020-08-10,legacy,https://nsearchives.nseindia.com/content/historical/DERIVATIVES/2020/AUG/fo10AUG2020bhav.csv.zip,SUCCESS,200,421476,dee9bccb75e7698f7821e82dbdd313f0edf863bc850b77db1e0fa5177d784a29,
2020-08-06,legacy,https://nsearchives.nseindia.com/content/historical/DERIVATIVES/2020/AUG/fo06AUG2020bhav.csv.zip,SUCCESS,200,419010,68fb99917bc71e986dc15a9bce2db0594d0837d0c8a223ffce72ed3e6807d8e0,
2020-08-13,legacy,https://nsearchives.nseindia.com/content/historical/DERIVATIVES/2020/AUG/fo13AUG2020bhav.csv.zip,SUCCESS,200,427987,605cd628c14a62cd9a702528a4b428635b9b0227c942367667d5043da8f85b25,
2020-08-20,legacy,https://nsearchives.nseindia.com/content/historical/DERIVATIVES/2020/AUG/fo20AUG2020bhav.csv.zip,SUCCESS,200,441879,26d06f702a62844c6cfba533b97c876d1cfdb21996b7d2e639c1cba4e730448c,
2020-08-21,legacy,https://nsearchives.nseindia.com/content/historical/DERIVATIVES/2020/AUG/fo21AUG2020bhav.csv.zip,SUCCESS,200,445411,2fbd6affd3292cd8849a6717c4e933fb7d5dfeddede156c1771aeb1401f51925,
2020-08-05,legacy,https://nsearchives.nseindia.com/content/historical/DERIVATIVES/2020/AUG/fo05AUG2020bhav.csv.zip,SUCCESS,200,417820,c371516beab2e5cd53763f0bfc6a04b4eaaac08b2f413913fe968044a294548c,
2020-08-17,legacy,https://nsearchives.nseindia.com/content/historical/DERIVATIVES/2020/AUG/fo17AUG2020bhav.csv.zip,SUCCESS,200,428198,f6be8c9a6a3291c32f4b4df4a0f51731b6622489738b7e22635a56442677c114,
2020-08-14,legacy,https://nsearchives.nseindia.com/content/historical/DERIVATIVES/2020/AUG/fo14AUG2020bhav.csv.zip,SUCCESS,200,431310,5d010338c2dc5d7cce020e0f50de89b465f92630e4c8cde9e48699afd31ab4fb,
2020-08-18,legacy,https://nsearchives.nseindia.com/content/historical/DERIVATIVES/2020/AUG/fo18AUG2020bhav.csv.zip,SUCCESS,200,432824,62fd5072e8659582094c885b7a49909103c4e2ab756647e18a0e1a3fbbe551a9,
2020-08-25,legacy,https://nsearchives.nseindia.com/content/historical/DERIVATIVES/2020/AUG/fo25AUG2020bhav.csv.zip,SUCCESS,200,456349,bddbfe66349d51739501c72619ce6951ed108acf74ffeeabe4b335e0f9386faa,
2020-07-31,legacy,https://nsearchives.nseindia.com/content/historical/DERIVATIVES/2020/JUL/fo31JUL2020bhav.csv.zip,SUCCESS,200,407273,c9ffee98f930baf9568b6a1d5db790c8a5b0762fd806b733e98ffb0ac5f5444f,
2020-08-24,legacy,https://nsearchives.nseindia.com/content/historical/DERIVATIVES/2020/AUG/fo24AUG2020bhav.csv.zip,SUCCESS,200,450961,50bcdbdd8a0a483fdb795b1c2df285b736fa88af01f946f0eb5798dfc6f50ee6,
2020-08-11,legacy,https://nsearchives.nseindia.com/content/historical/DERIVATIVES/2020/AUG/fo11AUG2020bhav.csv.zip,SUCCESS,200,424320,c5ba265ce28507f440bb4474d2151e7913a1cdee7842456dd69e6adafa97f12b,
2020-08-31,legacy,https://nsearchives.nseindia.com/content/historical/DERIVATIVES/2020/AUG/fo31AUG2020bhav.csv.zip,SUCCESS,200,408284,aaead2b5b81c839a60a858e11609ac52d6d851f108f19eef4867f1852cbcf50e,
2020-08-26,legacy,https://nsearchives.nseindia.com/content/historical/DERIVATIVES/2020/AUG/fo26AUG2020bhav.csv.zip,SUCCESS,200,460276,1ddbca01f034801a6060da3b5ea3c18ddf85ea07a611908b12f19f21976c38d7,
2020-08-19,legacy,https://nsearchives.nseindia.com/content/historical/DERIVATIVES/2020/AUG/fo19AUG2020bhav.csv.zip,SUCCESS,200,438396,66a5ecc2578b1b52909cbeb8bdd9dce9bd0458f9dd9b65bb998d3a748ecd7888,
2020-06-26,legacy,https://nsearchives.nseindia.com/content/historical/DERIVATIVES/2020/JUN/fo26JUN2020bhav.csv.zip,SUCCESS,200,418013,83bf4e5e43f3d61a10c65bcbb951ebd90165e7fc9c2a2ed1f947e1d704a457ee,
2020-08-04,legacy,https://nsearchives.nseindia.com/content/historical/DERIVATIVES/2020/AUG/fo04AUG2020bhav.csv.zip,SUCCESS,200,413667,d6c0ed7f35faa4fe0ac26bdb04448fac9818ce5dc2de01b5cb3ead7c4311a86d,
2020-08-28,legacy,https://nsearchives.nseindia.com/content/historical/DERIVATIVES/2020/AUG/fo28AUG2020bhav.csv.zip,SUCCESS,200,393701,274016f94916cff7f561c62095ad6388a37444187a3a05a09b08ba73fe590308,
2020-07-27,legacy,https://nsearchives.nseindia.com/content/historical/DERIVATIVES/2020/JUL/fo27JUL2020bhav.csv.zip,SUCCESS,200,476150,060add36728c16287115c434f1618ab11d1c1006be340f34c7997d78b1665b7e,
2020-09-02,legacy,https://nsearchives.nseindia.com/content/historical/DERIVATIVES/2020/SEP/fo02SEP2020bhav.csv.zip,SUCCESS,200,405048,306785cba411905857c9d7c828236068494d8b7f0b0d62dc8128a018a4cc6afe,
2020-08-27,legacy,https://nsearchives.nseindia.com/content/historical/DERIVATIVES/2020/AUG/fo27AUG2020bhav.csv.zip,SUCCESS,200,455089,7318080ce658791903f42103e42860ccf8610a2edaf4c79f984f2bdb0d680021,
2020-09-11,legacy,https://nsearchives.nseindia.com/content/historical/DERIVATIVES/2020/SEP/fo11SEP2020bhav.csv.zip,SUCCESS,200,407274,cdb1972384054ae45a7785d967ca16596b0dad177239d4ca697ab4959c3636a7,
2020-09-16,legacy,https://nsearchives.nseindia.com/content/historical/DERIVATIVES/2020/SEP/fo16SEP2020bhav.csv.zip,SUCCESS,200,417818,4be6301f20f92a09346f0a6fadb46745abbf6a80d258cce8e425444bc1c98617,
2020-07-22,legacy,https://nsearchives.nseindia.com/content/historical/DERIVATIVES/2020/JUL/fo22JUL2020bhav.csv.zip,SUCCESS,200,460949,51af280ae2f77af2f4c58167711def5360c30c68b9bbfd4bf6a485858ca18331,
2020-05-19,legacy,https://nsearchives.nseindia.com/content/historical/DERIVATIVES/2020/MAY/fo19MAY2020bhav.csv.zip,SUCCESS,200,444789,365cf22869e6e0b85d89538261f9ba8c2f5385bdb9914c0d652db03830dcfbb3,
2020-09-14,legacy,https://nsearchives.nseindia.com/content/historical/DERIVATIVES/2020/SEP/fo14SEP2020bhav.csv.zip,SUCCESS,200,413869,acf4cfe176a1f429e7dc221e2be17707d2313f5f2394a2fe8ef78bac659e081d,
2020-08-12,legacy,https://nsearchives.nseindia.com/content/historical/DERIVATIVES/2020/AUG/fo12AUG2020bhav.csv.zip,SUCCESS,200,424105,eb01b58170392103a86990bdc3cb4875dc1717e54194530c11abf7c776a8c308,
2020-09-07,legacy,https://nsearchives.nseindia.com/content/historical/DERIVATIVES/2020/SEP/fo07SEP2020bhav.csv.zip,SUCCESS,200,407222,6a5be2fe53eea20ec241ade2a5637d152af5e7f350df242a812c58f8a70745e6,
2020-09-22,legacy,https://nsearchives.nseindia.com/content/historical/DERIVATIVES/2020/SEP/fo22SEP2020bhav.csv.zip,SUCCESS,200,445317,002eaf2adbf7b922241c38f27c4a3c6e10f8752c99da4615647accd04fb76463,
2020-07-28,legacy,https://nsearchives.nseindia.com/content/historical/DERIVATIVES/2020/JUL/fo28JUL2020bhav.csv.zip,SUCCESS,200,479963,47590f96a92b8c3156e41e4c09b29124fca7ef37b536b70e29fb4c5082e3a437,
2020-09-28,legacy,https://nsearchives.nseindia.com/content/historical/DERIVATIVES/2020/SEP/fo28SEP2020bhav.csv.zip,SUCCESS,200,393974,d5d1b563df43ce12f493137673b8ff6da0d561542997bb52d24044820a8ee0d0,
2020-09-25,legacy,https://nsearchives.nseindia.com/content/historical/DERIVATIVES/2020/SEP/fo25SEP2020bhav.csv.zip,SUCCESS,200,390075,9717cde64ad168b0e33e368621273bc02b86794c541017a85508b89d380b920f,
2020-09-21,legacy,https://nsearchives.nseindia.com/content/historical/DERIVATIVES/2020/SEP/fo21SEP2020bhav.csv.zip,SUCCESS,200,437178,db34b2fc2e83a69a28198651db33db0910fe788cb22e0bf5d3ed3055e4d628f4,
2020-09-23,legacy,https://nsearchives.nseindia.com/content/historical/DERIVATIVES/2020/SEP/fo23SEP2020bhav.csv.zip,SUCCESS,200,446391,1973df0c351c8023ac0750387d6c2573b6038eaaf6749cf563100ec31a0cf474,
2020-10-01,legacy,https://nsearchives.nseindia.com/content/historical/DERIVATIVES/2020/OCT/fo01OCT2020bhav.csv.zip,SUCCESS,200,401604,d239ddd54e0ca4cf7016c511a439b112ff767debdabf2d6e48656c12a74e5169,
2020-09-04,legacy,https://nsearchives.nseindia.com/content/historical/DERIVATIVES/2020/SEP/fo04SEP2020bhav.csv.zip,SUCCESS,200,407807,0e8935df8d5246a3fb6dd14956d505a828ec980515e11dda36c18e065d8b598a,
2020-09-17,legacy,https://nsearchives.nseindia.com/content/historical/DERIVATIVES/2020/SEP/fo17SEP2020bhav.csv.zip,SUCCESS,200,419352,db2922b94d66ed4abd2441d4c3f6b7db95626ddf11ba866aa6778355dbc934d9,
2020-06-24,legacy,https://nsearchives.nseindia.com/content/historical/DERIVATIVES/2020/JUN/fo24JUN2020bhav.csv.zip,SUCCESS,200,516740,0cd0cdb08baf1e86d7b5d780ff1b9a777b38debd7467ca8b399af62d59b4bb1c,
2020-09-18,legacy,https://nsearchives.nseindia.com/content/historical/DERIVATIVES/2020/SEP/fo18SEP2020bhav.csv.zip,SUCCESS,200,426366,c8941c35c69149528431b28d946e1f06d0c67724355b13609aeef930a84aacb1,
2020-10-09,legacy,https://nsearchives.nseindia.com/content/historical/DERIVATIVES/2020/OCT/fo09OCT2020bhav.csv.zip,SUCCESS,200,414862,eb919c16e52507a997f681c41a724c2bc3dfce29cf7fa7a009fc12392d275e7a,
2020-09-03,legacy,https://nsearchives.nseindia.com/content/historical/DERIVATIVES/2020/SEP/fo03SEP2020bhav.csv.zip,SUCCESS,200,405291,1993c0945e8fabbfadfd78c860f936709713bb8e54482adb95f1fe83528da143,
2020-10-06,legacy,https://nsearchives.nseindia.com/content/historical/DERIVATIVES/2020/OCT/fo06OCT2020bhav.csv.zip,SUCCESS,200,405680,23cf7c4f0391e7131f9fabb94b723538a60578447dc579a45eea8eb61fc61c1d,
2020-09-08,legacy,https://nsearchives.nseindia.com/content/historical/DERIVATIVES/2020/SEP/fo08SEP2020bhav.csv.zip,SUCCESS,200,406705,02605f80a6090e285812ea272ecfd61e399ac2c23f537ab942aa0387dce2ad7e,
2020-05-18,legacy,https://nsearchives.nseindia.com/content/historical/DERIVATIVES/2020/MAY/fo18MAY2020bhav.csv.zip,SUCCESS,200,443274,cf601c138a4aee1dd32c386c7ea8198ce7ddc4fb99aeef1a8fd764228669e0a7,
2020-10-05,legacy,https://nsearchives.nseindia.com/content/historical/DERIVATIVES/2020/OCT/fo05OCT2020bhav.csv.zip,SUCCESS,200,403042,97755bb79c797aa934a37691a8835ac899bb6342072c3beef81458a6a9eaefb6,
2020-09-09,legacy,https://nsearchives.nseindia.com/content/historical/DERIVATIVES/2020/SEP/fo09SEP2020bhav.csv.zip,SUCCESS,200,410817,f5c777a21967fefb8ff4cc133618e3a6434325bef77772d9e82e9cf511251bfd,
2020-10-13,legacy,https://nsearchives.nseindia.com/content/historical/DERIVATIVES/2020/OCT/fo13OCT2020bhav.csv.zip,SUCCESS,200,417841,b3e53757552f38379bca01069aefcfbea2773a47f438b5d7b14483e64d124950,
2020-10-15,legacy,https://nsearchives.nseindia.com/content/historical/DERIVATIVES/2020/OCT/fo15OCT2020bhav.csv.zip,SUCCESS,200,424087,cc44daea6972874f789a59ae05bddfeeba1b22e5d056f1411297f85d22301cd9,
2020-07-08,legacy,https://nsearchives.nseindia.com/content/historical/DERIVATIVES/2020/JUL/fo08JUL2020bhav.csv.zip,SUCCESS,200,443028,a254c97b3a0c971c5443b585cbf884919731ffb2ce71be5296e9e87595523e56,
2020-07-10,legacy,https://nsearchives.nseindia.com/content/historical/DERIVATIVES/2020/JUL/fo10JUL2020bhav.csv.zip,SUCCESS,200,442885,013e12256a657aec9159e4c697f66ca57f67ff694b4a8f02f31f48582bedbf78,
2020-09-29,legacy,https://nsearchives.nseindia.com/content/historical/DERIVATIVES/2020/SEP/fo29SEP2020bhav.csv.zip,SUCCESS,200,397493,ffec7fc49686c934f3747881b32c4e37573f044e5d820eed09fd6befe8068247,
2020-10-08,legacy,https://nsearchives.nseindia.com/content/historical/DERIVATIVES/2020/OCT/fo08OCT2020bhav.csv.zip,SUCCESS,200,414474,eaac4ee4f1ce47640eae3c4d960a587146c800de740d941080567b8bd4ff3721,
2020-10-14,legacy,https://nsearchives.nseindia.com/content/historical/DERIVATIVES/2020/OCT/fo14OCT2020bhav.csv.zip,SUCCESS,200,420260,e5c43c60e7e141d8828036fa4b0a8ef644cb75b6d4c7e981932128175bc9851f,
2020-10-19,legacy,https://nsearchives.nseindia.com/content/historical/DERIVATIVES/2020/OCT/fo19OCT2020bhav.csv.zip,SUCCESS,200,422713,1acf5f92afd15974447a626aa43650e68bc6d30a7c6a1dddb6a4f60db4593741,
2020-10-29,legacy,https://nsearchives.nseindia.com/content/historical/DERIVATIVES/2020/OCT/fo29OCT2020bhav.csv.zip,SUCCESS,200,440488,3a4fc838991836e0e932a38a5404f3d7b2e5a994eda749aea6675f1b4ae5b2a4,
2020-09-30,legacy,https://nsearchives.nseindia.com/content/historical/DERIVATIVES/2020/SEP/fo30SEP2020bhav.csv.zip,SUCCESS,200,398891,1b7792aefe41adb3a74dd120f68a6143e802ef40419903e03f7116daff5ec61d,
2020-10-23,legacy,https://nsearchives.nseindia.com/content/historical/DERIVATIVES/2020/OCT/fo23OCT2020bhav.csv.zip,SUCCESS,200,432570,410e95cb9eab5d02196bdd9a0ccb3768928482dd5829a8769c05a25e84cf9a59,
2020-08-07,legacy,https://nsearchives.nseindia.com/content/historical/DERIVATIVES/2020/AUG/fo07AUG2020bhav.csv.zip,SUCCESS,200,418423,05439b4dd4fbf2b8d6d8f6e09261170bc283015247fb6f0355c4b2b13f0752d6,
2020-10-07,legacy,https://nsearchives.nseindia.com/content/historical/DERIVATIVES/2020/OCT/fo07OCT2020bhav.csv.zip,SUCCESS,200,409073,b1db7f64b8f2bce5735126ccfab48343c037c393b00a178fb9eec085f3a29cc6,
2020-05-04,legacy,https://nsearchives.nseindia.com/content/historical/DERIVATIVES/2020/MAY/fo04MAY2020bhav.csv.zip,SUCCESS,200,430929,7e0828badfc53364bcd241618dc908d209f4cee9d867faf9ef215492db0bcc60,
2020-10-27,legacy,https://nsearchives.nseindia.com/content/historical/DERIVATIVES/2020/OCT/fo27OCT2020bhav.csv.zip,SUCCESS,200,441602,3c9870323df08c84f4ffd542875cf39a35b22add03581fa17130bfae08976c77,
2020-10-30,legacy,https://nsearchives.nseindia.com/content/historical/DERIVATIVES/2020/OCT/fo30OCT2020bhav.csv.zip,SUCCESS,200,392728,4ccdf71015021ff4bbd297f8e95e3e3f65075af77f733e08066ec48d727966be,
2020-09-15,legacy,https://nsearchives.nseindia.com/content/historical/DERIVATIVES/2020/SEP/fo15SEP2020bhav.csv.zip,SUCCESS,200,414958,e6361227e70ff9b7939e7bfa74d790639388064e119de1a5d52a071532cad987,
2020-11-09,legacy,https://nsearchives.nseindia.com/content/historical/DERIVATIVES/2020/NOV/fo09NOV2020bhav.csv.zip,SUCCESS,200,418853,dfe937782df4b133b1745b5e925e50600d0588bcb148244d6d3cb074203b4a73,
2020-11-04,legacy,https://nsearchives.nseindia.com/content/historical/DERIVATIVES/2020/NOV/fo04NOV2020bhav.csv.zip,SUCCESS,200,403158,5cab9afc0060cd06628c0239d6052b1c81a64206b99c731377faf500fa42bf38,
2020-10-12,legacy,https://nsearchives.nseindia.com/content/historical/DERIVATIVES/2020/OCT/fo12OCT2020bhav.csv.zip,SUCCESS,200,415625,93a13b27f65524a1eb0c807b3e41feb026686f8fa49ad32905138aede14a2dd5,
2020-11-11,legacy,https://nsearchives.nseindia.com/content/historical/DERIVATIVES/2020/NOV/fo11NOV2020bhav.csv.zip,SUCCESS,200,439509,1d8755edc8702b1914008f6c8e0be34ca784863fdb94dba84249ff3fcf39077d,
2020-09-10,legacy,https://nsearchives.nseindia.com/content/historical/DERIVATIVES/2020/SEP/fo10SEP2020bhav.csv.zip,SUCCESS,200,408566,05ad25dc0c407450fee0dad42be638d489ab9384ff1dcf9ea286754491476c96,
2020-06-03,legacy,https://nsearchives.nseindia.com/content/historical/DERIVATIVES/2020/JUN/fo03JUN2020bhav.csv.zip,SUCCESS,200,451409,2e739d22ddd327ccdd2bea7ec4b195518ee3f9059398730b2af768be11252649,
2020-10-21,legacy,https://nsearchives.nseindia.com/content/historical/DERIVATIVES/2020/OCT/fo21OCT2020bhav.csv.zip,SUCCESS,200,430692,8db7bdd78474d3753a98711a0ae9d3c1e3b9a97b5570ed618ee3ef154cb3f861,
2020-11-17,legacy,https://nsearchives.nseindia.com/content/historical/DERIVATIVES/2020/NOV/fo17NOV2020bhav.csv.zip,SUCCESS,200,441555,363bfe7c32f2d57c7e26a9b73cd82f98b9409da7224b19b433c53ef1b02733e1,
2020-10-20,legacy,https://nsearchives.nseindia.com/content/historical/DERIVATIVES/2020/OCT/fo20OCT2020bhav.csv.zip,SUCCESS,200,423121,b977cd0d7aced8aec832b1394b57455fd966b2d7112f2c0bacacf599f609aed4,
2020-09-24,legacy,https://nsearchives.nseindia.com/content/historical/DERIVATIVES/2020/SEP/fo24SEP2020bhav.csv.zip,SUCCESS,200,442170,2ed304fdd51cdb556d806f0d2c76c93f855e8850a022209bd90b1edf9fe819f5,
2020-11-18,legacy,https://nsearchives.nseindia.com/content/historical/DERIVATIVES/2020/NOV/fo18NOV2020bhav.csv.zip,SUCCESS,200,449157,d10580a3893f72fef31fed1785672841eaed977ef6d383a2ff50f62fb1d5c735,
2020-11-05,legacy,https://nsearchives.nseindia.com/content/historical/DERIVATIVES/2020/NOV/fo05NOV2020bhav.csv.zip,SUCCESS,200,409987,fa7da61d5be50749aa6062017b460c1f38e79fbefe10f3e40d715bebf2204482,
2020-10-22,legacy,https://nsearchives.nseindia.com/content/historical/DERIVATIVES/2020/OCT/fo22OCT2020bhav.csv.zip,SUCCESS,200,431897,c0656aff26b70992eeae9e856e756b079f006ef49870105b6cdaacf3846d82b0,
2020-11-13,legacy,https://nsearchives.nseindia.com/content/historical/DERIVATIVES/2020/NOV/fo13NOV2020bhav.csv.zip,SUCCESS,200,433215,9f338ef1d47354ee498ab804d01a2d9f2b5bdc8f3ac5e7b557f5ffa41a55e9e1,
2020-11-25,legacy,https://nsearchives.nseindia.com/content/historical/DERIVATIVES/2020/NOV/fo25NOV2020bhav.csv.zip,SUCCESS,200,476505,0a239ec3a7f093dd42dd1dcc6db9043dbae9e4524c6fb1bc2893d0bb50273d1c,
2020-02-24,legacy,https://nsearchives.nseindia.com/content/historical/DERIVATIVES/2020/FEB/fo24FEB2020bhav.csv.zip,SUCCESS,200,415592,6f85bd6a3e557fd1834e1cdab6180794df1f9cfcfe3372c0f3749b6e763b91f0,
2020-12-01,legacy,https://nsearchives.nseindia.com/content/historical/DERIVATIVES/2020/DEC/fo01DEC2020bhav.csv.zip,SUCCESS,200,419646,742debdd41e3a848dc701fd54a4641af5e8ed2f0948611509cfbdeccef75c1e7,
2018-10-05,legacy,https://nsearchives.nseindia.com/content/historical/DERIVATIVES/2018/OCT/fo05OCT2018bhav.csv.zip,SUCCESS,200,530107,1a54e70f1e4126b6fa56b0e842e6c67216fbfd24b99af0b13af8081f885564d5,
2020-11-26,legacy,https://nsearchives.nseindia.com/content/historical/DERIVATIVES/2020/NOV/fo26NOV2020bhav.csv.zip,SUCCESS,200,468177,0aead3928b88e0dc6c04712325486bff82ab8da4504b14c68ddd4ecce516cc50,
2020-12-02,legacy,https://nsearchives.nseindia.com/content/historical/DERIVATIVES/2020/DEC/fo02DEC2020bhav.csv.zip,SUCCESS,200,427556,42a4866ce11900b42df5cc17cc810c3d86c86960be6566aa20c1b78a70ecad11,
2020-11-27,legacy,https://nsearchives.nseindia.com/content/historical/DERIVATIVES/2020/NOV/fo27NOV2020bhav.csv.zip,SUCCESS,200,415116,f84564c30a06e2d3f7bdca5953e33a61cf36a06bad42725a96692d41443dfbfe,
2020-12-07,legacy,https://nsearchives.nseindia.com/content/historical/DERIVATIVES/2020/DEC/fo07DEC2020bhav.csv.zip,SUCCESS,200,442635,01dc7466a1dba4c397225f1fc18c84523629ca473534254cb03e1188825cce89,
2020-11-24,legacy,https://nsearchives.nseindia.com/content/historical/DERIVATIVES/2020/NOV/fo24NOV2020bhav.csv.zip,SUCCESS,200,470943,caaf768a5aa6d8f8d3e2db37570a3ddedab3cab6c742d7ec3383d18e4dc8bc10,
2020-11-06,legacy,https://nsearchives.nseindia.com/content/historical/DERIVATIVES/2020/NOV/fo06NOV2020bhav.csv.zip,SUCCESS,200,413364,babf8dc3cfe31855eaee78f586837f5b3134783f431ad3a49b52bb964e0a8cbc,
2020-10-16,legacy,https://nsearchives.nseindia.com/content/historical/DERIVATIVES/2020/OCT/fo16OCT2020bhav.csv.zip,SUCCESS,200,419335,5d2593b146e4f1d2d77f4fd4cff3f8d9b8962a1e0378afe9a0e7e41671dac5fb,
2020-11-19,legacy,https://nsearchives.nseindia.com/content/historical/DERIVATIVES/2020/NOV/fo19NOV2020bhav.csv.zip,SUCCESS,200,461991,6d961fdd0a53b98fc296c1d1953523117125556dbfea3fd2c609169166899589,
2020-11-03,legacy,https://nsearchives.nseindia.com/content/historical/DERIVATIVES/2020/NOV/fo03NOV2020bhav.csv.zip,SUCCESS,200,399533,496bb0e1c309ace54d3856442ea0ebb3cc5af39781d89f28edd737807e821f73,
2020-10-26,legacy,https://nsearchives.nseindia.com/content/historical/DERIVATIVES/2020/OCT/fo26OCT2020bhav.csv.zip,SUCCESS,200,437838,69923692112db2356975816549f1be4a0405042ba12bf9b33d42aecc5619f7f3,
2020-12-17,legacy,https://nsearchives.nseindia.com/content/historical/DERIVATIVES/2020/DEC/fo17DEC2020bhav.csv.zip,SUCCESS,200,466168,930d75404d9788073cbc5fbad50a4fea92b9130b4013cd6657fe94e2378a3751,
2020-12-03,legacy,https://nsearchives.nseindia.com/content/historical/DERIVATIVES/2020/DEC/fo03DEC2020bhav.csv.zip,SUCCESS,200,431097,6924b90f7a4f6fbbdf0e6e3800c24efdbe2c948dda1f35ecc6cdca52f6abbfeb,
2020-12-14,legacy,https://nsearchives.nseindia.com/content/historical/DERIVATIVES/2020/DEC/fo14DEC2020bhav.csv.zip,SUCCESS,200,453490,e8e794db7649ff7cdd6aff29b8f9b750c9cd6e5f761939f59a1fe54145a9dce1,
2020-12-09,legacy,https://nsearchives.nseindia.com/content/historical/DERIVATIVES/2020/DEC/fo09DEC2020bhav.csv.zip,SUCCESS,200,449455,8e157f39fd6b09f2c1de603b9a6e7626c6598b8f547b7d6746dc795f3d67b9ff,
2020-11-02,legacy,https://nsearchives.nseindia.com/content/historical/DERIVATIVES/2020/NOV/fo02NOV2020bhav.csv.zip,SUCCESS,200,394224,9835f7ad159145cab00af29807e972396cf5ca0fa055c464e6dc1fcad23d719c,
2020-12-11,legacy,https://nsearchives.nseindia.com/content/historical/DERIVATIVES/2020/DEC/fo11DEC2020bhav.csv.zip,SUCCESS,200,452419,05fac85564c1cf7d0fff114524272a971ebf50566b4b66ab31bb4e4ccb92b27a,
2020-12-31,legacy,https://nsearchives.nseindia.com/content/historical/DERIVATIVES/2020/DEC/fo31DEC2020bhav.csv.zip,SUCCESS,200,481476,d03c6d37343ed0fadeeafb136889cb8bbcebf43c58a90cda59aa61eddbb969ca,
2020-12-08,legacy,https://nsearchives.nseindia.com/content/historical/DERIVATIVES/2020/DEC/fo08DEC2020bhav.csv.zip,SUCCESS,200,447369,bae962e6bc5cbec073c28c9c44901ce98d89617833de20981781d754f2002b48,
2020-12-15,legacy,https://nsearchives.nseindia.com/content/historical/DERIVATIVES/2020/DEC/fo15DEC2020bhav.csv.zip,SUCCESS,200,456915,4d79a4a9edf6347ba329043cc16bb98178cabce3c8db4ec4d69a63c2cb63551c,
2020-12-18,legacy,https://nsearchives.nseindia.com/content/historical/DERIVATIVES/2020/DEC/fo18DEC2020bhav.csv.zip,SUCCESS,200,464316,756b31e379abe264eb6946ad2fbb4b0d0bd2636a26447117650e856198c85415,
2020-12-21,legacy,https://nsearchives.nseindia.com/content/historical/DERIVATIVES/2020/DEC/fo21DEC2020bhav.csv.zip,SUCCESS,200,480441,f864ba5bc17c392ea964d9fdd4982e750b97f9a78613311e6ff940db8d1e563f,
2021-01-11,legacy,https://nsearchives.nseindia.com/content/historical/DERIVATIVES/2021/JAN/fo11JAN2021bhav.csv.zip,SUCCESS,200,535980,7b38836678458174afd830b8364099f4d0ebba2704cd96139675d55056e108f6,
2020-12-04,legacy,https://nsearchives.nseindia.com/content/historical/DERIVATIVES/2020/DEC/fo04DEC2020bhav.csv.zip,SUCCESS,200,435063,99dba36a7c9618c04492280802e601d2ff79efe10b69223c7d9e63dac046cf36,
2021-01-13,legacy,https://nsearchives.nseindia.com/content/historical/DERIVATIVES/2021/JAN/fo13JAN2021bhav.csv.zip,SUCCESS,200,554432,3bd77288c7133fd7590e9f1e4b2881685f86f9931c9f8a0c795654b174320b35,
2021-01-12,legacy,https://nsearchives.nseindia.com/content/historical/DERIVATIVES/2021/JAN/fo12JAN2021bhav.csv.zip,SUCCESS,200,544800,ffc688192094edb5efda55be92d241319799d2cfe7f40cd178ec3dbfc569f2f1,
2020-11-23,legacy,https://nsearchives.nseindia.com/content/historical/DERIVATIVES/2020/NOV/fo23NOV2020bhav.csv.zip,SUCCESS,200,465779,1d2c912402f1736841123e07d857dec52139f0e6da086cad8e11aa2a2ccf1e92,
2020-12-24,legacy,https://nsearchives.nseindia.com/content/historical/DERIVATIVES/2020/DEC/fo24DEC2020bhav.csv.zip,SUCCESS,200,482362,9a7e3a0a790fd1bcf685acf10339a7a80d9926ecb079e1680376425cd5bb87a6,
2020-12-29,legacy,https://nsearchives.nseindia.com/content/historical/DERIVATIVES/2020/DEC/fo29DEC2020bhav.csv.zip,SUCCESS,200,484759,6c6cf6c17fc0a062eb5a1a9d6c54df459a79ee14ba37df6ace160970f5b68c38,
2021-01-05,legacy,https://nsearchives.nseindia.com/content/historical/DERIVATIVES/2021/JAN/fo05JAN2021bhav.csv.zip,SUCCESS,200,494354,47006226d622196c7a40ca6ebce6c2bc4587c9bdad44f24fce859c431b9389dd,
2020-12-22,legacy,https://nsearchives.nseindia.com/content/historical/DERIVATIVES/2020/DEC/fo22DEC2020bhav.csv.zip,SUCCESS,200,481010,1d7e911df99c7f35e7da18c1f8553940db7c1e6db2de9787684b3db5b9972612,
2021-01-04,legacy,https://nsearchives.nseindia.com/content/historical/DERIVATIVES/2021/JAN/fo04JAN2021bhav.csv.zip,SUCCESS,200,483471,5726cf50703fcffbb898c35b619ef4c25b8b140cc565b8054df75efa579bdba1,
2020-11-20,legacy,https://nsearchives.nseindia.com/content/historical/DERIVATIVES/2020/NOV/fo20NOV2020bhav.csv.zip,SUCCESS,200,459324,b74bc61ea21c03b194e6158bb094ea5d0cb47337546f7a5e5d710ba377b68fb1,
2020-11-10,legacy,https://nsearchives.nseindia.com/content/historical/DERIVATIVES/2020/NOV/fo10NOV2020bhav.csv.zip,SUCCESS,200,430616,457b92994d4cc1067c505aacf8695ba05da0941f401f01855e8635c4d3d92516,
2021-01-08,legacy,https://nsearchives.nseindia.com/content/historical/DERIVATIVES/2021/JAN/fo08JAN2021bhav.csv.zip,SUCCESS,200,515059,962d6665a0609faece38edc4648ae2b3091baf5355fb6d23889a3d61fb2c0920,
2021-01-01,legacy,https://nsearchives.nseindia.com/content/historical/DERIVATIVES/2021/JAN/fo01JAN2021bhav.csv.zip,SUCCESS,200,469228,8116676d0c10ad6c4cd48a84f557e163bde1398e3262663c297add4f5ce6ee7d,
2021-01-06,legacy,https://nsearchives.nseindia.com/content/historical/DERIVATIVES/2021/JAN/fo06JAN2021bhav.csv.zip,SUCCESS,200,506362,bc3458439e7e877e3eb39f6f2523b789e76a59df542b7c3f2e27e2afadec128c,
2020-11-12,legacy,https://nsearchives.nseindia.com/content/historical/DERIVATIVES/2020/NOV/fo12NOV2020bhav.csv.zip,SUCCESS,200,439376,bbdc65442b2bf7c77899eb9c890a3fde7fb60704f11c5e0b28072b6bc453f774,
2020-12-10,legacy,https://nsearchives.nseindia.com/content/historical/DERIVATIVES/2020/DEC/fo10DEC2020bhav.csv.zip,SUCCESS,200,454694,d763e96ab98cb4e16ccbb85b401d0b98318eb13631ab7fa60f965831d129461b,
2020-12-28,legacy,https://nsearchives.nseindia.com/content/historical/DERIVATIVES/2020/DEC/fo28DEC2020bhav.csv.zip,SUCCESS,200,479153,aa1895bb95ef4fe44b6d15ca119a0c1e56c54326af9488ecd1766c8f8fb3a9c3,
2021-01-20,legacy,https://nsearchives.nseindia.com/content/historical/DERIVATIVES/2021/JAN/fo20JAN2021bhav.csv.zip,SUCCESS,200,563769,cb03c68104f8a79f581fb0da97e106fe38d525760d2d8fc57b9547df79337295,
2021-01-19,legacy,https://nsearchives.nseindia.com/content/historical/DERIVATIVES/2021/JAN/fo19JAN2021bhav.csv.zip,SUCCESS,200,562112,b4b7ee9c8e483dda714f1ab12a6583afc6517aa6dffa48d5f2c1c35079663b3a,
2021-02-05,legacy,https://nsearchives.nseindia.com/content/historical/DERIVATIVES/2021/FEB/fo05FEB2021bhav.csv.zip,SUCCESS,200,569045,4dfee28cd8b586b72c019dd2f64b6efbe709273779b2b494d72dd31d9c899908,
2020-12-23,legacy,https://nsearchives.nseindia.com/content/historical/DERIVATIVES/2020/DEC/fo23DEC2020bhav.csv.zip,SUCCESS,200,476889,2e8045a2b28b0f4971bb54d173adcee4561b310b60c6106f311a5715ec6d872d,
2021-02-03,legacy,https://nsearchives.nseindia.com/content/historical/DERIVATIVES/2021/FEB/fo03FEB2021bhav.csv.zip,SUCCESS,200,561610,1c9f9370a0ba7a799c1a9487936a4aca2f80e0ec938fe9eff8f08e119fada5f7,
2021-02-10,legacy,https://nsearchives.nseindia.com/content/historical/DERIVATIVES/2021/FEB/fo10FEB2021bhav.csv.zip,SUCCESS,200,584274,3674b9663bb6d964a16e82f49649cf8658bfb2deb8bf0bd47bce8971dd475959,
2020-12-16,legacy,https://nsearchives.nseindia.com/content/historical/DERIVATIVES/2020/DEC/fo16DEC2020bhav.csv.zip,SUCCESS,200,462274,85813a5d1c4aa617e9764c8a36eeca4067c4e3aab0e0319a9117f11674b9a731,
2021-01-27,legacy,https://nsearchives.nseindia.com/content/historical/DERIVATIVES/2021/JAN/fo27JAN2021bhav.csv.zip,SUCCESS,200,590110,48049818566baf688f019c9bb76e3b24a68479b9f5276272f33fe840c68e093f,
2021-01-14,legacy,https://nsearchives.nseindia.com/content/historical/DERIVATIVES/2021/JAN/fo14JAN2021bhav.csv.zip,SUCCESS,200,553376,ccbd87e1f7ebc8a46054e208b231eb528a9622023e41080b29b47240e1d68763,
2020-12-30,legacy,https://nsearchives.nseindia.com/content/historical/DERIVATIVES/2020/DEC/fo30DEC2020bhav.csv.zip,SUCCESS,200,488902,be42b3952fc18336f9948e975a5e572e31e1c92fd87c24cd5882035468c8bd75,
2021-02-01,legacy,https://nsearchives.nseindia.com/content/historical/DERIVATIVES/2021/FEB/fo01FEB2021bhav.csv.zip,SUCCESS,200,539074,0c8222dcb0261e8a27e222cdeaea7313224c8f05ab684e4a4748cf78512a53e7,
2021-01-29,legacy,https://nsearchives.nseindia.com/content/historical/DERIVATIVES/2021/JAN/fo29JAN2021bhav.csv.zip,SUCCESS,200,528099,7d1755c68e53e6b3d4ce1fccbfad3a3e671a780494648709a6d22fd469eee3b3,
2021-01-18,legacy,https://nsearchives.nseindia.com/content/historical/DERIVATIVES/2021/JAN/fo18JAN2021bhav.csv.zip,SUCCESS,200,561659,721f947dc74ade0385cafb8c74ea8ef86e8080dd9243ba823308f63d6cdaa13f,
2021-02-23,legacy,https://nsearchives.nseindia.com/content/historical/DERIVATIVES/2021/FEB/fo23FEB2021bhav.csv.zip,SUCCESS,200,622966,6f894046a00d11f40813986633265392b4f848f53167c949e9f93155eca39a7a,
2021-02-16,legacy,https://nsearchives.nseindia.com/content/historical/DERIVATIVES/2021/FEB/fo16FEB2021bhav.csv.zip,SUCCESS,200,602625,95e5993709cfe273e561081cb2367d20d9f5e28b8068873ffdfcec9f78de6323,
2021-02-22,legacy,https://nsearchives.nseindia.com/content/historical/DERIVATIVES/2021/FEB/fo22FEB2021bhav.csv.zip,SUCCESS,200,621163,8556f25ad5c97201eaddce0e4cdb5ca7ab616a751db65b473acfde5e6114aa0d,
2021-02-02,legacy,https://nsearchives.nseindia.com/content/historical/DERIVATIVES/2021/FEB/fo02FEB2021bhav.csv.zip,SUCCESS,200,550620,7614e7c3d9d50f490619b6256ee2737ae8faa5bfafe76447001920a480afddb8,
2021-02-18,legacy,https://nsearchives.nseindia.com/content/historical/DERIVATIVES/2021/FEB/fo18FEB2021bhav.csv.zip,SUCCESS,200,611319,c0581e99de90b73819878c19fc0befd5b8cbf585437f72d8c6af769bb513ce26,
2021-03-04,legacy,https://nsearchives.nseindia.com/content/historical/DERIVATIVES/2021/MAR/fo04MAR2021bhav.csv.zip,SUCCESS,200,612995,7b762a03cf76a20c346b9a27613e72cc33708ebfb0b649f261b8e353401792d6,
2021-02-09,legacy,https://nsearchives.nseindia.com/content/historical/DERIVATIVES/2021/FEB/fo09FEB2021bhav.csv.zip,SUCCESS,200,581940,6fc718578df10535a3f484a48f1630c175cc541ab0667278447de21153543c43,
2020-09-01,legacy,https://nsearchives.nseindia.com/content/historical/DERIVATIVES/2020/SEP/fo01SEP2020bhav.csv.zip,SUCCESS,200,406306,41639f5276136640887b9efd3dcdf7ee192793dfa37533d8e7ee9d440b6f2605,
2021-01-15,legacy,https://nsearchives.nseindia.com/content/historical/DERIVATIVES/2021/JAN/fo15JAN2021bhav.csv.zip,SUCCESS,200,557210,24ef38a519f36d901a8bf0dc1187c15cfaf33bb50fa9716d3bb76a70faf1f13a,
2021-02-12,legacy,https://nsearchives.nseindia.com/content/historical/DERIVATIVES/2021/FEB/fo12FEB2021bhav.csv.zip,SUCCESS,200,583953,6b6fb78ea0e1a59f3e8d5fd7ae54cde2bc6f150c64f43f241ef6ce46f74080aa,
2021-02-15,legacy,https://nsearchives.nseindia.com/content/historical/DERIVATIVES/2021/FEB/fo15FEB2021bhav.csv.zip,SUCCESS,200,588606,91b0abd78d6d2af3e949974e3148ca2d7c9e6dce89d40528e2f18fa66cac36ba,
2021-01-25,legacy,https://nsearchives.nseindia.com/content/historical/DERIVATIVES/2021/JAN/fo25JAN2021bhav.csv.zip,SUCCESS,200,584540,571ec4d0070611ce3c01abbecd3cb5071f801c82cb5d7248a71300e97b8c9640,
2021-03-03,legacy,https://nsearchives.nseindia.com/content/historical/DERIVATIVES/2021/MAR/fo03MAR2021bhav.csv.zip,SUCCESS,200,606483,186391f501c8ecb17a20d52c94c5e6070880cc34e8561737c4a76776a9f23c7e,
2021-02-19,legacy,https://nsearchives.nseindia.com/content/historical/DERIVATIVES/2021/FEB/fo19FEB2021bhav.csv.zip,SUCCESS,200,617176,06931dac88d080c76c40860b2ee28c66a103e6307e8ddb77ed9eb8bf8397d27b,
2021-01-07,legacy,https://nsearchives.nseindia.com/content/historical/DERIVATIVES/2021/JAN/fo07JAN2021bhav.csv.zip,SUCCESS,200,510617,4401bf1b7cf54a71543a60224305bfa9764173ea5d88adb80c5d643e80230273,
2021-02-11,legacy,https://nsearchives.nseindia.com/content/historical/DERIVATIVES/2021/FEB/fo11FEB2021bhav.csv.zip,SUCCESS,200,584571,173eeb229b2aa1588a08ee4c5156831d4de10534192392b850bdf0b356d53674,
2021-03-02,legacy,https://nsearchives.nseindia.com/content/historical/DERIVATIVES/2021/MAR/fo02MAR2021bhav.csv.zip,SUCCESS,200,599018,1896a632e34cd8519fc34106bae2af4925134f32068432ed9a0875f7781685c0,
2021-03-08,legacy,https://nsearchives.nseindia.com/content/historical/DERIVATIVES/2021/MAR/fo08MAR2021bhav.csv.zip,SUCCESS,200,608597,535e0e8c969f25b71a39389e619c4a2855cb6bf37de30c5b5309b7ad0923ec0b,
2021-03-23,legacy,https://nsearchives.nseindia.com/content/historical/DERIVATIVES/2021/MAR/fo23MAR2021bhav.csv.zip,SUCCESS,200,631909,445dc550492c65fcc4de37105e101d00259555a7ae4bbc51c637d1ba2422cc46,
2021-02-25,legacy,https://nsearchives.nseindia.com/content/historical/DERIVATIVES/2021/FEB/fo25FEB2021bhav.csv.zip,SUCCESS,200,619130,e3ae2e6b94c9ca70433b527002912cc641430c38cb2af2e9987d767c4c054283,
2021-03-30,legacy,https://nsearchives.nseindia.com/content/historical/DERIVATIVES/2021/MAR/fo30MAR2021bhav.csv.zip,FAILED,404,0,,HTTP 404
2021-03-10,legacy,https://nsearchives.nseindia.com/content/historical/DERIVATIVES/2021/MAR/fo10MAR2021bhav.csv.zip,SUCCESS,200,610937,5b132bd6b820cd6e683c0150648ccc30c5a6aee34dfced5082752984ca98b905,
2021-03-12,legacy,https://nsearchives.nseindia.com/content/historical/DERIVATIVES/2021/MAR/fo12MAR2021bhav.csv.zip,SUCCESS,200,613752,9cdace9bee27f6cb71da41dca175e01cae6b8ac53579aa250abe0fbd5a054ee9,
2021-03-18,legacy,https://nsearchives.nseindia.com/content/historical/DERIVATIVES/2021/MAR/fo18MAR2021bhav.csv.zip,SUCCESS,200,630263,d7f052876ee14a9c3d0a2ae025dbc23d6541853eab612b0544d198ea8b086390,
2021-03-22,legacy,https://nsearchives.nseindia.com/content/historical/DERIVATIVES/2021/MAR/fo22MAR2021bhav.csv.zip,SUCCESS,200,626760,ed231777c67a35677a4ea99c7d62682c3a389a13508d7a589a7625bfb9acab30,
2021-03-16,legacy,https://nsearchives.nseindia.com/content/historical/DERIVATIVES/2021/MAR/fo16MAR2021bhav.csv.zip,SUCCESS,200,616679,d6c7b5d18d333c108c8c38f7052f579c1de62088c1f9b91b819f79c0afdb8234,
2021-03-19,legacy,https://nsearchives.nseindia.com/content/historical/DERIVATIVES/2021/MAR/fo19MAR2021bhav.csv.zip,SUCCESS,200,630507,688ef91ef0765b466e59c24774d2489658550ea06d88f62b95dea99c0b5ae64b,
2021-03-05,legacy,https://nsearchives.nseindia.com/content/historical/DERIVATIVES/2021/MAR/fo05MAR2021bhav.csv.zip,SUCCESS,200,611870,a9456a339ab4a0bd16fe0b9f7d9e59cc182ee6636fbc04b49d78bf5257f72db2,
2021-03-24,legacy,https://nsearchives.nseindia.com/content/historical/DERIVATIVES/2021/MAR/fo24MAR2021bhav.csv.zip,SUCCESS,200,635689,32d9b12b36ef2704c0e9520bea48cd1bbfacbd92cebab9a6e0e5be80ee21950e,
2021-03-25,legacy,https://nsearchives.nseindia.com/content/historical/DERIVATIVES/2021/MAR/fo25MAR2021bhav.csv.zip,SUCCESS,200,628000,c63ddb89215df1ef7f4f2637434d9d88c5b8d53dce1e5098d4563c2e76eb9b54,
2021-02-26,legacy,https://nsearchives.nseindia.com/content/historical/DERIVATIVES/2021/FEB/fo26FEB2021bhav.csv.zip,SUCCESS,200,583373,a31504635c69d1c08f9564a2587a03fbce276538c4c20475ec04f9c131cdbc59,
2021-04-01,legacy,https://nsearchives.nseindia.com/content/historical/DERIVATIVES/2021/APR/fo01APR2021bhav.csv.zip,SUCCESS,200,591713,37e69d17b25a7fdc469b201d29ec6d9959339342708750c4aef619a7a5b5e26c,
2021-02-17,legacy,https://nsearchives.nseindia.com/content/historical/DERIVATIVES/2021/FEB/fo17FEB2021bhav.csv.zip,SUCCESS,200,603029,7cdc2ada10745099590df33df6ece9d1d0f9f9225cb6bd8ba594fb0f2cb77de5,
2021-03-01,legacy,https://nsearchives.nseindia.com/content/historical/DERIVATIVES/2021/MAR/fo01MAR2021bhav.csv.zip,SUCCESS,200,592019,019c7cbd106993a4a93c3e68b16b5bd9837c6a8c60f1e53239a2a21ba6926580,
2021-04-05,legacy,https://nsearchives.nseindia.com/content/historical/DERIVATIVES/2021/APR/fo05APR2021bhav.csv.zip,SUCCESS,200,593659,71b4fd285340acd47c3765b4234dc8b9dc06fa7b67e8adf2bf6a471abc64d9b6,
2021-01-22,legacy,https://nsearchives.nseindia.com/content/historical/DERIVATIVES/2021/JAN/fo22JAN2021bhav.csv.zip,SUCCESS,200,581103,1a141ba53833ee7960efa847658717756c6bce62be9072d09dbd6760bcec2e1b,
2021-04-08,legacy,https://nsearchives.nseindia.com/content/historical/DERIVATIVES/2021/APR/fo08APR2021bhav.csv.zip,SUCCESS,200,606030,23c45d4171ee489a27fb6e5c9ffe8ba83aae7ff2112ece0a138146f2fab97aec,
2021-03-09,legacy,https://nsearchives.nseindia.com/content/historical/DERIVATIVES/2021/MAR/fo09MAR2021bhav.csv.zip,SUCCESS,200,613737,83c3ce410d6215e397ac2e6f244aa18bec9aa7d0048939c5e7573bd05b5e5524,
2021-04-12,legacy,https://nsearchives.nseindia.com/content/historical/DERIVATIVES/2021/APR/fo12APR2021bhav.csv.zip,SUCCESS,200,623473,d4fa3046a3f89925494aeaf5a0b75a7785ea456fa3e794d6fdac283d5a85302f,
2020-07-21,legacy,https://nsearchives.nseindia.com/content/historical/DERIVATIVES/2020/JUL/fo21JUL2020bhav.csv.zip,SUCCESS,200,455513,9e3263c60ed9e2e6ca6d5fea8218ce0ae5cdde713c02d4938e854037bd18959a,
2020-10-28,legacy,https://nsearchives.nseindia.com/content/historical/DERIVATIVES/2020/OCT/fo28OCT2020bhav.csv.zip,SUCCESS,200,447200,081f6f1fb9d3a88e1cabf7aacd424497c7af5a2de6a6d0e2e6ae89d947c0b989,
2021-04-16,legacy,https://nsearchives.nseindia.com/content/historical/DERIVATIVES/2021/APR/fo16APR2021bhav.csv.zip,SUCCESS,200,618535,a60c69cb489fc7c8980ed5b6c515f36c45457c136586527e96928730bfcd6e26,
2021-03-31,legacy,https://nsearchives.nseindia.com/content/historical/DERIVATIVES/2021/MAR/fo31MAR2021bhav.csv.zip,SUCCESS,200,586728,03a5a122cdce97f2018c1451cc82302af941f37e34961b92e4368ae7bc043dbf,
2021-03-26,legacy,https://nsearchives.nseindia.com/content/historical/DERIVATIVES/2021/MAR/fo26MAR2021bhav.csv.zip,SUCCESS,200,579494,f8cc40aa109a5695d782c6379ec5e35e3584b465c92bda086fe3f308f7a3a1f4,
2021-04-13,legacy,https://nsearchives.nseindia.com/content/historical/DERIVATIVES/2021/APR/fo13APR2021bhav.csv.zip,SUCCESS,200,625470,88bc30819e41d2c7c84172cd14feaf13372fd1ad9bda79f0d9e7a4e773994c09,
2021-04-19,legacy,https://nsearchives.nseindia.com/content/historical/DERIVATIVES/2021/APR/fo19APR2021bhav.csv.zip,SUCCESS,200,624641,6603239019c03cc6fc4bebd914135d3f6eed10b0e39414fab68eac736df04070,
2021-04-27,legacy,https://nsearchives.nseindia.com/content/historical/DERIVATIVES/2021/APR/fo27APR2021bhav.csv.zip,SUCCESS,200,637926,aedecf533be9d05f6abd905e23357ad53e3be7a83642c030d47fe3732f4b84e8,
2021-04-06,legacy,https://nsearchives.nseindia.com/content/historical/DERIVATIVES/2021/APR/fo06APR2021bhav.csv.zip,SUCCESS,200,596469,6d48c1b6bd31ea701260340c9054f7e9917b0aed3f03d7d0b28da1a24b63d8c8,
2021-02-24,legacy,https://nsearchives.nseindia.com/content/historical/DERIVATIVES/2021/FEB/fo24FEB2021bhav.csv.zip,SUCCESS,200,610832,a706ff13e6e09f0fcaf5d094383c90c01d96a57784070fcf4edc132a92361aac,
2021-04-15,legacy,https://nsearchives.nseindia.com/content/historical/DERIVATIVES/2021/APR/fo15APR2021bhav.csv.zip,SUCCESS,200,623995,2534a6bcfbde681dfbb0c0130b6f647cf2d51842d970d551d4e1bf69f5fd3175,
2021-04-26,legacy,https://nsearchives.nseindia.com/content/historical/DERIVATIVES/2021/APR/fo26APR2021bhav.csv.zip,SUCCESS,200,634595,a7ac648d69d9315985aef694844125f084d0a6d7b3ff53f9f5c568361d0c0a0e,
2021-04-09,legacy,https://nsearchives.nseindia.com/content/historical/DERIVATIVES/2021/APR/fo09APR2021bhav.csv.zip,SUCCESS,200,606210,9269bb00665b73ede63b7ab5c1f390d66dfd02a21303c2f0a2b2e50f0f564b76,
2021-03-15,legacy,https://nsearchives.nseindia.com/content/historical/DERIVATIVES/2021/MAR/fo15MAR2021bhav.csv.zip,SUCCESS,200,616973,43788947f3c666cbe941ae8d3a0bbb19e16b819a811d08dc25c5cd17a83e364d,
2021-04-28,legacy,https://nsearchives.nseindia.com/content/historical/DERIVATIVES/2021/APR/fo28APR2021bhav.csv.zip,SUCCESS,200,647097,abee15b6ff7c3e890a0ba76efecbfdb67ebe785d3683c1daf7da4d0a582e8f13,
2021-05-10,legacy,https://nsearchives.nseindia.com/content/historical/DERIVATIVES/2021/MAY/fo10MAY2021bhav.csv.zip,SUCCESS,200,601886,a115a6ffe3f72e90e408abfd7530fc2f26ae2b82be2a1fdca00d10090f8cfea5,
2019-04-22,legacy,https://nsearchives.nseindia.com/content/historical/DERIVATIVES/2019/APR/fo22APR2019bhav.csv.zip,SUCCESS,200,522185,863299a72f3e88dd1622927a14d549ba87d0a00a506c8b781e2e4b19a81d1aa1,
2021-04-30,legacy,https://nsearchives.nseindia.com/content/historical/DERIVATIVES/2021/APR/fo30APR2021bhav.csv.zip,SUCCESS,200,575820,c80681b54bb2f4aaa8c3f3320eb8ea8c2ce7c4d15ddc64302e601880191fedb0,
2021-05-07,legacy,https://nsearchives.nseindia.com/content/historical/DERIVATIVES/2021/MAY/fo07MAY2021bhav.csv.zip,SUCCESS,200,594734,c428ec45f7d894d351fd99f76b25ea8d2e5d0f8c0beee97bdbd1018dd5dfa5dd,
2021-01-21,legacy,https://nsearchives.nseindia.com/content/historical/DERIVATIVES/2021/JAN/fo21JAN2021bhav.csv.zip,ERROR,0,0,,"HTTPSConnectionPool(host='nsearchives.nseindia.com', port=443): Read timed out."
2021-01-28,legacy,https://nsearchives.nseindia.com/content/historical/DERIVATIVES/2021/JAN/fo28JAN2021bhav.csv.zip,SUCCESS,200,581545,ba84db2133708841c1f9db339912fd7b8722e6797e7e944d8090647414b104d1,
2021-05-11,legacy,https://nsearchives.nseindia.com/content/historical/DERIVATIVES/2021/MAY/fo11MAY2021bhav.csv.zip,SUCCESS,200,610125,5403c564af5c6e9a2d32b666cad653127d980bcbdad0458c479ae9d5a78213f4,
2021-02-08,legacy,https://nsearchives.nseindia.com/content/historical/DERIVATIVES/2021/FEB/fo08FEB2021bhav.csv.zip,SUCCESS,200,570197,b45a7523b02f3e390e9c6efd6e4de2bd6078e479cd1d41d8ad80120f4e906523,
2021-04-20,legacy,https://nsearchives.nseindia.com/content/historical/DERIVATIVES/2021/APR/fo20APR2021bhav.csv.zip,SUCCESS,200,627126,8fcfd93048672eeb111d04db6bbf33785a986ede8becf0c662c54392f3232b0b,
2021-05-05,legacy,https://nsearchives.nseindia.com/content/historical/DERIVATIVES/2021/MAY/fo05MAY2021bhav.csv.zip,SUCCESS,200,590386,ed1a72d32bef78a3d4c62ed1b4b2cd2f05205dcd2850df132e1c4faf59581901,
2021-04-22,legacy,https://nsearchives.nseindia.com/content/historical/DERIVATIVES/2021/APR/fo22APR2021bhav.csv.zip,SUCCESS,200,629861,5040e7e9369c89c21e5ea6932a2aaa902483e3aaa04ad07d413a7c8c23732b67,
2021-05-06,legacy,https://nsearchives.nseindia.com/content/historical/DERIVATIVES/2021/MAY/fo06MAY2021bhav.csv.zip,SUCCESS,200,592732,21102e662d6fbbf868c7e3c4562623055beddf61be2f289b83d6751ddebf44af,
2021-05-20,legacy,https://nsearchives.nseindia.com/content/historical/DERIVATIVES/2021/MAY/fo20MAY2021bhav.csv.zip,SUCCESS,200,629797,a0111614f957e2ba51e593d42adc63685a5fbcec322a77fdb3f7784b7470f47b,
2021-04-23,legacy,https://nsearchives.nseindia.com/content/historical/DERIVATIVES/2021/APR/fo23APR2021bhav.csv.zip,SUCCESS,200,632764,d60423a897bcd9632ed90eb92eb5924ee743b7dd5f411a4c81bb279ea89795bc,
2021-05-03,legacy,https://nsearchives.nseindia.com/content/historical/DERIVATIVES/2021/MAY/fo03MAY2021bhav.csv.zip,SUCCESS,200,581984,f5e25a660b0968867dc192c98452fb91f8914a22fc3ebe888435fee79e93a944,
2021-04-07,legacy,https://nsearchives.nseindia.com/content/historical/DERIVATIVES/2021/APR/fo07APR2021bhav.csv.zip,SUCCESS,200,600862,34361d7fb0ce456671a649feb0e275bf66ccf6678c44d4a98e938d724aa9593d,
2021-05-04,legacy,https://nsearchives.nseindia.com/content/historical/DERIVATIVES/2021/MAY/fo04MAY2021bhav.csv.zip,SUCCESS,200,589557,b441a91aa304e383078d4a10630936a33fdc0ff64e7d4ee3ec9743764128baf4,
2021-06-03,legacy,https://nsearchives.nseindia.com/content/historical/DERIVATIVES/2021/JUN/fo03JUN2021bhav.csv.zip,SUCCESS,200,589557,1fc16e12d50332f96d4866df36bd423240b8cfb1e0e1f3491fa751e6a23f7f1b,
2021-05-17,legacy,https://nsearchives.nseindia.com/content/historical/DERIVATIVES/2021/MAY/fo17MAY2021bhav.csv.zip,SUCCESS,200,617856,99e4393180601238abd9775c2a4fd522e23bb78b3f9c072dfeceae51b7ba5678,
2021-05-26,legacy,https://nsearchives.nseindia.com/content/historical/DERIVATIVES/2021/MAY/fo26MAY2021bhav.csv.zip,SUCCESS,200,643966,f9e426d6cd0906d6977876af60694164633c6a83c67fcfba4367882f8701e7d4,
2021-04-29,legacy,https://nsearchives.nseindia.com/content/historical/DERIVATIVES/2021/APR/fo29APR2021bhav.csv.zip,SUCCESS,200,632856,5d2ccee7bd488d17bc86a174385ded4741baa8ea004f8e1801eb8067354f737d,
2021-05-28,legacy,https://nsearchives.nseindia.com/content/historical/DERIVATIVES/2021/MAY/fo28MAY2021bhav.csv.zip,SUCCESS,200,572987,54a86c5e6a4372192344043ff6bcc74e47479b99311421376ef2e60faac36dd4,
2021-02-04,legacy,https://nsearchives.nseindia.com/content/historical/DERIVATIVES/2021/FEB/fo04FEB2021bhav.csv.zip,SUCCESS,200,566798,e4901abf25071558e1cf5dad83ef294e5f4f5e499c24cc289512017072e2f417,
2021-05-12,legacy,https://nsearchives.nseindia.com/content/historical/DERIVATIVES/2021/MAY/fo12MAY2021bhav.csv.zip,SUCCESS,200,967355,cf8c73dffcaa85f50278c1e07cae337e2d289f968c2358e1bbf710c96362ee9d,
2021-05-19,legacy,https://nsearchives.nseindia.com/content/historical/DERIVATIVES/2021/MAY/fo19MAY2021bhav.csv.zip,SUCCESS,200,625662,27e5f37a05c333637643f1bbc8e58f689b17ed36f2dd954407be1f84c7f981ae,
2021-05-27,legacy,https://nsearchives.nseindia.com/content/historical/DERIVATIVES/2021/MAY/fo27MAY2021bhav.csv.zip,SUCCESS,200,634151,8a9eafcd31479eb48c0faf5eb07e1276f8d7e19ab8e211c1a8667eed4483f8e7,
2021-05-21,legacy,https://nsearchives.nseindia.com/content/historical/DERIVATIVES/2021/MAY/fo21MAY2021bhav.csv.zip,SUCCESS,200,632893,223d8ecd6e0abfcba5a647fbf609ee20ed18c6bdf25042e39f1cbbdba81b858d,
2021-06-02,legacy,https://nsearchives.nseindia.com/content/historical/DERIVATIVES/2021/JUN/fo02JUN2021bhav.csv.zip,SUCCESS,200,584737,7a2c3957478202a4189e175195b009f6f55db0fb2b85a4731c3c495cefb006da,
2021-06-23,legacy,https://nsearchives.nseindia.com/content/historical/DERIVATIVES/2021/JUN/fo23JUN2021bhav.csv.zip,SUCCESS,200,635674,551344a20af4ec3b655f2acb251bafa47ac0aa771e95f13b6cc240739781ee28,
2021-06-15,legacy,https://nsearchives.nseindia.com/content/historical/DERIVATIVES/2021/JUN/fo15JUN2021bhav.csv.zip,SUCCESS,200,615043,35ffaf1928ae6d55598f55e82f4671da7e489d8fc5efa05a3b3491f5fbbb0bd8,
2021-06-04,legacy,https://nsearchives.nseindia.com/content/historical/DERIVATIVES/2021/JUN/fo04JUN2021bhav.csv.zip,SUCCESS,200,592475,64916e00dc556ed99ef0eaee12dc7dc3d9914d87eb1dfa335951a540e782014d,
2021-06-16,legacy,https://nsearchives.nseindia.com/content/historical/DERIVATIVES/2021/JUN/fo16JUN2021bhav.csv.zip,SUCCESS,200,620661,51182f141b294c8601847023f0e6eae86d398cb7fb7a3b255bdb4e7150811e8f,
2021-06-09,legacy,https://nsearchives.nseindia.com/content/historical/DERIVATIVES/2021/JUN/fo09JUN2021bhav.csv.zip,SUCCESS,200,613236,7024d9a2c0854cc887d61b90ff2d6363c492601cb98317b06c8ef9a4226b7762,
2021-06-30,legacy,https://nsearchives.nseindia.com/content/historical/DERIVATIVES/2021/JUN/fo30JUN2021bhav.csv.zip,SUCCESS,200,593924,8099d2a5a0443285deeaa9a545ea47a2e4c76a297d62704aa66c0070e844862c,
2021-06-18,legacy,https://nsearchives.nseindia.com/content/historical/DERIVATIVES/2021/JUN/fo18JUN2021bhav.csv.zip,SUCCESS,200,632963,371365c0f1d3880e2244b24f2f4a3a6f2e3b8c15a7fa2e457b3554d596b2af11,
2021-05-14,legacy,https://nsearchives.nseindia.com/content/historical/DERIVATIVES/2021/MAY/fo14MAY2021bhav.csv.zip,SUCCESS,200,616906,a1ed1782e51398e79c39743838e06883319bf36f51bac07d6b38cbe36bb8ae49,
2021-07-01,legacy,https://nsearchives.nseindia.com/content/historical/DERIVATIVES/2021/JUL/fo01JUL2021bhav.csv.zip,SUCCESS,200,593613,c62a9458e4f49e88fcc3a46f8b828913bbd0f3f23703c4c9a03d3789928f68cc,
2021-06-10,legacy,https://nsearchives.nseindia.com/content/historical/DERIVATIVES/2021/JUN/fo10JUN2021bhav.csv.zip,SUCCESS,200,608642,bc879fe8b86cab95173f240fa6ba942295562bb257f4f478a1fc03751e61ebcc,
2021-06-22,legacy,https://nsearchives.nseindia.com/content/historical/DERIVATIVES/2021/JUN/fo22JUN2021bhav.csv.zip,SUCCESS,200,635343,0e3254963413642b646926b677b7b88e054fe1d2e009ac4aa37a2afa90016c2e,
2021-06-11,legacy,https://nsearchives.nseindia.com/content/historical/DERIVATIVES/2021/JUN/fo11JUN2021bhav.csv.zip,SUCCESS,200,609373,2c478b0790cfe80e19cb3cf347d988c4740cfc7a687d6de8f1178c836c2d2e3b,
2021-06-25,legacy,https://nsearchives.nseindia.com/content/historical/DERIVATIVES/2021/JUN/fo25JUN2021bhav.csv.zip,SUCCESS,200,583509,8eb19c110347b445606fa915043062e868c2258035e6b76b29ebb109f2924dd7,
2021-07-05,legacy,https://nsearchives.nseindia.com/content/historical/DERIVATIVES/2021/JUL/fo05JUL2021bhav.csv.zip,SUCCESS,200,599864,2eea8d73b7985c7bbf8ff09f07bbbe17e50d2443f5ba5f79ecd274b6fd58fc9a,
2021-06-29,legacy,https://nsearchives.nseindia.com/content/historical/DERIVATIVES/2021/JUN/fo29JUN2021bhav.csv.zip,SUCCESS,200,591821,f11aa1427a7761bd1b1f2c0850f1f935578a447d64af42baf47b838ed56fe4a2,
2021-03-17,legacy,https://nsearchives.nseindia.com/content/historical/DERIVATIVES/2021/MAR/fo17MAR2021bhav.csv.zip,ERROR,0,0,,"HTTPSConnectionPool(host='nsearchives.nseindia.com', port=443): Read timed out."
2021-05-24,legacy,https://nsearchives.nseindia.com/content/historical/DERIVATIVES/2021/MAY/fo24MAY2021bhav.csv.zip,SUCCESS,200,640849,febab28798f3cdd72aa8302301ab7f96de745dde98cd407652f725babbc0a0fc,
2021-06-21,legacy,https://nsearchives.nseindia.com/content/historical/DERIVATIVES/2021/JUN/fo21JUN2021bhav.csv.zip,SUCCESS,200,629945,f72065682852abdd9e2aa2d9c33785459d00d8254239abd25aebe8fb5f757bef,
2021-06-24,legacy,https://nsearchives.nseindia.com/content/historical/DERIVATIVES/2021/JUN/fo24JUN2021bhav.csv.zip,SUCCESS,200,622021,168cd955ca6a53ae6489234b5aaa362c2f784bdbfa654edecf8860d8495b864b,
2021-07-08,legacy,https://nsearchives.nseindia.com/content/historical/DERIVATIVES/2021/JUL/fo08JUL2021bhav.csv.zip,SUCCESS,200,613085,0a6fd0206d331428d2f80ce646c9e474a6843d8efbf172de1687d10e9ec0b6be,
2021-07-07,legacy,https://nsearchives.nseindia.com/content/historical/DERIVATIVES/2021/JUL/fo07JUL2021bhav.csv.zip,SUCCESS,200,607178,878992bfec6945a87ce0e8cdac805ee0c218d7265910a4042566af55cde7cad7,
2021-07-29,legacy,https://nsearchives.nseindia.com/content/historical/DERIVATIVES/2021/JUL/fo29JUL2021bhav.csv.zip,SUCCESS,200,652203,d4935f4ee82ea0576a8acd54a788bbf7360fb03b69d3c9028b61c15a160eb509,
2021-07-12,legacy,https://nsearchives.nseindia.com/content/historical/DERIVATIVES/2021/JUL/fo12JUL2021bhav.csv.zip,SUCCESS,200,611998,abc82446ff06926afc67e4b7a592ab89e7d6445d44cdb10d2b14c6033b2010dc,
2021-07-19,legacy,https://nsearchives.nseindia.com/content/historical/DERIVATIVES/2021/JUL/fo19JUL2021bhav.csv.zip,SUCCESS,200,630786,c6607149f6632ddd6286ca32e25503498c821583c4f63f0a38e23dbff23dd668,
2021-07-26,legacy,https://nsearchives.nseindia.com/content/historical/DERIVATIVES/2021/JUL/fo26JUL2021bhav.csv.zip,SUCCESS,200,646604,50c7d8f8327fda0ee5604666208fa1be2130971456cfa14554ce0a4befed041c,
2021-06-01,legacy,https://nsearchives.nseindia.com/content/historical/DERIVATIVES/2021/JUN/fo01JUN2021bhav.csv.zip,SUCCESS,200,581936,d03bd3e874bb77059a123e9bb6fffee6546e9143a46202e5df27262dfe1ec7bc,
2021-07-15,legacy,https://nsearchives.nseindia.com/content/historical/DERIVATIVES/2021/JUL/fo15JUL2021bhav.csv.zip,SUCCESS,200,618396,56046c60e14a0f068833da8d413e777cd1ffe37d35435638c3f9498a8c6ee8ac,
2021-06-07,legacy,https://nsearchives.nseindia.com/content/historical/DERIVATIVES/2021/JUN/fo07JUN2021bhav.csv.zip,SUCCESS,200,599347,3c89b5dd1ffb378bbee585e154b6f2ebe2a5766d97db75aebe07d52a78a46198,
2021-07-02,legacy,https://nsearchives.nseindia.com/content/historical/DERIVATIVES/2021/JUL/fo02JUL2021bhav.csv.zip,SUCCESS,200,596084,b81b5e28a83742ad8e38e0c81d885315bdf52e954a68f1e3a5ad0e92757ec8a8,
2021-05-18,legacy,https://nsearchives.nseindia.com/content/historical/DERIVATIVES/2021/MAY/fo18MAY2021bhav.csv.zip,SUCCESS,200,623923,9064b2fd0ab0715478701401d1862cc16562591418a1b2b8f50c1e044e1dcdad,
2021-07-09,legacy,https://nsearchives.nseindia.com/content/historical/DERIVATIVES/2021/JUL/fo09JUL2021bhav.csv.zip,SUCCESS,200,609652,5fa3c30bf90325d5ba5c44d7bd02c47d8d84d456c4bdd285d55d444cc39b0603,
2021-07-22,legacy,https://nsearchives.nseindia.com/content/historical/DERIVATIVES/2021/JUL/fo22JUL2021bhav.csv.zip,SUCCESS,200,640202,371be4bac13e680dbbecce59e75d28bc10e8d23551ab838987931c0711218689,
2021-06-28,legacy,https://nsearchives.nseindia.com/content/historical/DERIVATIVES/2021/JUN/fo28JUN2021bhav.csv.zip,SUCCESS,200,588714,b8d373241ac59ad43c1d0f03bc912c27d13db51e5ae6a81f75de9ccf732e10ee,
2021-07-16,legacy,https://nsearchives.nseindia.com/content/historical/DERIVATIVES/2021/JUL/fo16JUL2021bhav.csv.zip,SUCCESS,200,621773,768939096cabfce18d88d4009701781b741a35045810ff6b5f31c637cd81ad80,
2021-05-25,legacy,https://nsearchives.nseindia.com/content/historical/DERIVATIVES/2021/MAY/fo25MAY2021bhav.csv.zip,SUCCESS,200,641761,691a034f28bf106c9eef1254f3e10999f29fa3601ef417175c95fbc4f74e5ab4,
2021-07-28,legacy,https://nsearchives.nseindia.com/content/historical/DERIVATIVES/2021/JUL/fo28JUL2021bhav.csv.zip,SUCCESS,200,663949,16a3eb4ba0ea7e823b1c87dd02d7232eb582cdcc326f0c1419263c08cb865915,
2021-07-06,legacy,https://nsearchives.nseindia.com/content/historical/DERIVATIVES/2021/JUL/fo06JUL2021bhav.csv.zip,SUCCESS,200,607813,83f509bd71bb2d8bd3fea026a4d731b399897bc2ec83929474136b49e81f4f00,
2021-08-05,legacy,https://nsearchives.nseindia.com/content/historical/DERIVATIVES/2021/AUG/fo05AUG2021bhav.csv.zip,SUCCESS,200,620196,14cd6e3b8e08173bb16608375c48744a00b41aa1182000335936218f4b8a35ac,
2021-08-03,legacy,https://nsearchives.nseindia.com/content/historical/DERIVATIVES/2021/AUG/fo03AUG2021bhav.csv.zip,SUCCESS,200,608481,88c7dd8115f62e652cb8479345b1cf9f66aa580087e2601cc559d615d7f51e7c,
2021-08-16,legacy,https://nsearchives.nseindia.com/content/historical/DERIVATIVES/2021/AUG/fo16AUG2021bhav.csv.zip,SUCCESS,200,636387,318e2a9f4b4c6234c7de7ff390aaa0715585ab2332beb4d88f895b7655c2e31c,
2021-08-02,legacy,https://nsearchives.nseindia.com/content/historical/DERIVATIVES/2021/AUG/fo02AUG2021bhav.csv.zip,SUCCESS,200,600972,215db28f9ff4afdf94b1edc4f19d09575defcbaf775a24875091b89f2819fcb4,
2021-07-14,legacy,https://nsearchives.nseindia.com/content/historical/DERIVATIVES/2021/JUL/fo14JUL2021bhav.csv.zip,SUCCESS,200,616436,f2be814c33989cbc3487d1b1e8f9e6db9ae9c0d43ad48cd6c312557f68234fb4,
2021-06-08,legacy,https://nsearchives.nseindia.com/content/historical/DERIVATIVES/2021/JUN/fo08JUN2021bhav.csv.zip,SUCCESS,200,604230,860a84e43cda135d26a2d6fe52632f35bc975a455c76cc5485a0a159f127d26f,
2021-06-14,legacy,https://nsearchives.nseindia.com/content/historical/DERIVATIVES/2021/JUN/fo14JUN2021bhav.csv.zip,SUCCESS,200,613578,ba8d3beea32fbfcf05b061e39b5b134535e9a33ce322e4afa0adadfd5741d3f4,
2021-08-04,legacy,https://nsearchives.nseindia.com/content/historical/DERIVATIVES/2021/AUG/fo04AUG2021bhav.csv.zip,SUCCESS,200,617639,391458f4e477075456db9868bb021f68712c8107566febba486433481c9b12f3,
2021-07-27,legacy,https://nsearchives.nseindia.com/content/historical/DERIVATIVES/2021/JUL/fo27JUL2021bhav.csv.zip,SUCCESS,200,655070,adf842a42f99f65b5a0551823f8e80b1a90c678676f0a4e3368f269d0b26b98f,
2021-07-23,legacy,https://nsearchives.nseindia.com/content/historical/DERIVATIVES/2021/JUL/fo23JUL2021bhav.csv.zip,SUCCESS,200,641939,aaedb78316c526631ac49784c9a8288e2a2c8aa837c3d66e48659f438ff5b2a9,
2021-07-13,legacy,https://nsearchives.nseindia.com/content/historical/DERIVATIVES/2021/JUL/fo13JUL2021bhav.csv.zip,SUCCESS,200,613953,af14bf91018c89aa3823c056e2b922e673db70c6ec08f97815a29dd83190caec,
2021-08-06,legacy,https://nsearchives.nseindia.com/content/historical/DERIVATIVES/2021/AUG/fo06AUG2021bhav.csv.zip,SUCCESS,200,619559,1931d6c740b7cee053595fff1990f58355d2a4e78a1634175a7dd8647e359e77,
2021-08-10,legacy,https://nsearchives.nseindia.com/content/historical/DERIVATIVES/2021/AUG/fo10AUG2021bhav.csv.zip,SUCCESS,200,629036,8e58f77fa0857892544f8d2828313a3748121246a85cc1477c0c64f3791df400,
2021-08-12,legacy,https://nsearchives.nseindia.com/content/historical/DERIVATIVES/2021/AUG/fo12AUG2021bhav.csv.zip,SUCCESS,200,629221,21b53ff52d8a59a8c2f567c3de8c0ae51b50dba4ca1bc0c657fce72150d61e5a,
2021-08-17,legacy,https://nsearchives.nseindia.com/content/historical/DERIVATIVES/2021/AUG/fo17AUG2021bhav.csv.zip,SUCCESS,200,644589,312dd63c8f905a85ed7559d4eb862d32f66d3710ac2bdf7f2c1441e46b24f812,
2021-08-13,legacy,https://nsearchives.nseindia.com/content/historical/DERIVATIVES/2021/AUG/fo13AUG2021bhav.csv.zip,SUCCESS,200,632758,4525b547594cecf5a9a268f0d8d8f5478e284e4773288a13a2b007ca83643e24,
2021-09-06,legacy,https://nsearchives.nseindia.com/content/historical/DERIVATIVES/2021/SEP/fo06SEP2021bhav.csv.zip,SUCCESS,200,668088,453f4ecf6a00e2d7d3358b5aeaf6e1b2c4ae3d8de417fce83b0a2e5014a9fdc4,
2021-08-26,legacy,https://nsearchives.nseindia.com/content/historical/DERIVATIVES/2021/AUG/fo26AUG2021bhav.csv.zip,SUCCESS,200,666246,ebadc0498f21c8b86bbb932a3f9b2f7efaae06794005878f5be2fab8f8053b36,
2021-08-31,legacy,https://nsearchives.nseindia.com/content/historical/DERIVATIVES/2021/AUG/fo31AUG2021bhav.csv.zip,SUCCESS,200,643108,008d6982d7b40328880743a0cb9788072eca2a187fd208eee03e2a41bf105b8e,
2021-07-30,legacy,https://nsearchives.nseindia.com/content/historical/DERIVATIVES/2021/JUL/fo30JUL2021bhav.csv.zip,SUCCESS,200,595667,760881c52700e8a2b0d4ac4841409bcc24920a0419cc9470f12f9f00231ae6b2,
2021-09-02,legacy,https://nsearchives.nseindia.com/content/historical/DERIVATIVES/2021/SEP/fo02SEP2021bhav.csv.zip,SUCCESS,200,658953,e296c14e661408b88e97979bbd88a5b79951f52a02478cb20d167ce068ae22cc,
2021-08-09,legacy,https://nsearchives.nseindia.com/content/historical/DERIVATIVES/2021/AUG/fo09AUG2021bhav.csv.zip,SUCCESS,200,621455,fc9d5fd0f163f0bfb4d890af4ef38d9e256ac1a59b963f867ce0a870f61277fe,
2021-08-30,legacy,https://nsearchives.nseindia.com/content/historical/DERIVATIVES/2021/AUG/fo30AUG2021bhav.csv.zip,SUCCESS,200,631772,b0e96c4d711e20979a9c2680de4c49eb8d72d2e795f5be37c478f8c22cb7a727,
2021-08-20,legacy,https://nsearchives.nseindia.com/content/historical/DERIVATIVES/2021/AUG/fo20AUG2021bhav.csv.zip,SUCCESS,200,663324,f67b91f905bac61464dee61c61c21862c04f72d8d7d370da1aff4c4bfa2652bc,
2021-09-07,legacy,https://nsearchives.nseindia.com/content/historical/DERIVATIVES/2021/SEP/fo07SEP2021bhav.csv.zip,SUCCESS,200,672687,ea7a14cfbf945c7983162554a7d2a9d159db396838406484c8f8a3ab333ded46,
2021-09-01,legacy,https://nsearchives.nseindia.com/content/historical/DERIVATIVES/2021/SEP/fo01SEP2021bhav.csv.zip,SUCCESS,200,653254,38fcb316bff070e3e77bf8ba71e517aff15999c7844d946706a701a074721510,
2021-09-09,legacy,https://nsearchives.nseindia.com/content/historical/DERIVATIVES/2021/SEP/fo09SEP2021bhav.csv.zip,SUCCESS,200,675219,a0de229d83a5e609851b303cd577b8123f77b154e6897aadaac02f8db930a2fd,
2021-09-21,legacy,https://nsearchives.nseindia.com/content/historical/DERIVATIVES/2021/SEP/fo21SEP2021bhav.csv.zip,SUCCESS,200,718221,fc8e2bf1aa4fb4843b18cd1914444c22dbdeca27dd0680bf3a225a75552fa2d3,
2021-08-23,legacy,https://nsearchives.nseindia.com/content/historical/DERIVATIVES/2021/AUG/fo23AUG2021bhav.csv.zip,SUCCESS,200,671891,6a041aad485f4778262d7e05cfb4d9a0b1a34f786263bafafd8533ecc55f6810,
2021-08-25,legacy,https://nsearchives.nseindia.com/content/historical/DERIVATIVES/2021/AUG/fo25AUG2021bhav.csv.zip,SUCCESS,200,680073,867fe1a02ea55bb3287f1211ecaaf5ab08168897f70e45da443f0b901df93bc6,
2021-09-13,legacy,https://nsearchives.nseindia.com/content/historical/DERIVATIVES/2021/SEP/fo13SEP2021bhav.csv.zip,SUCCESS,200,674268,c220ccae272d9e26a24d4d088d648ee10ffe4b4637a90ac391d2bdd218705fdc,
2021-09-17,legacy,https://nsearchives.nseindia.com/content/historical/DERIVATIVES/2021/SEP/fo17SEP2021bhav.csv.zip,SUCCESS,200,710422,ca8c33c901fe65674ae4e87ef1beaba97f2ac8d05637ee51061fe32f43e524cc,
2021-07-20,legacy,https://nsearchives.nseindia.com/content/historical/DERIVATIVES/2021/JUL/fo20JUL2021bhav.csv.zip,SUCCESS,200,636617,5b8bb0619ce7a83e06b21f5ec81aab0338bcd4237e8124b0bf11e39ea87c89ad,
2021-09-03,legacy,https://nsearchives.nseindia.com/content/historical/DERIVATIVES/2021/SEP/fo03SEP2021bhav.csv.zip,SUCCESS,200,665612,41ffa48195b49ab6ebc62d9c0bcad50e1951d95ae9b8820b7d8db037f5ecb3b7,
2021-09-20,legacy,https://nsearchives.nseindia.com/content/historical/DERIVATIVES/2021/SEP/fo20SEP2021bhav.csv.zip,SUCCESS,200,713076,08b1e45621e5ad50d82e06eca57d9f8ac4f7d10ed4887ab7adfe88ddd9934173,
2021-06-17,legacy,https://nsearchives.nseindia.com/content/historical/DERIVATIVES/2021/JUN/fo17JUN2021bhav.csv.zip,SUCCESS,200,626100,c0ce356c2138b9b56db8d74f4fe2aa2bfe30ecb24905cdbaba642a50e26b8d1c,
2021-08-11,legacy,https://nsearchives.nseindia.com/content/historical/DERIVATIVES/2021/AUG/fo11AUG2021bhav.csv.zip,SUCCESS,200,630240,f95b015a63029978b754aa140fd1b3b397ad15955caf0118e98557cdb4874239,
2021-09-16,legacy,https://nsearchives.nseindia.com/content/historical/DERIVATIVES/2021/SEP/fo16SEP2021bhav.csv.zip,SUCCESS,200,697531,6275eab53df9084a8e2d5112d9b29af053d841e1b360edb186276b3157e3ea29,
2021-09-23,legacy,https://nsearchives.nseindia.com/content/historical/DERIVATIVES/2021/SEP/fo23SEP2021bhav.csv.zip,SUCCESS,200,732698,fe1b2115c094853aa651bfc7113c1cb32de91f7b768bae7fef00262c2e546b29,
2021-09-30,legacy,https://nsearchives.nseindia.com/content/historical/DERIVATIVES/2021/SEP/fo30SEP2021bhav.csv.zip,SUCCESS,200,754911,f73b1b07de81ab4d8136491f124a846db6fa3e9e538704559496aa3e7efadf26,
2021-08-18,legacy,https://nsearchives.nseindia.com/content/historical/DERIVATIVES/2021/AUG/fo18AUG2021bhav.csv.zip,SUCCESS,200,653302,097c6f8c2886f9f8659e5e880fe04fce955685c2740c8383e73c23c04aa5b98c,
2021-09-22,legacy,https://nsearchives.nseindia.com/content/historical/DERIVATIVES/2021/SEP/fo22SEP2021bhav.csv.zip,SUCCESS,200,724658,ae2eae466b5f885e31ef3fcf70a6568f02881e87d3843770e5e6ea7f657ec78d,
2021-09-29,legacy,https://nsearchives.nseindia.com/content/historical/DERIVATIVES/2021/SEP/fo29SEP2021bhav.csv.zip,SUCCESS,200,766921,3fdb9782edb2e1e8d8011791c2ed034c5f9be69bd38ba0742341e0550729a20a,
2021-10-04,legacy,https://nsearchives.nseindia.com/content/historical/DERIVATIVES/2021/OCT/fo04OCT2021bhav.csv.zip,SUCCESS,200,737274,feeff7d789ba1b0413d48ce6e44a45ec2833af1c8de8ee605176458efa4187cf,
2021-09-24,legacy,https://nsearchives.nseindia.com/content/historical/DERIVATIVES/2021/SEP/fo24SEP2021bhav.csv.zip,SUCCESS,200,743606,a78392eda0588e9f68e3a7de706567206b4c70392d8f1ab4d332aa22fc1b9d07,
2021-09-08,legacy,https://nsearchives.nseindia.com/content/historical/DERIVATIVES/2021/SEP/fo08SEP2021bhav.csv.zip,SUCCESS,200,674932,d8171cdb4598572af2af1d60488513490db3ed1ceedf78d5f6ede58e01a38022,
2021-10-11,legacy,https://nsearchives.nseindia.com/content/historical/DERIVATIVES/2021/OCT/fo11OCT2021bhav.csv.zip,SUCCESS,200,765619,e812f3bc7fc0e8f7bc575149705650fe83881cb393617e50f7ecbd0c5d5acb49,
2021-08-27,legacy,https://nsearchives.nseindia.com/content/historical/DERIVATIVES/2021/AUG/fo27AUG2021bhav.csv.zip,SUCCESS,200,621169,3635d589750f29cb3153171cb8fdb3ee0f94c9bf5c8ba80797c07942c12e36f8,
2021-10-12,legacy,https://nsearchives.nseindia.com/content/historical/DERIVATIVES/2021/OCT/fo12OCT2021bhav.csv.zip,SUCCESS,200,770940,2be08e6e28bc7ac7b610571617873fa2b369efea947476aa9a0ee2030665cb5b,
2021-10-06,legacy,https://nsearchives.nseindia.com/content/historical/DERIVATIVES/2021/OCT/fo06OCT2021bhav.csv.zip,SUCCESS,200,755472,cba791cda8ed66ca431d0e3a04d19672783b8cba1f9a369c316086f2aa24704f,
2021-08-24,legacy,https://nsearchives.nseindia.com/content/historical/DERIVATIVES/2021/AUG/fo24AUG2021bhav.csv.zip,SUCCESS,200,679329,300b3bdefea61c36ecd3cba36161e7d1a480d012f310653d89d711eda6f1a288,
2021-10-19,legacy,https://nsearchives.nseindia.com/content/historical/DERIVATIVES/2021/OCT/fo19OCT2021bhav.csv.zip,SUCCESS,200,836080,82431be802a42b9e9d7229bdfaa6dc09ddb7ff5900b5b26bb7592ec1c81febca,
2021-10-26,legacy,https://nsearchives.nseindia.com/content/historical/DERIVATIVES/2021/OCT/fo26OCT2021bhav.csv.zip,SUCCESS,200,861429,18e556908375f3d1a606adc5e3b45e62815b706a2223226cad8c91d3de3bf97c,
2021-10-08,legacy,https://nsearchives.nseindia.com/content/historical/DERIVATIVES/2021/OCT/fo08OCT2021bhav.csv.zip,SUCCESS,200,759652,fc93ef6a90e52ffadb6891a1e67015744a5bc4b3f7655590ec55d6e8f4c18ce8,
2021-10-13,legacy,https://nsearchives.nseindia.com/content/historical/DERIVATIVES/2021/OCT/fo13OCT2021bhav.csv.zip,SUCCESS,200,797307,fc03707d386bb174302ac3201b1079b85d8f78d4d0091dbbf6b76a72c0f01220,
2021-10-29,legacy,https://nsearchives.nseindia.com/content/historical/DERIVATIVES/2021/OCT/fo29OCT2021bhav.csv.zip,SUCCESS,200,774746,f722a569f3a5114b8cb697bd0d65398f0c4c6d9cc77426c405a0f60c777065c7,
2021-11-03,legacy,https://nsearchives.nseindia.com/content/historical/DERIVATIVES/2021/NOV/fo03NOV2021bhav.csv.zip,SUCCESS,200,784988,f829f791e8dc517acdc92184e8e04f7d66291e2fb0c06a0c6a54d8ff53833767,
2021-10-01,legacy,https://nsearchives.nseindia.com/content/historical/DERIVATIVES/2021/OCT/fo01OCT2021bhav.csv.zip,SUCCESS,200,726539,ec74cc64d02b4e46caef45f1a9384a1a79f440b7076bd481f2223b45ef9fb132,
2021-11-02,legacy,https://nsearchives.nseindia.com/content/historical/DERIVATIVES/2021/NOV/fo02NOV2021bhav.csv.zip,SUCCESS,200,782065,bc8b1875b2e555439b406c4616c96444c0ef32625620abe7e00a587edf1b08ce,
2021-11-01,legacy,https://nsearchives.nseindia.com/content/historical/DERIVATIVES/2021/NOV/fo01NOV2021bhav.csv.zip,SUCCESS,200,781977,3d2a16cc4a626eef9d9ee75797947524fb2ead1c98bc1103e23e81de79f2d5c2,
2021-11-10,legacy,https://nsearchives.nseindia.com/content/historical/DERIVATIVES/2021/NOV/fo10NOV2021bhav.csv.zip,SUCCESS,200,796680,21545bbcc4d9f92d1deb089846c33c0effac881f3835554448030211404d721b,
2021-10-05,legacy,https://nsearchives.nseindia.com/content/historical/DERIVATIVES/2021/OCT/fo05OCT2021bhav.csv.zip,SUCCESS,200,746427,f39437188b7e62a0c28ae5280a24e89082e56bcfa2e725ba2fc5ea286ac1580e,
2021-10-22,legacy,https://nsearchives.nseindia.com/content/historical/DERIVATIVES/2021/OCT/fo22OCT2021bhav.csv.zip,SUCCESS,200,850192,d113c70ceb4ba22719823242bd4e5a6ddb522be90876fa7b7db455a329674bab,
2021-11-23,legacy,https://nsearchives.nseindia.com/content/historical/DERIVATIVES/2021/NOV/fo23NOV2021bhav.csv.zip,SUCCESS,200,838831,3cfbdee2a757f5b8c1ccce8d58190303aa3008b840fd1bd7e928f40677422a3d,
2021-10-18,legacy,https://nsearchives.nseindia.com/content/historical/DERIVATIVES/2021/OCT/fo18OCT2021bhav.csv.zip,SUCCESS,200,822762,d8238278f357d39e2819aa06724a39d67cb8359e5255ecdec4d00cee625e37a9,
2021-11-08,legacy,https://nsearchives.nseindia.com/content/historical/DERIVATIVES/2021/NOV/fo08NOV2021bhav.csv.zip,SUCCESS,200,785940,68f7123b9250302197f4a7de3b9252ce676d66ca38fe9caab375b16a929ebf6d,
2021-11-09,legacy,https://nsearchives.nseindia.com/content/historical/DERIVATIVES/2021/NOV/fo09NOV2021bhav.csv.zip,SUCCESS,200,793002,234545eeb333f0392aca1f1a570b2821c29fdae8efa81a45f8113c7703d6ab3e,
2021-10-25,legacy,https://nsearchives.nseindia.com/content/historical/DERIVATIVES/2021/OCT/fo25OCT2021bhav.csv.zip,SUCCESS,200,858435,e3ca4b1e6dd3f96f5b76f11b230f82b909eb28a2de446a44aac9327903406a70,
2021-10-27,legacy,https://nsearchives.nseindia.com/content/historical/DERIVATIVES/2021/OCT/fo27OCT2021bhav.csv.zip,SUCCESS,200,863638,0b7440cc6866b435e2ca33b840541b359787e32adfcbbec643d7dfbe4c231cf5,
2021-11-12,legacy,https://nsearchives.nseindia.com/content/historical/DERIVATIVES/2021/NOV/fo12NOV2021bhav.csv.zip,SUCCESS,200,799556,22013e923d6e231e788549d91dbc4f34a0a1d177eec4ba0176930fe9c73d9816,
2021-09-27,legacy,https://nsearchives.nseindia.com/content/historical/DERIVATIVES/2021/SEP/fo27SEP2021bhav.csv.zip,SUCCESS,200,743422,9d87f3c272086bd927950e846acc7b45d612316a773f582e97e6aefaf145663c,
2021-11-25,legacy,https://nsearchives.nseindia.com/content/historical/DERIVATIVES/2021/NOV/fo25NOV2021bhav.csv.zip,SUCCESS,200,819166,fa0c76507d005a6b64a48b9a980acc113e0b2d4e031d638d35070c34c9fbe65c,
2021-11-18,legacy,https://nsearchives.nseindia.com/content/historical/DERIVATIVES/2021/NOV/fo18NOV2021bhav.csv.zip,SUCCESS,200,827080,912f8c4cad6e9e5a95ca46fa76751c7ac42176456d81db698cf969974c683fd9,
2021-10-21,legacy,https://nsearchives.nseindia.com/content/historical/DERIVATIVES/2021/OCT/fo21OCT2021bhav.csv.zip,SUCCESS,200,844393,9d6c98c6be1ef8c8cd6de8b51ddde3647cad2d3b2ceb3503a86da5bdd224483f,
2021-10-14,legacy,https://nsearchives.nseindia.com/content/historical/DERIVATIVES/2021/OCT/fo14OCT2021bhav.csv.zip,SUCCESS,200,813578,4de881bc829a7b9bc0131985df6ff36653751be9b0ccac61385702873261b7f4,
2021-11-17,legacy,https://nsearchives.nseindia.com/content/historical/DERIVATIVES/2021/NOV/fo17NOV2021bhav.csv.zip,SUCCESS,200,813249,9eb9728f98ae3ba70ad2f0c24dbd6b7464edc2d5e7a4f1cba9b8fe7c01d84a2d,
2021-11-29,legacy,https://nsearchives.nseindia.com/content/historical/DERIVATIVES/2021/NOV/fo29NOV2021bhav.csv.zip,SUCCESS,200,761132,4e83c7a1f393a1b7400a54f2faa2170fb4a77d176360b1af94e98f5b46c2e4e0,
2021-11-11,legacy,https://nsearchives.nseindia.com/content/historical/DERIVATIVES/2021/NOV/fo11NOV2021bhav.csv.zip,SUCCESS,200,798616,bd8c700de22cc45e1586091de647842289de5e5e0eb19089989b3183911739e6,
2021-12-03,legacy,https://nsearchives.nseindia.com/content/historical/DERIVATIVES/2021/DEC/fo03DEC2021bhav.csv.zip,SUCCESS,200,765282,9ceb3245cde5585c38c99dfbe145dfc1f09ddae595c06c8f5d97cc2be7de9af7,
2021-11-16,legacy,https://nsearchives.nseindia.com/content/historical/DERIVATIVES/2021/NOV/fo16NOV2021bhav.csv.zip,SUCCESS,200,807957,a9d41ca1d762461f9736db09bab3ba32d650fca0b4c108f9f52e6d7f4e8f06f6,
2021-12-13,legacy,https://nsearchives.nseindia.com/content/historical/DERIVATIVES/2021/DEC/fo13DEC2021bhav.csv.zip,SUCCESS,200,775374,0d0167eecb9da57d1a0eb5fb4aadeb7806bf6a84e9cdaa54b1e4823de004334a,
2021-12-08,legacy,https://nsearchives.nseindia.com/content/historical/DERIVATIVES/2021/DEC/fo08DEC2021bhav.csv.zip,SUCCESS,200,771904,42d98ec1dbf89f14a14f05b199d528ad2e05ab14f935c77445621ce453115319,
2021-12-02,legacy,https://nsearchives.nseindia.com/content/historical/DERIVATIVES/2021/DEC/fo02DEC2021bhav.csv.zip,SUCCESS,200,764320,62f54520eb8e578c39b7e76ac0a899fc4261de8e262afc1175f3de3075fe8163,
2021-10-20,legacy,https://nsearchives.nseindia.com/content/historical/DERIVATIVES/2021/OCT/fo20OCT2021bhav.csv.zip,SUCCESS,200,842338,f82425bb5651a0b658c46d59e7132c86901c81160de3a3efb374ea6e413fd295,
2021-12-16,legacy,https://nsearchives.nseindia.com/content/historical/DERIVATIVES/2021/DEC/fo16DEC2021bhav.csv.zip,SUCCESS,200,776396,2d11ae8186320e7df6d0bde31a09aaafd28cac2943fa33672952eb1e98539476,
2021-12-23,legacy,https://nsearchives.nseindia.com/content/historical/DERIVATIVES/2021/DEC/fo23DEC2021bhav.csv.zip,SUCCESS,200,804057,1d308844d78fce77440b811bb0be1beb8082c2cdf25ac645d3989bec3ada83b8,
2021-09-15,legacy,https://nsearchives.nseindia.com/content/historical/DERIVATIVES/2021/SEP/fo15SEP2021bhav.csv.zip,ERROR,0,0,,"HTTPSConnectionPool(host='nsearchives.nseindia.com', port=443): Read timed out. (read timeout=15)"
2021-09-28,legacy,https://nsearchives.nseindia.com/content/historical/DERIVATIVES/2021/SEP/fo28SEP2021bhav.csv.zip,SUCCESS,200,762433,c9bf0fd710ca23c79e151b62bd707dfd55fae8e65c329b13a2aa75b111c4b612,
2021-12-15,legacy,https://nsearchives.nseindia.com/content/historical/DERIVATIVES/2021/DEC/fo15DEC2021bhav.csv.zip,SUCCESS,200,774666,c1a7897b1d02df4d6bb2efb6dd57cfd3faf107c7a0f26dc49eb55247c2099da4,
2021-12-27,legacy,https://nsearchives.nseindia.com/content/historical/DERIVATIVES/2021/DEC/fo27DEC2021bhav.csv.zip,SUCCESS,200,806934,72a47a3683248d88c05d2aa6955dd357955e4c6799fcc78d208f1c0ef6c9babf,
2021-12-06,legacy,https://nsearchives.nseindia.com/content/historical/DERIVATIVES/2021/DEC/fo06DEC2021bhav.csv.zip,SUCCESS,200,765011,7f8f84ac945000e3a5d0fc666aa740f1b18dbd08110a39f7fdf448b9521d9659,
2021-12-14,legacy,https://nsearchives.nseindia.com/content/historical/DERIVATIVES/2021/DEC/fo14DEC2021bhav.csv.zip,SUCCESS,200,773678,bc8f73abdeff0ad34a0602f4753086cf43b030f0bd40ac48b341e137bd6a6ea7,
2021-12-22,legacy,https://nsearchives.nseindia.com/content/historical/DERIVATIVES/2021/DEC/fo22DEC2021bhav.csv.zip,SUCCESS,200,800909,c8fea1fd4fc0421038467b78f94baa45b1041a33ee7aed8088edfed83d8b3da3,
2021-10-28,legacy,https://nsearchives.nseindia.com/content/historical/DERIVATIVES/2021/OCT/fo28OCT2021bhav.csv.zip,SUCCESS,200,847852,bb577efdad439309b4bfd9974a88b117341cff7677e66247ff44cd262306027c,
2021-12-07,legacy,https://nsearchives.nseindia.com/content/historical/DERIVATIVES/2021/DEC/fo07DEC2021bhav.csv.zip,SUCCESS,200,767520,785c6c323d8a5a46c0ea4f9b50a9feb7a1e75d1dd685b60fae21dc02c963c3b8,
2021-12-09,legacy,https://nsearchives.nseindia.com/content/historical/DERIVATIVES/2021/DEC/fo09DEC2021bhav.csv.zip,SUCCESS,200,773489,ffae325346cdf82c81b218307c4d5e9d783972e3c07e853064ab994e0d378f5f,
2021-12-20,legacy,https://nsearchives.nseindia.com/content/historical/DERIVATIVES/2021/DEC/fo20DEC2021bhav.csv.zip,SUCCESS,200,803492,7e17f24580708f87431cba9049d5d9f8ddd37f4890127bfc11f7583c74831177,
2021-11-24,legacy,https://nsearchives.nseindia.com/content/historical/DERIVATIVES/2021/NOV/fo24NOV2021bhav.csv.zip,SUCCESS,200,837342,35641a605c3f2336175b042f1b09fe25621c8704e70ce3834e6d3ac559876574,
2022-01-03,legacy,https://nsearchives.nseindia.com/content/historical/DERIVATIVES/2022/JAN/fo03JAN2022bhav.csv.zip,SUCCESS,200,785686,6d6ec3716c76d495c43da509b71c3260653d7f259c01b897143cc94f68a704ab,
2021-09-14,legacy,https://nsearchives.nseindia.com/content/historical/DERIVATIVES/2021/SEP/fo14SEP2021bhav.csv.zip,SUCCESS,200,682569,3411f3ab26fb3f9feb11683bcac5d534b4b5112cc147dce44e8ed4e4c79a3bd9,
2021-11-04,legacy,https://nsearchives.nseindia.com/content/historical/DERIVATIVES/2021/NOV/fo04NOV2021bhav.csv.zip,SUCCESS,200,734779,73a69a2b45fb048ff806da743b90c9768344ff717e0f63107c35b4199daa655a,
2021-10-07,legacy,https://nsearchives.nseindia.com/content/historical/DERIVATIVES/2021/OCT/fo07OCT2021bhav.csv.zip,SUCCESS,200,756224,c23d0184bb650e58939eb565b2ff9433c275a0159573981dd531fa35c2e8b092,
2021-11-15,legacy,https://nsearchives.nseindia.com/content/historical/DERIVATIVES/2021/NOV/fo15NOV2021bhav.csv.zip,SUCCESS,200,802645,215acd20db98ef7aa6bd9b7193adf9ab8a3d68c6bc377e92d3e58ef7171ca943,
2021-11-30,legacy,https://nsearchives.nseindia.com/content/historical/DERIVATIVES/2021/NOV/fo30NOV2021bhav.csv.zip,SUCCESS,200,764642,df549a210583ea96ec3f2368cbecb3af00d7ad52300cdfabc9bc411c76a7b2b0,
2021-12-21,legacy,https://nsearchives.nseindia.com/content/historical/DERIVATIVES/2021/DEC/fo21DEC2021bhav.csv.zip,SUCCESS,200,805154,5fb05dd5a9c7b489504a883e59f40cad7f1332d5db2d5db3af7c0266f99f1f9b,
2022-01-13,legacy,https://nsearchives.nseindia.com/content/historical/DERIVATIVES/2022/JAN/fo13JAN2022bhav.csv.zip,SUCCESS,200,837794,138d13b8123426696224e8ffb3b65e6c38ad8a9a89d03aa978a6a4594fe83db2,
2021-12-29,legacy,https://nsearchives.nseindia.com/content/historical/DERIVATIVES/2021/DEC/fo29DEC2021bhav.csv.zip,SUCCESS,200,815729,a6091031b1845e24a9acc2e0a14c1415135bce60252a0ff45cd89330d8113914,
2022-01-06,legacy,https://nsearchives.nseindia.com/content/historical/DERIVATIVES/2022/JAN/fo06JAN2022bhav.csv.zip,SUCCESS,200,808365,fb3d175f9cb356d9089130a95c4b6d33680ace353afd23c8d1053e11c27c4e47,
2022-01-17,legacy,https://nsearchives.nseindia.com/content/historical/DERIVATIVES/2022/JAN/fo17JAN2022bhav.csv.zip,SUCCESS,200,842783,d35f7295fb9e533adf3b0d8723c8e341b1ad3c14c3a81b8a0a128c8984e8b84e,
2022-01-10,legacy,https://nsearchives.nseindia.com/content/historical/DERIVATIVES/2022/JAN/fo10JAN2022bhav.csv.zip,SUCCESS,200,825766,61698f5fd6bf4e5166c5e26f79708046ffd0ba2d833eedd110c4f0fe056433f4,
2021-12-01,legacy,https://nsearchives.nseindia.com/content/historical/DERIVATIVES/2021/DEC/fo01DEC2021bhav.csv.zip,SUCCESS,200,765220,0e22ae8d5a22a27f27b4e0c9c63b0b7158396dee3d250918125a5054f3a6e434,
2021-12-30,legacy,https://nsearchives.nseindia.com/content/historical/DERIVATIVES/2021/DEC/fo30DEC2021bhav.csv.zip,SUCCESS,200,803773,815591b85dd1f202bb6d8a4cce0d70ea000472cd40dc0d7688c75f4a2ebe434d,
2021-12-17,legacy,https://nsearchives.nseindia.com/content/historical/DERIVATIVES/2021/DEC/fo17DEC2021bhav.csv.zip,SUCCESS,200,785076,fca6c7f97b95cc1a430114ceb68c0c057edb51de038947846ada754e0d160a05,
2022-01-19,legacy,https://nsearchives.nseindia.com/content/historical/DERIVATIVES/2022/JAN/fo19JAN2022bhav.csv.zip,SUCCESS,200,854998,0e714baaa58fae32c24722beb303260ca595969b93678abdfb9a4508d0cb8d98,
2022-01-28,legacy,https://nsearchives.nseindia.com/content/historical/DERIVATIVES/2022/JAN/fo28JAN2022bhav.csv.zip,SUCCESS,200,809413,d5a22280eb6484eac5cf7ded93e43292d9b2a47b31e1100144e5e4755af6b005,
2022-01-24,legacy,https://nsearchives.nseindia.com/content/historical/DERIVATIVES/2022/JAN/fo24JAN2022bhav.csv.zip,SUCCESS,200,891434,ea579ca1e3306832e11b53a9464e099d2c824a9a4a7b90845e5e83d6d753c543,
2022-01-21,legacy,https://nsearchives.nseindia.com/content/historical/DERIVATIVES/2022/JAN/fo21JAN2022bhav.csv.zip,SUCCESS,200,866281,65fb9ed4e6cc16fbda5738525f2d48fc13229cc53332db51046e572ef6b6e2cb,
2022-01-14,legacy,https://nsearchives.nseindia.com/content/historical/DERIVATIVES/2022/JAN/fo14JAN2022bhav.csv.zip,SUCCESS,200,836753,8dbd2a386a3161eab15ba52dc2df62f52b6bef0bc3b6c3ff87c7d187e68464a3,
2022-01-12,legacy,https://nsearchives.nseindia.com/content/historical/DERIVATIVES/2022/JAN/fo12JAN2022bhav.csv.zip,SUCCESS,200,831917,6d16e65195f916eb2b3fefc6727ffc81ba5cb710561264136d0739a08782827f,
2022-01-20,legacy,https://nsearchives.nseindia.com/content/historical/DERIVATIVES/2022/JAN/fo20JAN2022bhav.csv.zip,SUCCESS,200,856903,cd58ab7f29d22775440cc1fb923a09d08913dca791c9188e09e4c52b6cb55040,
2021-12-31,legacy,https://nsearchives.nseindia.com/content/historical/DERIVATIVES/2021/DEC/fo31DEC2021bhav.csv.zip,SUCCESS,200,773744,eefa34494a94c6d304dcbacbd172f7bf89835f4b13ab4ccfee6c181cdeb44231,
2022-01-05,legacy,https://nsearchives.nseindia.com/content/historical/DERIVATIVES/2022/JAN/fo05JAN2022bhav.csv.zip,SUCCESS,200,805067,1095c25ceff5d1b477196a856260bad0ea31582960e30800d4e441b8c308baf4,
2022-02-04,legacy,https://nsearchives.nseindia.com/content/historical/DERIVATIVES/2022/FEB/fo04FEB2022bhav.csv.zip,SUCCESS,200,821865,05719c5fa44ad3bd392a4e9e59179bbd156c0b28b1db6a172e6e34064124bc1f,
2022-01-07,legacy,https://nsearchives.nseindia.com/content/historical/DERIVATIVES/2022/JAN/fo07JAN2022bhav.csv.zip,SUCCESS,200,823084,b2626832b28204d551c5790215971ce19909eb26df04d87d102ab919d18bf847,
2021-12-10,legacy,https://nsearchives.nseindia.com/content/historical/DERIVATIVES/2021/DEC/fo10DEC2021bhav.csv.zip,SUCCESS,200,770842,75da05e607d5b8b2e0765905d78459b5968b229178dc35d8adc8a4173d2097d2,
2022-02-14,legacy,https://nsearchives.nseindia.com/content/historical/DERIVATIVES/2022/FEB/fo14FEB2022bhav.csv.zip,SUCCESS,200,846510,2a4a9f4865b08a384dcb2e361f858ab4ebc559656281c5acbb960526a240b5ac,
2021-12-28,legacy,https://nsearchives.nseindia.com/content/historical/DERIVATIVES/2021/DEC/fo28DEC2021bhav.csv.zip,SUCCESS,200,815295,31cc59f4596fa5b33ee4833a6ae4452133cf9d6cde0d8782fe2b29260063524f,
2022-01-27,legacy,https://nsearchives.nseindia.com/content/historical/DERIVATIVES/2022/JAN/fo27JAN2022bhav.csv.zip,SUCCESS,200,888008,ebc1b2e8896233e4fcbfddd318798a14b82ba17b35cc93ae598fb00c2c52e2a0,
2022-01-25,legacy,https://nsearchives.nseindia.com/content/historical/DERIVATIVES/2022/JAN/fo25JAN2022bhav.csv.zip,SUCCESS,200,901101,99aea7caff2ecdb0d51100eed28ee61f903e431dc035fbc69bc96b6af45e34a3,
2021-11-22,legacy,https://nsearchives.nseindia.com/content/historical/DERIVATIVES/2021/NOV/fo22NOV2021bhav.csv.zip,ERROR,0,0,,"HTTPSConnectionPool(host='nsearchives.nseindia.com', port=443): Read timed out. (read timeout=15)"
2022-02-01,legacy,https://nsearchives.nseindia.com/content/historical/DERIVATIVES/2022/FEB/fo01FEB2022bhav.csv.zip,SUCCESS,200,821622,1af525d915ca6ac3b7484ec8246789181e2744cb6f43d12e9c1bb78092c11b60,
2022-02-11,legacy,https://nsearchives.nseindia.com/content/historical/DERIVATIVES/2022/FEB/fo11FEB2022bhav.csv.zip,SUCCESS,200,829384,373d1ded9f6ca8886ce6aca1517b8555e63ccf9f691d6e354b6a9b999e8af3c5,
2022-02-21,legacy,https://nsearchives.nseindia.com/content/historical/DERIVATIVES/2022/FEB/fo21FEB2022bhav.csv.zip,SUCCESS,200,857075,b6430ecc6e25e2ea6fb252c9fd84ca1cdec7465d0bd168b49794037f24a07bfe,
2022-02-25,legacy,https://nsearchives.nseindia.com/content/historical/DERIVATIVES/2022/FEB/fo25FEB2022bhav.csv.zip,SUCCESS,200,785653,1959c87b17ade95544b4e74cdfb511d5b5522d6c1b03ee471b98360b185223d4,
2022-01-04,legacy,https://nsearchives.nseindia.com/content/historical/DERIVATIVES/2022/JAN/fo04JAN2022bhav.csv.zip,SUCCESS,200,795933,c85fbabe5f58af792682d3a9a720706d14f4361a0a751b925445202d3d22b773,
2022-02-09,legacy,https://nsearchives.nseindia.com/content/historical/DERIVATIVES/2022/FEB/fo09FEB2022bhav.csv.zip,SUCCESS,200,828989,a48224b6fcc742a6bb30ea9b9113d0b5455862b49f1b5d2e58fe7edd7fa7716e,
2021-11-26,legacy,https://nsearchives.nseindia.com/content/historical/DERIVATIVES/2021/NOV/fo26NOV2021bhav.csv.zip,SUCCESS,200,750339,d6e19b7dac923f9a5f7f89404c86e38051833ac6099dfe7265005986a4ee1e6b,
2022-02-02,legacy,https://nsearchives.nseindia.com/content/historical/DERIVATIVES/2022/FEB/fo02FEB2022bhav.csv.zip,SUCCESS,200,825775,721097ea1fd599d1beda7420f7a520f8502abd1578ed27fac514517895331455,
2022-02-03,legacy,https://nsearchives.nseindia.com/content/historical/DERIVATIVES/2022/FEB/fo03FEB2022bhav.csv.zip,SUCCESS,200,826119,25fbb52a7b8ef12fb4eed22a3cb93a969e0a093e35c4a8d73a1d508220e7fd7d,
2022-01-11,legacy,https://nsearchives.nseindia.com/content/historical/DERIVATIVES/2022/JAN/fo11JAN2022bhav.csv.zip,SUCCESS,200,828700,58c1eb5d6579ed7e09d2f98295777ac570e0d6e599d2c1efb42b572fe334af7c,
2022-02-18,legacy,https://nsearchives.nseindia.com/content/historical/DERIVATIVES/2022/FEB/fo18FEB2022bhav.csv.zip,SUCCESS,200,849250,1d1674364718b2b43829fbfeccab72c2aae79980dcbc7654a29b2f9a3f1bb08b,
2022-02-08,legacy,https://nsearchives.nseindia.com/content/historical/DERIVATIVES/2022/FEB/fo08FEB2022bhav.csv.zip,SUCCESS,200,829758,a506d8bc9aa6c9df35aa28a5bdeac6dc860584061579038176b845f40fe59f16,
2022-03-03,legacy,https://nsearchives.nseindia.com/content/historical/DERIVATIVES/2022/MAR/fo03MAR2022bhav.csv.zip,SUCCESS,200,800724,1e91a6e563197f208d57c63b35905837c9f76f0690ae7d8a84afcfe4a4ace884,
2022-02-07,legacy,https://nsearchives.nseindia.com/content/historical/DERIVATIVES/2022/FEB/fo07FEB2022bhav.csv.zip,SUCCESS,200,827081,bd628449f19e19689f5756f946e2f17cdfecfff14125e48f8aabe2457b049db3,
2022-02-22,legacy,https://nsearchives.nseindia.com/content/historical/DERIVATIVES/2022/FEB/fo22FEB2022bhav.csv.zip,SUCCESS,200,867445,f5b5344b8d2dc3da860c0407df6074062edc8c0aa1c3d4a593163004e72b45e0,
2022-02-17,legacy,https://nsearchives.nseindia.com/content/historical/DERIVATIVES/2022/FEB/fo17FEB2022bhav.csv.zip,SUCCESS,200,845992,450595e103a75bea5b6b9273bf1b3b0ea5e5c3373a6a31fab076d05c4b1553aa,
2021-12-24,legacy,https://nsearchives.nseindia.com/content/historical/DERIVATIVES/2021/DEC/fo24DEC2021bhav.csv.zip,SUCCESS,200,801258,4d3afd409718a1987a8733169fc9050c454e7df178e86c665217972660e608de,
2022-02-10,legacy,https://nsearchives.nseindia.com/content/historical/DERIVATIVES/2022/FEB/fo10FEB2022bhav.csv.zip,SUCCESS,200,832449,ed8b309d4aee0eaea37b36a83943e0af78d514ff9c6de65438177b3041303e1c,
2022-02-16,legacy,https://nsearchives.nseindia.com/content/historical/DERIVATIVES/2022/FEB/fo16FEB2022bhav.csv.zip,SUCCESS,200,849784,eb8f1bb99ce02b81f80044fee7c6a0a3bd2d719012e19d99fa23ed3d53d1d7b2,
2022-02-24,legacy,https://nsearchives.nseindia.com/content/historical/DERIVATIVES/2022/FEB/fo24FEB2022bhav.csv.zip,SUCCESS,200,873686,086facb4b4dc7f4ee1a9401623e7195df881d651e0b6e7228dc541647dc69e69,
2022-02-15,legacy,https://nsearchives.nseindia.com/content/historical/DERIVATIVES/2022/FEB/fo15FEB2022bhav.csv.zip,SUCCESS,200,855566,01c1a792f50618a9cb4bac91aefa1392be7f6a54bdaa200c24e4bb9fb6ad1638,
2022-02-28,legacy,https://nsearchives.nseindia.com/content/historical/DERIVATIVES/2022/FEB/fo28FEB2022bhav.csv.zip,SUCCESS,200,789588,de33ac49c987c5e295dfb1de8453805a8a10ef1b8f2c13196406e6e9d8003148,
2022-02-23,legacy,https://nsearchives.nseindia.com/content/historical/DERIVATIVES/2022/FEB/fo23FEB2022bhav.csv.zip,SUCCESS,200,865695,04267cc76b1c263d6dc084f8203230c915e84bade8376e88ab03aaedda316c03,
2022-03-04,legacy,https://nsearchives.nseindia.com/content/historical/DERIVATIVES/2022/MAR/fo04MAR2022bhav.csv.zip,SUCCESS,200,809348,64aa55829b3bbadc031560e165f1c21db31d678ccc09bf1531e4da06ddad5877,
2022-03-17,legacy,https://nsearchives.nseindia.com/content/historical/DERIVATIVES/2022/MAR/fo17MAR2022bhav.csv.zip,SUCCESS,200,852921,273c788b0b576e084dc23f6a27e8fcbb330b305607b667210f2852634080a882,
2022-03-22,legacy,https://nsearchives.nseindia.com/content/historical/DERIVATIVES/2022/MAR/fo22MAR2022bhav.csv.zip,SUCCESS,200,853380,5a50ea78f26689772bb76cfa60b1950e5ba5e886bd773d21575280edfe53c5fc,
2022-03-02,legacy,https://nsearchives.nseindia.com/content/historical/DERIVATIVES/2022/MAR/fo02MAR2022bhav.csv.zip,SUCCESS,200,797323,3bf6996c6055bd67cbca0616c5c06b54d81f583c76e67a0d236fae30a9243f54,
2022-04-04,legacy,https://nsearchives.nseindia.com/content/historical/DERIVATIVES/2022/APR/fo04APR2022bhav.csv.zip,SUCCESS,200,810951,5fbd21bcf30e66259b16b37c97fcdeb4109cae484738d3e6cb7a7b53d9e11481,
2022-03-08,legacy,https://nsearchives.nseindia.com/content/historical/DERIVATIVES/2022/MAR/fo08MAR2022bhav.csv.zip,SUCCESS,200,831976,5944b2c1a2e6aa37d287a34bac7f96cdc373436674c07949594320cdfbc39448,
2022-03-07,legacy,https://nsearchives.nseindia.com/content/historical/DERIVATIVES/2022/MAR/fo07MAR2022bhav.csv.zip,SUCCESS,200,816445,3f56dcdee1e888cd36c40220dde97063e55aa8b2b3d425a175f9bd32c8493798,
2020-07-29,legacy,https://nsearchives.nseindia.com/content/historical/DERIVATIVES/2020/JUL/fo29JUL2020bhav.csv.zip,SUCCESS,200,487682,8d233db39e01fe8068857926fa0aa93c8924086f0a508b7b750549d11078127d,
2022-04-11,legacy,https://nsearchives.nseindia.com/content/historical/DERIVATIVES/2022/APR/fo11APR2022bhav.csv.zip,SUCCESS,200,827329,2e129f6521c09a1fed3c0630e77398b2dc39cec361357d97e01883ec1949619b,
2022-01-18,legacy,https://nsearchives.nseindia.com/content/historical/DERIVATIVES/2022/JAN/fo18JAN2022bhav.csv.zip,ERROR,0,0,,"HTTPSConnectionPool(host='nsearchives.nseindia.com', port=443): Read timed out."
2022-03-31,legacy,https://nsearchives.nseindia.com/content/historical/DERIVATIVES/2022/MAR/fo31MAR2022bhav.csv.zip,SUCCESS,200,854277,8fad4e973c98ab411394bd1569441da7ce4c09c98a3158f130ebdfbcfc140e28,
2022-04-13,legacy,https://nsearchives.nseindia.com/content/historical/DERIVATIVES/2022/APR/fo13APR2022bhav.csv.zip,SUCCESS,200,829091,723e511e88142a9a59b45077e3158f68e5f95f507f93eb683eb6d3f26d1ab7c5,
2022-03-25,legacy,https://nsearchives.nseindia.com/content/historical/DERIVATIVES/2022/MAR/fo25MAR2022bhav.csv.zip,SUCCESS,200,854670,b4ef5d3f03238390a3506f802881088cdb11177a8e7b2d4e5b421f2c4ee8f8de,
2022-03-28,legacy,https://nsearchives.nseindia.com/content/historical/DERIVATIVES/2022/MAR/fo28MAR2022bhav.csv.zip,SUCCESS,200,864103,9e0270147ece00f6ec450cbf3eb020958987a03f606e02df7b7ac7148ff64772,
2022-03-24,legacy,https://nsearchives.nseindia.com/content/historical/DERIVATIVES/2022/MAR/fo24MAR2022bhav.csv.zip,SUCCESS,200,852707,88e02cffd1604196745a73e847ee20ef05fe7655b97428f409eaf415c4c1cf55,
2022-03-10,legacy,https://nsearchives.nseindia.com/content/historical/DERIVATIVES/2022/MAR/fo10MAR2022bhav.csv.zip,SUCCESS,200,841684,8fec6ef61bd0247e5321efa10f66a46d8f6c2acead5f5a91f7c772bd3902859f,
2022-01-31,legacy,https://nsearchives.nseindia.com/content/historical/DERIVATIVES/2022/JAN/fo31JAN2022bhav.csv.zip,SUCCESS,200,810933,671afcfab067aed48a9011f0de60345f04371927f75f0e63325715f709575f51,
2022-03-14,legacy,https://nsearchives.nseindia.com/content/historical/DERIVATIVES/2022/MAR/fo14MAR2022bhav.csv.zip,SUCCESS,200,835164,6d53429140259897c8b6e3617277110fca8a79f5c7e1ce5f5c2b90a9c22bc729,
2022-03-15,legacy,https://nsearchives.nseindia.com/content/historical/DERIVATIVES/2022/MAR/fo15MAR2022bhav.csv.zip,SUCCESS,200,843345,c343e9fb0ea9acceeb65655b0509e57255c44f61a70b720fb5d9f25a211e658a,
2022-04-20,legacy,https://nsearchives.nseindia.com/content/historical/DERIVATIVES/2022/APR/fo20APR2022bhav.csv.zip,SUCCESS,200,843738,4be64459f3ec60a7b265c24a91f9fa3dad9f2d26235968ad60dcd8d85f53e9bb,
2022-04-06,legacy,https://nsearchives.nseindia.com/content/historical/DERIVATIVES/2022/APR/fo06APR2022bhav.csv.zip,SUCCESS,200,826313,597c174c57811eac7b0213a20ef34982d895fc1499100da434ede9f185ceca8c,
2022-04-25,legacy,https://nsearchives.nseindia.com/content/historical/DERIVATIVES/2022/APR/fo25APR2022bhav.csv.zip,SUCCESS,200,862097,560dd86abdd2e2684459ef47b6a12d00324a37122cbd8a9caed0466cbad35a29,
2022-03-16,legacy,https://nsearchives.nseindia.com/content/historical/DERIVATIVES/2022/MAR/fo16MAR2022bhav.csv.zip,SUCCESS,200,840484,a31e582538aa019f120d5a606a317bd3b8a5f818c32065d6178c4e0ce32c13ef,
2022-04-26,legacy,https://nsearchives.nseindia.com/content/historical/DERIVATIVES/2022/APR/fo26APR2022bhav.csv.zip,SUCCESS,200,870662,b59fc355652696083dbe8a5f25887338ec6a854ff50dc2d8dd0e35b6a2632d4c,
2022-04-08,legacy,https://nsearchives.nseindia.com/content/historical/DERIVATIVES/2022/APR/fo08APR2022bhav.csv.zip,SUCCESS,200,827537,bb64642ea089643ac7fecfa395f5cf6af59b705919460811bcde05e74b4585de,
2022-03-21,legacy,https://nsearchives.nseindia.com/content/historical/DERIVATIVES/2022/MAR/fo21MAR2022bhav.csv.zip,SUCCESS,200,848328,8a34dc3dddb6d2f3b6479e63b4a06f5d409d30c4000e8357b54d919504184332,
2022-05-09,legacy,https://nsearchives.nseindia.com/content/historical/DERIVATIVES/2022/MAY/fo09MAY2022bhav.csv.zip,SUCCESS,200,785129,27314965cf50bf15c21c2239e21fdc928ba480a07b9269e580616861530f0657,
2022-04-22,legacy,https://nsearchives.nseindia.com/content/historical/DERIVATIVES/2022/APR/fo22APR2022bhav.csv.zip,SUCCESS,200,851176,fd59fb41b96b12845bf90bc1d9606ffe4e207cd9a9da52c0b1afe9fd17db3245,
2022-05-10,legacy,https://nsearchives.nseindia.com/content/historical/DERIVATIVES/2022/MAY/fo10MAY2022bhav.csv.zip,SUCCESS,200,787304,b3bc86776f943d0d1955d28da4b5d90a557165eb8f161e969a3cc4f75db007df,
2022-04-19,legacy,https://nsearchives.nseindia.com/content/historical/DERIVATIVES/2022/APR/fo19APR2022bhav.csv.zip,SUCCESS,200,841177,02f6a688f80acd1279e4c18e9cc6c3e3268ab44acf342f89104904bae18878aa,
2022-05-13,legacy,https://nsearchives.nseindia.com/content/historical/DERIVATIVES/2022/MAY/fo13MAY2022bhav.csv.zip,SUCCESS,200,811765,0dd6f8926b6bf6e8f6445fd9c04066ebcb19f9f076cb6aa2f1464e038fe2a480,
2022-03-29,legacy,https://nsearchives.nseindia.com/content/historical/DERIVATIVES/2022/MAR/fo29MAR2022bhav.csv.zip,SUCCESS,200,869464,8650ec6834deab9b16e298ce9f728e78c06a2706ea0e5f82f518a737d736d5e2,
2022-05-06,legacy,https://nsearchives.nseindia.com/content/historical/DERIVATIVES/2022/MAY/fo06MAY2022bhav.csv.zip,SUCCESS,200,778316,cbafd828b8a80041dd692487081bf392fb79e0d93d97a0922a6c595dd5ed9774,
2022-03-30,legacy,https://nsearchives.nseindia.com/content/historical/DERIVATIVES/2022/MAR/fo30MAR2022bhav.csv.zip,SUCCESS,200,874228,125b236424ab3b933e051b9c426c9a491fe1134d7408b58acd1da5ad523862d7,
2022-03-23,legacy,https://nsearchives.nseindia.com/content/historical/DERIVATIVES/2022/MAR/fo23MAR2022bhav.csv.zip,SUCCESS,200,852414,f88203255d06b80708198c429e67a6ad0198426889c45d1b01f9e7f8294b242c,
2022-04-28,legacy,https://nsearchives.nseindia.com/content/historical/DERIVATIVES/2022/APR/fo28APR2022bhav.csv.zip,SUCCESS,200,855728,85ce1cc314edb661dbd5f8efac24fe267389a2357832057ddd46ab9f96050ca0,
2022-05-11,legacy,https://nsearchives.nseindia.com/content/historical/DERIVATIVES/2022/MAY/fo11MAY2022bhav.csv.zip,SUCCESS,200,802573,912c3548e04cfcd6e9b8e3c13d43f4fbf08c40d7d89c9e18933fd38ee71e2e69,
2022-05-12,legacy,https://nsearchives.nseindia.com/content/historical/DERIVATIVES/2022/MAY/fo12MAY2022bhav.csv.zip,SUCCESS,200,809543,bcfd44b255e4033bf06440bd223caeb00e568139dbbc1a07bb00f6150d2c88da,
2022-05-02,legacy,https://nsearchives.nseindia.com/content/historical/DERIVATIVES/2022/MAY/fo02MAY2022bhav.csv.zip,SUCCESS,200,766611,82766812def3416ec00330db5888ec3bb472369f7851b349588b3132a3f2e8be,
2022-04-27,legacy,https://nsearchives.nseindia.com/content/historical/DERIVATIVES/2022/APR/fo27APR2022bhav.csv.zip,SUCCESS,200,872451,76487d06899541da8cd72482e91fa187c4ae442481f6dd4aac637876fcd5fc40,
2022-05-18,legacy,https://nsearchives.nseindia.com/content/historical/DERIVATIVES/2022/MAY/fo18MAY2022bhav.csv.zip,SUCCESS,200,827480,ef0383039077c6a27e5813bf070be4d0248ca12d5eab89632187cc997faa395b,
2022-05-30,legacy,https://nsearchives.nseindia.com/content/historical/DERIVATIVES/2022/MAY/fo30MAY2022bhav.csv.zip,SUCCESS,200,753780,1a794f2ed44c6b851d8fe722c89083918346143cd2737c261e95af57ebae7ab1,
2022-05-20,legacy,https://nsearchives.nseindia.com/content/historical/DERIVATIVES/2022/MAY/fo20MAY2022bhav.csv.zip,SUCCESS,200,837048,aef6b39005e681f72f9385d8556f7ca1e7be4c39965740490411bb01178022ea,
2022-06-06,legacy,https://nsearchives.nseindia.com/content/historical/DERIVATIVES/2022/JUN/fo06JUN2022bhav.csv.zip,SUCCESS,200,751652,a9a9acfea608412af36e3d8271f98857e294ff1143b51b56092ed9f39f2a56a8,
2022-05-31,legacy,https://nsearchives.nseindia.com/content/historical/DERIVATIVES/2022/MAY/fo31MAY2022bhav.csv.zip,SUCCESS,200,757797,0739d9828acd3a5dab8758fd4fc939936b45c97a7bacb1af3dd98e8b29b517ff,
2022-05-23,legacy,https://nsearchives.nseindia.com/content/historical/DERIVATIVES/2022/MAY/fo23MAY2022bhav.csv.zip,SUCCESS,200,849232,982086bd4a50a80b306fddcd5e8c2431f95f2d706dee5b37dd902b2c4e96aa0c,
2022-05-27,legacy,https://nsearchives.nseindia.com/content/historical/DERIVATIVES/2022/MAY/fo27MAY2022bhav.csv.zip,SUCCESS,200,744825,1b5e6724a2a4dbcf8179d1ec2fcfe88397fef32dd33e6773de8ca9760fb823da,
2022-06-08,legacy,https://nsearchives.nseindia.com/content/historical/DERIVATIVES/2022/JUN/fo08JUN2022bhav.csv.zip,SUCCESS,200,760560,79ac912665ceedc4e97efce3bb1fa307d2912030bdd347543b917f6d98798bec,
2022-06-02,legacy,https://nsearchives.nseindia.com/content/historical/DERIVATIVES/2022/JUN/fo02JUN2022bhav.csv.zip,SUCCESS,200,753981,cd8ec39d83fca5a9e118a40853d362abdafcad9a46d1b24d89eb4379ed5b5a73,
2022-03-09,legacy,https://nsearchives.nseindia.com/content/historical/DERIVATIVES/2022/MAR/fo09MAR2022bhav.csv.zip,ERROR,0,0,,"HTTPSConnectionPool(host='nsearchives.nseindia.com', port=443): Read timed out. (read timeout=15)"
2022-06-09,legacy,https://nsearchives.nseindia.com/content/historical/DERIVATIVES/2022/JUN/fo09JUN2022bhav.csv.zip,SUCCESS,200,759781,cf4a3788925014acea6449998e2eb4c56b0626dfb9d91f2e1ebd08b7f2e813c8,
2022-05-24,legacy,https://nsearchives.nseindia.com/content/historical/DERIVATIVES/2022/MAY/fo24MAY2022bhav.csv.zip,SUCCESS,200,848329,1fb4c595cca8a92b08273d26ce3d26dbf60029d3e89935f26bcb15024a2da7de,
2022-06-07,legacy,https://nsearchives.nseindia.com/content/historical/DERIVATIVES/2022/JUN/fo07JUN2022bhav.csv.zip,SUCCESS,200,753577,ac26148f62374e7e92f6a86352f1aa1eba914b6f213f22eb8c617bfe796409b2,
2022-06-14,legacy,https://nsearchives.nseindia.com/content/historical/DERIVATIVES/2022/JUN/fo14JUN2022bhav.csv.zip,SUCCESS,200,771591,ed20cc4865bc191aa8b45f8b02933331d3e8e847f6967177f3bdbb7d15fd2692,
2022-06-23,legacy,https://nsearchives.nseindia.com/content/historical/DERIVATIVES/2022/JUN/fo23JUN2022bhav.csv.zip,SUCCESS,200,805732,3b2d86615713ef66a23f56f3e7a333844d4d7885f7b687d7bba8c570bd58ce91,
2022-05-19,legacy,https://nsearchives.nseindia.com/content/historical/DERIVATIVES/2022/MAY/fo19MAY2022bhav.csv.zip,SUCCESS,200,831682,56e1d0c61c20c03359f59f351dfc40bf91e549f21388ddf5dbd7ed29d420c379,
2022-05-16,legacy,https://nsearchives.nseindia.com/content/historical/DERIVATIVES/2022/MAY/fo16MAY2022bhav.csv.zip,SUCCESS,200,817004,0fbbdb93016e2803d56f89404f183eb133672793b7139591bc9c7044aeb78bd1,
2022-06-21,legacy,https://nsearchives.nseindia.com/content/historical/DERIVATIVES/2022/JUN/fo21JUN2022bhav.csv.zip,SUCCESS,200,801316,3e256f6b3ad9348723a1b904d58c57a7d6e2e08148ad317596326f42da25ac84,
2022-05-25,legacy,https://nsearchives.nseindia.com/content/historical/DERIVATIVES/2022/MAY/fo25MAY2022bhav.csv.zip,SUCCESS,200,857566,103d96d7f1ea74ba34f0ea53c5dbe6fdae2310ee66f36ec5b753f9e3fe20f936,
2022-04-29,legacy,https://nsearchives.nseindia.com/content/historical/DERIVATIVES/2022/APR/fo29APR2022bhav.csv.zip,SUCCESS,200,767905,c04ed5c45f73c53f628b947d2f4c8d56bf250c52e39a1ad8b1d9799146cac5f1,
2022-05-05,legacy,https://nsearchives.nseindia.com/content/historical/DERIVATIVES/2022/MAY/fo05MAY2022bhav.csv.zip,SUCCESS,200,774765,1ebe679be0214e5c5244ffb174a7fd5c86c5e21daab7c096872e746798a833fb,
2022-06-13,legacy,https://nsearchives.nseindia.com/content/historical/DERIVATIVES/2022/JUN/fo13JUN2022bhav.csv.zip,SUCCESS,200,770906,3db04f876676f4cdf736526ccfa8340a4242c7cdf14d40a3bcf36075bb7a727a,
2022-06-29,legacy,https://nsearchives.nseindia.com/content/historical/DERIVATIVES/2022/JUN/fo29JUN2022bhav.csv.zip,SUCCESS,200,817669,80d53d9e6fe21ee6a623e7851ecfe53018d9944a66ab3c76a21d91679a50d99c,
2022-06-03,legacy,https://nsearchives.nseindia.com/content/historical/DERIVATIVES/2022/JUN/fo03JUN2022bhav.csv.zip,SUCCESS,200,756258,95e03f6a4801f3eeae7755f704632bfb9716d3958744e8fefe6ffe7ebaf4f188,
2022-07-04,legacy,https://nsearchives.nseindia.com/content/historical/DERIVATIVES/2022/JUL/fo04JUL2022bhav.csv.zip,SUCCESS,200,746092,d7a3b63f7f4c097c0ceae35f08d74d2fcdc12169940651b2db591993f714def5,
2022-07-01,legacy,https://nsearchives.nseindia.com/content/historical/DERIVATIVES/2022/JUL/fo01JUL2022bhav.csv.zip,SUCCESS,200,742964,05da84d7ffc1a1307fbeab43b255346b52be8413e23293283553602736e85ec7,
2022-06-22,legacy,https://nsearchives.nseindia.com/content/historical/DERIVATIVES/2022/JUN/fo22JUN2022bhav.csv.zip,SUCCESS,200,797637,40b121942962a452f696968ef18398eca9a8e7ed01e760f2ffeb64a6ffcfd55e,
2022-03-11,legacy,https://nsearchives.nseindia.com/content/historical/DERIVATIVES/2022/MAR/fo11MAR2022bhav.csv.zip,ERROR,0,0,,"HTTPSConnectionPool(host='nsearchives.nseindia.com', port=443): Read timed out."
2022-06-16,legacy,https://nsearchives.nseindia.com/content/historical/DERIVATIVES/2022/JUN/fo16JUN2022bhav.csv.zip,SUCCESS,200,781723,8545a9a6c087371a067d239989cf916ff6e21962bf94361d88663ede3c0e0b3a,
2022-07-05,legacy,https://nsearchives.nseindia.com/content/historical/DERIVATIVES/2022/JUL/fo05JUL2022bhav.csv.zip,SUCCESS,200,753872,c1dec23ff41ceff0a239b4ae91d1576a1faa8dfef83145a1ee3f3bcee5bd453f,
2022-07-07,legacy,https://nsearchives.nseindia.com/content/historical/DERIVATIVES/2022/JUL/fo07JUL2022bhav.csv.zip,SUCCESS,200,765076,3999190ab80a718d6e5e6992dc086418e674c5c6ae6c691f7e97df00a723e819,
2022-06-20,legacy,https://nsearchives.nseindia.com/content/historical/DERIVATIVES/2022/JUN/fo20JUN2022bhav.csv.zip,SUCCESS,200,795714,9532fc80b8baae48f0b114f3873b1475f7fbe9328c3f4d03307a474257d65977,
2022-06-24,legacy,https://nsearchives.nseindia.com/content/historical/DERIVATIVES/2022/JUN/fo24JUN2022bhav.csv.zip,SUCCESS,200,801127,a61a25a08ac94ff237fe9da40cc910105d919eb59bf2ac4b517038c4b3c96e7d,
2022-06-01,legacy,https://nsearchives.nseindia.com/content/historical/DERIVATIVES/2022/JUN/fo01JUN2022bhav.csv.zip,SUCCESS,200,757357,7882144ffabe92e2dbeada8783065fcdc7f8a2b5c60017cb37c5202a6e2b9634,
2022-06-15,legacy,https://nsearchives.nseindia.com/content/historical/DERIVATIVES/2022/JUN/fo15JUN2022bhav.csv.zip,SUCCESS,200,766268,7f57d4059ed2d4e8048a46b8e1ba9e2cdb84f7dc5edf68680bd06c4001cf85d9,
2022-06-28,legacy,https://nsearchives.nseindia.com/content/historical/DERIVATIVES/2022/JUN/fo28JUN2022bhav.csv.zip,SUCCESS,200,811995,0e000fa32e411ed7150039b9799ac8f41b5472902b8ef25eac5b3e8084ced764,
2022-06-30,legacy,https://nsearchives.nseindia.com/content/historical/DERIVATIVES/2022/JUN/fo30JUN2022bhav.csv.zip,SUCCESS,200,803212,9ee54dab05733baf997d533d2cf1e60ca2d52f40bcdb260a16db08d4808d3754,
2022-07-12,legacy,https://nsearchives.nseindia.com/content/historical/DERIVATIVES/2022/JUL/fo12JUL2022bhav.csv.zip,SUCCESS,200,767912,eadc887799b91e94ec2e69e385ac058024502fa6729f92dabddd364ff16e0dac,
2022-07-13,legacy,https://nsearchives.nseindia.com/content/historical/DERIVATIVES/2022/JUL/fo13JUL2022bhav.csv.zip,SUCCESS,200,767592,a6d455e5fe4f2bb07de3028a443f7e14f91f0d8b210592def52e059b44bf15c5,
2022-07-08,legacy,https://nsearchives.nseindia.com/content/historical/DERIVATIVES/2022/JUL/fo08JUL2022bhav.csv.zip,SUCCESS,200,763423,0b51df89b0fbb2ea7a1f2e91c9abb83fea6691e974d4269e5d90f29e46ee983a,
2022-04-05,legacy,https://nsearchives.nseindia.com/content/historical/DERIVATIVES/2022/APR/fo05APR2022bhav.csv.zip,SUCCESS,200,823736,5d8a7a3ae5633f6ed50e11a5fadfd64dcda954eda6e851f2877a2fea39b3a191,
2022-06-17,legacy,https://nsearchives.nseindia.com/content/historical/DERIVATIVES/2022/JUN/fo17JUN2022bhav.csv.zip,SUCCESS,200,789225,d78da8fda742a8a7ffa3015589c0b4941b147da555e55ec9ef3923bb6a0bc009,
2022-07-19,legacy,https://nsearchives.nseindia.com/content/historical/DERIVATIVES/2022/JUL/fo19JUL2022bhav.csv.zip,SUCCESS,200,781497,eb388b7a24a4e24bcb754bdf614e804a406c40208e49c5d7e588f956c5aec92a,
2022-07-26,legacy,https://nsearchives.nseindia.com/content/historical/DERIVATIVES/2022/JUL/fo26JUL2022bhav.csv.zip,SUCCESS,200,813344,f1b2f6bef3c6d00364e3b5831e7e5826cf0207b58a06cd167316cd36ce312928,
2022-04-12,legacy,https://nsearchives.nseindia.com/content/historical/DERIVATIVES/2022/APR/fo12APR2022bhav.csv.zip,SUCCESS,200,833788,ddbde8b4ae74562b1b4d987bea822d461c6a89c4d403d1175d0fdc63072b4e76,
2022-07-11,legacy,https://nsearchives.nseindia.com/content/historical/DERIVATIVES/2022/JUL/fo11JUL2022bhav.csv.zip,SUCCESS,200,767500,4a618dbb2fdbbea0b309f24b83b5bfdae8bd0945908c82ca500b1a1edc44caf9,
2022-08-02,legacy,https://nsearchives.nseindia.com/content/historical/DERIVATIVES/2022/AUG/fo02AUG2022bhav.csv.zip,SUCCESS,200,746775,9559a96cab9ba1864eef6497e309069e92088b54e7370df57427d7d61763f5dd,
2022-07-21,legacy,https://nsearchives.nseindia.com/content/historical/DERIVATIVES/2022/JUL/fo21JUL2022bhav.csv.zip,SUCCESS,200,796133,cd9360756d2549b3002a41472cc406190ef4a902a280ddd697a6cb49f5de612a,
2022-04-01,legacy,https://nsearchives.nseindia.com/content/historical/DERIVATIVES/2022/APR/fo01APR2022bhav.csv.zip,SUCCESS,200,788691,c57e7c03e8a95df538daa5b8ec84681cb00f23e9adb819fe62d2718c8df1c36c,
2022-07-06,legacy,https://nsearchives.nseindia.com/content/historical/DERIVATIVES/2022/JUL/fo06JUL2022bhav.csv.zip,SUCCESS,200,756564,96ac5539ac3b205d84282b8c867765b1973ea1e71973f3fe1a73078f3c3c609e,
2022-07-14,legacy,https://nsearchives.nseindia.com/content/historical/DERIVATIVES/2022/JUL/fo14JUL2022bhav.csv.zip,SUCCESS,200,770543,1f89b22218dc849343ed6b5e0b2b1b29bdd6a7011231d83c837b5b46d862725a,
2022-04-21,legacy,https://nsearchives.nseindia.com/content/historical/DERIVATIVES/2022/APR/fo21APR2022bhav.csv.zip,SUCCESS,200,846121,e1952d0f7a76704ab25767fa886b740edc664d7a322b83c3df18ccf7290898a6,
2022-08-04,legacy,https://nsearchives.nseindia.com/content/historical/DERIVATIVES/2022/AUG/fo04AUG2022bhav.csv.zip,SUCCESS,200,755719,0207865c9e49bac76f1f3316b3dd84e3cd5ed9539fe0fbdcfc934beddc309194,
2022-07-20,legacy,https://nsearchives.nseindia.com/content/historical/DERIVATIVES/2022/JUL/fo20JUL2022bhav.csv.zip,SUCCESS,200,790484,b6659836caf24416cff48cb87cb30fe3eed1cf6fd06653a35ad15348137d88e8,
2022-07-29,legacy,https://nsearchives.nseindia.com/content/historical/DERIVATIVES/2022/JUL/fo29JUL2022bhav.csv.zip,SUCCESS,200,730897,ac7146d265b745180dee77461033058a298de0d233899015d58dd1084621a6cd,
2022-07-28,legacy,https://nsearchives.nseindia.com/content/historical/DERIVATIVES/2022/JUL/fo28JUL2022bhav.csv.zip,SUCCESS,200,810303,707b93ef1ab5b4718e9a91e99b61378827534d9f0698e9b02d58436fd8450917,
2022-05-04,legacy,https://nsearchives.nseindia.com/content/historical/DERIVATIVES/2022/MAY/fo04MAY2022bhav.csv.zip,SUCCESS,200,772672,931ca2805f6e66587d10cf55aa717a0c69b0312e7ee8326a21734391950447c8,
2022-07-15,legacy,https://nsearchives.nseindia.com/content/historical/DERIVATIVES/2022/JUL/fo15JUL2022bhav.csv.zip,SUCCESS,200,771968,62a9e26defa570e62f2a3dbb9c9fedae90ec97aa20ffd8be68d1466cca885af7,
2022-08-05,legacy,https://nsearchives.nseindia.com/content/historical/DERIVATIVES/2022/AUG/fo05AUG2022bhav.csv.zip,SUCCESS,200,753776,ac5306b46e0e893b5ef6f9a5841b93d4ea24184ad1169043c231d8f7125a390f,
2022-04-07,legacy,https://nsearchives.nseindia.com/content/historical/DERIVATIVES/2022/APR/fo07APR2022bhav.csv.zip,SUCCESS,200,832450,d5bf1d2f5740560cf3c4206cccdd2ff6c353be7f011e7c6bfc6ffd1e8658e949,
2022-05-17,legacy,https://nsearchives.nseindia.com/content/historical/DERIVATIVES/2022/MAY/fo17MAY2022bhav.csv.zip,SUCCESS,200,823366,27aad6fafadd7a562ae32d29dd347776f26ae270b35831839dc27713e9d954dd,
2022-06-10,legacy,https://nsearchives.nseindia.com/content/historical/DERIVATIVES/2022/JUN/fo10JUN2022bhav.csv.zip,SUCCESS,200,755593,4037bbc9ead1f1064e31a4cb379320c4991a6a4634e2b77345a0b06f264ff520,
2022-07-27,legacy,https://nsearchives.nseindia.com/content/historical/DERIVATIVES/2022/JUL/fo27JUL2022bhav.csv.zip,SUCCESS,200,819125,ef7ef5a627be5aa3242d242711f5ba2afdd0594742d42ba97ac4462c2b009163,
2022-07-18,legacy,https://nsearchives.nseindia.com/content/historical/DERIVATIVES/2022/JUL/fo18JUL2022bhav.csv.zip,SUCCESS,200,779130,1fa2ff02030a029cb8128ac8d9e856d36349d2d0c7cc82a01c7ce2a93a0c8baf,
2022-04-18,legacy,https://nsearchives.nseindia.com/content/historical/DERIVATIVES/2022/APR/fo18APR2022bhav.csv.zip,SUCCESS,200,833250,13672bf809369ef3506c4092610a46932aedba8f5c2f2e9ccf7eec16e2e458f5,
2022-08-08,legacy,https://nsearchives.nseindia.com/content/historical/DERIVATIVES/2022/AUG/fo08AUG2022bhav.csv.zip,SUCCESS,200,753703,bf72a51bbc065f8ce65e6f1ddb5898f7edb2a4d255e2d560535c92b67a978eb0,
2022-07-25,legacy,https://nsearchives.nseindia.com/content/historical/DERIVATIVES/2022/JUL/fo25JUL2022bhav.csv.zip,SUCCESS,200,810746,7fa968b3fe4ebd7724b22f921d488133efa238fa4c782544dd51800585b0e578,
2022-08-19,legacy,https://nsearchives.nseindia.com/content/historical/DERIVATIVES/2022/AUG/fo19AUG2022bhav.csv.zip,SUCCESS,200,804311,1f04f3030eac37a7aac1ca19dbadb7885fed342820238389b287b44939f8cfa5,
2022-08-01,legacy,https://nsearchives.nseindia.com/content/historical/DERIVATIVES/2022/AUG/fo01AUG2022bhav.csv.zip,SUCCESS,200,739889,ddf4309e6705c14e746d6ff49b7522275e70bb09e3fafa9a27ebea95a2df4c76,
2022-09-02,legacy,https://nsearchives.nseindia.com/content/historical/DERIVATIVES/2022/SEP/fo02SEP2022bhav.csv.zip,SUCCESS,200,724166,5f049743358bf4b265fa3429e7f9aa6c67f60e7c7d5e7ff119cedad93ea687d7,
2022-09-06,legacy,https://nsearchives.nseindia.com/content/historical/DERIVATIVES/2022/SEP/fo06SEP2022bhav.csv.zip,SUCCESS,200,729911,c2a276a8b7b0530d37aa7c280e98801b5d58447904f5a0434f7051ceb6ba2585,
2022-08-03,legacy,https://nsearchives.nseindia.com/content/historical/DERIVATIVES/2022/AUG/fo03AUG2022bhav.csv.zip,SUCCESS,200,749652,e05f9d30001259eda5aaa6a942f3c88f65fb069de5e78bafa432393f53f388a1,
2022-05-26,legacy,https://nsearchives.nseindia.com/content/historical/DERIVATIVES/2022/MAY/fo26MAY2022bhav.csv.zip,SUCCESS,200,851576,8e1ab6f8ae572d116198ff47e8b8463025c354a02d1afdbdbc11e111735d4de6,
2022-08-16,legacy,https://nsearchives.nseindia.com/content/historical/DERIVATIVES/2022/AUG/fo16AUG2022bhav.csv.zip,SUCCESS,200,775626,d1a827d8c0fe7141deda95e20b05b1b4bd7bf3ae070837e29841188d36029b92,
2022-08-24,legacy,https://nsearchives.nseindia.com/content/historical/DERIVATIVES/2022/AUG/fo24AUG2022bhav.csv.zip,SUCCESS,200,810624,05b6dd0cb80742bbd4dd49e4bd7a3ff821fde7a8fba538c2b6635d28c533a1e2,
2022-09-12,legacy,https://nsearchives.nseindia.com/content/historical/DERIVATIVES/2022/SEP/fo12SEP2022bhav.csv.zip,SUCCESS,200,742347,6deeef8ab071bc06acf71a5a67644f2667e6fc440ad4fa4d0cbcc4986f4aafc9,
2022-09-05,legacy,https://nsearchives.nseindia.com/content/historical/DERIVATIVES/2022/SEP/fo05SEP2022bhav.csv.zip,SUCCESS,200,723423,593640309e03469f797cdc24224ff77c1d68d5cc93079b99a5dc1fcb65cd8e82,
2022-09-13,legacy,https://nsearchives.nseindia.com/content/historical/DERIVATIVES/2022/SEP/fo13SEP2022bhav.csv.zip,SUCCESS,200,747431,1bdb62be2090f9acad7f78d551ea6732fb265affc5cd7872a6357df2c1eefd3f,
2022-08-18,legacy,https://nsearchives.nseindia.com/content/historical/DERIVATIVES/2022/AUG/fo18AUG2022bhav.csv.zip,SUCCESS,200,793005,a8f25392c31098f269a0b5b3325bb93bc5c55d1cad4b41708920ead47b06d96b,
2022-08-10,legacy,https://nsearchives.nseindia.com/content/historical/DERIVATIVES/2022/AUG/fo10AUG2022bhav.csv.zip,SUCCESS,200,759972,58fe01cfa5cce169997b6b03607bc8334c49738920ec875c75e05d845362f658,
2022-09-08,legacy,https://nsearchives.nseindia.com/content/historical/DERIVATIVES/2022/SEP/fo08SEP2022bhav.csv.zip,SUCCESS,200,738808,1a7b0c3fe6a6e40fcfecda1e81fb4f4b4e5cd1640d7c63bc7eb4f437cff94be5,
2022-08-17,legacy,https://nsearchives.nseindia.com/content/historical/DERIVATIVES/2022/AUG/fo17AUG2022bhav.csv.zip,SUCCESS,200,787275,4034258dd307c5d9cb1aac268fed07276fed658f2f2f3e9bba8365688f2688cc,
2022-08-26,legacy,https://nsearchives.nseindia.com/content/historical/DERIVATIVES/2022/AUG/fo26AUG2022bhav.csv.zip,SUCCESS,200,707481,9fdba5601a89d0d65b787aa581e454fbf5f6c3f40c16884991a63eda83801983,
2022-09-15,legacy,https://nsearchives.nseindia.com/content/historical/DERIVATIVES/2022/SEP/fo15SEP2022bhav.csv.zip,SUCCESS,200,771769,edef83f226719eed9e437a3de825f1d6e6c868d18d89c23d36b49f04014c62ba,
2022-09-14,legacy,https://nsearchives.nseindia.com/content/historical/DERIVATIVES/2022/SEP/fo14SEP2022bhav.csv.zip,SUCCESS,200,764289,916d951183780ede030bbaf2a325e2c4b4f782ac6e55b25dbae155ac96a85cee,
2022-09-22,legacy,https://nsearchives.nseindia.com/content/historical/DERIVATIVES/2022/SEP/fo22SEP2022bhav.csv.zip,SUCCESS,200,786845,eafadf2bca1a647453fb844f3306d0cd333d62c3c18e12d87660d81baac68dcb,
2022-09-23,legacy,https://nsearchives.nseindia.com/content/historical/DERIVATIVES/2022/SEP/fo23SEP2022bhav.csv.zip,SUCCESS,200,792979,a3ce720f445b5515ba8977f9c5bb61fcd45d96dd25162256c168a231e174ea81,
2022-09-16,legacy,https://nsearchives.nseindia.com/content/historical/DERIVATIVES/2022/SEP/fo16SEP2022bhav.csv.zip,SUCCESS,200,783231,a9e3f1c667ade9fe127f211daece81b2a739b7072fe2ae8289263e0bed67e7e0,
2022-09-20,legacy,https://nsearchives.nseindia.com/content/historical/DERIVATIVES/2022/SEP/fo20SEP2022bhav.csv.zip,SUCCESS,200,777030,32298662bdedafea2def80dfe86a7e86fd08bba2b2e4b977790d7c6ad8abf7af,
2022-06-27,legacy,https://nsearchives.nseindia.com/content/historical/DERIVATIVES/2022/JUN/fo27JUN2022bhav.csv.zip,SUCCESS,200,811145,1081173ca187852c214fea318bf954c55f9db60405c15f3235cde488ee9ccf01,
2022-09-21,legacy,https://nsearchives.nseindia.com/content/historical/DERIVATIVES/2022/SEP/fo21SEP2022bhav.csv.zip,SUCCESS,200,780309,1f71db5b6f023a848ba167664e90562bef54f60f5f1d108a05c9789cdfb50a74,
2022-10-13,legacy,https://nsearchives.nseindia.com/content/historical/DERIVATIVES/2022/OCT/fo13OCT2022bhav.csv.zip,SUCCESS,200,744127,74c7388c626d51a56b0f7e7ebb6aca61f4ce43648979d5d2792492b3dd8a6a96,
2022-09-07,legacy,https://nsearchives.nseindia.com/content/historical/DERIVATIVES/2022/SEP/fo07SEP2022bhav.csv.zip,SUCCESS,200,735232,8f25e57403fb1fb2b23a8d2f3c40e9e3354641dd61ce628e0514880ef545a810,
2022-10-14,legacy,https://nsearchives.nseindia.com/content/historical/DERIVATIVES/2022/OCT/fo14OCT2022bhav.csv.zip,SUCCESS,200,747819,f9e716d334bf84223c52cf2cfd9019f9ac6d8d1b54eca83b50b87490c69fa3ff,
2022-10-04,legacy,https://nsearchives.nseindia.com/content/historical/DERIVATIVES/2022/OCT/fo04OCT2022bhav.csv.zip,SUCCESS,200,733408,d7a32a099bf9d1491e52f679a49e220583d55746850cd08f45bc5cad519a00ed,
2022-08-22,legacy,https://nsearchives.nseindia.com/content/historical/DERIVATIVES/2022/AUG/fo22AUG2022bhav.csv.zip,SUCCESS,200,807533,06305b5dac9208e4ee9516c4b1efcdc576127830549c406cd391f9ce6516e11d,
2022-09-19,legacy,https://nsearchives.nseindia.com/content/historical/DERIVATIVES/2022/SEP/fo19SEP2022bhav.csv.zip,SUCCESS,200,777409,61310205db11b519d8b15633bb7384ec132c62484c8f52c0f3420dae7784f6d4,
2022-09-09,legacy,https://nsearchives.nseindia.com/content/historical/DERIVATIVES/2022/SEP/fo09SEP2022bhav.csv.zip,SUCCESS,200,745107,1c1e110d44b682b0a2e1c0cd70eef62f707276de43ef9ee63247fd38ac5467f6,
2022-10-03,legacy,https://nsearchives.nseindia.com/content/historical/DERIVATIVES/2022/OCT/fo03OCT2022bhav.csv.zip,SUCCESS,200,730053,387d921069b0d86f7c5361cd318f13f8f7a18a1f93f14b278d4040befa27d6c8,
2022-10-11,legacy,https://nsearchives.nseindia.com/content/historical/DERIVATIVES/2022/OCT/fo11OCT2022bhav.csv.zip,SUCCESS,200,741640,1450df22ec40c43dee3b6b47c8312e2e47a94302180a5e878af71f9b3d10e1a0,
2022-10-10,legacy,https://nsearchives.nseindia.com/content/historical/DERIVATIVES/2022/OCT/fo10OCT2022bhav.csv.zip,SUCCESS,200,741146,09f57540d39607ba34790c38cf3375927959faba20b67065553bcb28058e0903,
2022-10-19,legacy,https://nsearchives.nseindia.com/content/historical/DERIVATIVES/2022/OCT/fo19OCT2022bhav.csv.zip,SUCCESS,200,764229,b1a1c2b9081a89dde960604a7e5f37f52deef444c4b5c2729ec2a3d83bc2f7a0,
2022-10-12,legacy,https://nsearchives.nseindia.com/content/historical/DERIVATIVES/2022/OCT/fo12OCT2022bhav.csv.zip,SUCCESS,200,744145,da61ec132fd97267bf62b308ec58be1d009fbb4a7896cf818c8fa450939bdc18,
2022-10-20,legacy,https://nsearchives.nseindia.com/content/historical/DERIVATIVES/2022/OCT/fo20OCT2022bhav.csv.zip,SUCCESS,200,771971,bc93acfcc0ca2814ed6a641a29934eb0c3c053d3fe245eee5b5df046f3a53370,
2022-07-22,legacy,https://nsearchives.nseindia.com/content/historical/DERIVATIVES/2022/JUL/fo22JUL2022bhav.csv.zip,ERROR,0,0,,"HTTPSConnectionPool(host='nsearchives.nseindia.com', port=443): Read timed out. (read timeout=15)"
2022-11-02,legacy,https://nsearchives.nseindia.com/content/historical/DERIVATIVES/2022/NOV/fo02NOV2022bhav.csv.zip,SUCCESS,200,723344,e1a1dc690166b063e18ee1bf3b6bd680424d440c4d5d653b096ca595174da732,
2022-09-28,legacy,https://nsearchives.nseindia.com/content/historical/DERIVATIVES/2022/SEP/fo28SEP2022bhav.csv.zip,SUCCESS,200,810774,01b998ce2ee6a39d13a5cb52f8d349aa00b24f1725b10d9ec8ced2a6838baf84,
2022-09-26,legacy,https://nsearchives.nseindia.com/content/historical/DERIVATIVES/2022/SEP/fo26SEP2022bhav.csv.zip,SUCCESS,200,808651,114c6db47f6db6acd5bbc52ac74b09accbc4d64d995bfe4d077c72fdf600f6c3,
2022-10-27,legacy,https://nsearchives.nseindia.com/content/historical/DERIVATIVES/2022/OCT/fo27OCT2022bhav.csv.zip,SUCCESS,200,775308,290d2790a9d53078fce6a9ed0e28beba93f2d718ab8fc3cf5eb8b255fe161bab,
2022-08-23,legacy,https://nsearchives.nseindia.com/content/historical/DERIVATIVES/2022/AUG/fo23AUG2022bhav.csv.zip,SUCCESS,200,808550,7a42e7a8dff36e59b9bceee48906922ffdfdbeaea3d46145b8186671fafb030a,
2022-11-01,legacy,https://nsearchives.nseindia.com/content/historical/DERIVATIVES/2022/NOV/fo01NOV2022bhav.csv.zip,SUCCESS,200,721309,fa4c844e0cb43734020b09bf98be8c77dddaa833fae230f38dbb05714c31a879,
2022-09-29,legacy,https://nsearchives.nseindia.com/content/historical/DERIVATIVES/2022/SEP/fo29SEP2022bhav.csv.zip,SUCCESS,200,797456,05c84aa0b63b61fab125d6274a5be9f13ddd005cc40070dd18b1876805e5b41d,
2022-11-09,legacy,https://nsearchives.nseindia.com/content/historical/DERIVATIVES/2022/NOV/fo09NOV2022bhav.csv.zip,SUCCESS,200,744885,19c5b68772070cd7de4ce0566c6e496d710e09701b9b68832fc502d5887dfb5c,
2022-11-07,legacy,https://nsearchives.nseindia.com/content/historical/DERIVATIVES/2022/NOV/fo07NOV2022bhav.csv.zip,SUCCESS,200,735965,e78d9773328a6809c0a3a1170ef82e0fc1b627fafefeaca841e4651dbec02744,
2022-11-04,legacy,https://nsearchives.nseindia.com/content/historical/DERIVATIVES/2022/NOV/fo04NOV2022bhav.csv.zip,SUCCESS,200,725662,844ac445830cb8137aed9e9842f99b5f3210ca9260c2dca076bbb6d0b25ff690,
2022-11-11,legacy,https://nsearchives.nseindia.com/content/historical/DERIVATIVES/2022/NOV/fo11NOV2022bhav.csv.zip,SUCCESS,200,751388,fd135cc32609ca339e259fda117d60969cc9685c62fc656510a9db32b8e3016c,
2022-08-11,legacy,https://nsearchives.nseindia.com/content/historical/DERIVATIVES/2022/AUG/fo11AUG2022bhav.csv.zip,SUCCESS,200,767184,45eff6dae221e9f29be1b14a1f57e0f4d9177d83dab97a22eb8063f632c49c1f,
2022-11-15,legacy,https://nsearchives.nseindia.com/content/historical/DERIVATIVES/2022/NOV/fo15NOV2022bhav.csv.zip,SUCCESS,200,753214,c42d8aba56e3f475a01537594e8beb08ac9a47d8165291c0ea470487623b0e77,
2022-10-17,legacy,https://nsearchives.nseindia.com/content/historical/DERIVATIVES/2022/OCT/fo17OCT2022bhav.csv.zip,SUCCESS,200,750000,e688d60689b694bafde2462bd5b377d52ba8181fd4257d91bdb50546492761d0,
2022-10-31,legacy,https://nsearchives.nseindia.com/content/historical/DERIVATIVES/2022/OCT/fo31OCT2022bhav.csv.zip,SUCCESS,200,711347,fcfad2a015307096af592d81b47836cdf1a91c7b91a18dcb141bc9d2bf44a883,
2022-11-22,legacy,https://nsearchives.nseindia.com/content/historical/DERIVATIVES/2022/NOV/fo22NOV2022bhav.csv.zip,SUCCESS,200,767302,0b4e96038c85894c1cd57fc441fc099b571490ecea4bcde6d27b289b02efd069,
2022-11-16,legacy,https://nsearchives.nseindia.com/content/historical/DERIVATIVES/2022/NOV/fo16NOV2022bhav.csv.zip,SUCCESS,200,759844,678036b0f46d6ede7892babe9add72548d90d0b0b04759ec4a0bb32f1e39355e,
2022-08-12,legacy,https://nsearchives.nseindia.com/content/historical/DERIVATIVES/2022/AUG/fo12AUG2022bhav.csv.zip,SUCCESS,200,769556,c153ad5af5d9caa3662d7832df3189b4aef80b60ce1ffaff1df23ee5492770a5,
2022-11-28,legacy,https://nsearchives.nseindia.com/content/historical/DERIVATIVES/2022/NOV/fo28NOV2022bhav.csv.zip,SUCCESS,200,635190,3f67b8061e3d33fb094e0d5a812167ea3640e4704fb97746911796aff192808f,
2022-08-30,legacy,https://nsearchives.nseindia.com/content/historical/DERIVATIVES/2022/AUG/fo30AUG2022bhav.csv.zip,SUCCESS,200,715393,ab6e088203c0f45faecc402b5e4ca86b20ace1e5f60fe5684be93f4d9b6d9779,
2022-11-30,legacy,https://nsearchives.nseindia.com/content/historical/DERIVATIVES/2022/NOV/fo30NOV2022bhav.csv.zip,SUCCESS,200,645922,ab546d085cb590a940e9db6066b5398d9f5e72be4f36e47ad55be55aa0134ec2,
2022-11-23,legacy,https://nsearchives.nseindia.com/content/historical/DERIVATIVES/2022/NOV/fo23NOV2022bhav.csv.zip,SUCCESS,200,769469,f220b5142e81d96f2aa9dd139e322bcd8c2a2c3443a76f1d0822597d02390a9a,
2022-11-24,legacy,https://nsearchives.nseindia.com/content/historical/DERIVATIVES/2022/NOV/fo24NOV2022bhav.csv.zip,SUCCESS,200,759076,35ff4c6acf3870f8f95081bff05fa45e725db51d82f83aeb665dc539f51eb2a3,
2022-12-01,legacy,https://nsearchives.nseindia.com/content/historical/DERIVATIVES/2022/DEC/fo01DEC2022bhav.csv.zip,SUCCESS,200,656064,43823077896f9818dc9aed0d2a2fc5b0f1fa2ad3d72a7a0ba8e22d82e1deef04,
2022-11-18,legacy,https://nsearchives.nseindia.com/content/historical/DERIVATIVES/2022/NOV/fo18NOV2022bhav.csv.zip,SUCCESS,200,764302,46caf0bd554ade578b920d323692d3b762ba059916f77bdae617c5f1059185cb,
2022-12-08,legacy,https://nsearchives.nseindia.com/content/historical/DERIVATIVES/2022/DEC/fo08DEC2022bhav.csv.zip,SUCCESS,200,661099,d3286d5517274e346a97111b6bbd282329e2008c9246fd6c4cc2cb571611b39d,
2022-12-06,legacy,https://nsearchives.nseindia.com/content/historical/DERIVATIVES/2022/DEC/fo06DEC2022bhav.csv.zip,SUCCESS,200,658308,85f3d23b86488aa012fb42a9230b4c728f28a037688cf4b2b9b972b2b32b3518,
2022-12-07,legacy,https://nsearchives.nseindia.com/content/historical/DERIVATIVES/2022/DEC/fo07DEC2022bhav.csv.zip,SUCCESS,200,659490,691b64f63b1ae23e4cc11b2211682294cdbaf385ef1a03abb00d799905c57b8b,
2022-12-09,legacy,https://nsearchives.nseindia.com/content/historical/DERIVATIVES/2022/DEC/fo09DEC2022bhav.csv.zip,SUCCESS,200,668938,1fdbc5ca1e1af67068c67da73ff52e3e7a3a4032bdb7ac3a8c0c6cb41b490b89,
2022-10-21,legacy,https://nsearchives.nseindia.com/content/historical/DERIVATIVES/2022/OCT/fo21OCT2022bhav.csv.zip,SUCCESS,200,784169,7552a49232298a374e25612b582a8ba9be1b182995f48694a0e4c9a96a627d60,
2022-12-16,legacy,https://nsearchives.nseindia.com/content/historical/DERIVATIVES/2022/DEC/fo16DEC2022bhav.csv.zip,SUCCESS,200,676560,8cdb75c5e43a839b6eb53f30a428fcef5c43a38313ddccc3566e21c194d763d8,
2022-12-02,legacy,https://nsearchives.nseindia.com/content/historical/DERIVATIVES/2022/DEC/fo02DEC2022bhav.csv.zip,SUCCESS,200,653431,de8ed63124f696761e92615ad366675657d99492a1b7d7826c882342f765d09d,
2022-11-17,legacy,https://nsearchives.nseindia.com/content/historical/DERIVATIVES/2022/NOV/fo17NOV2022bhav.csv.zip,SUCCESS,200,760087,b2fb263197d540963789d40816c65f909b88975405218acadeafbddd8442c6e1,
2022-11-25,legacy,https://nsearchives.nseindia.com/content/historical/DERIVATIVES/2022/NOV/fo25NOV2022bhav.csv.zip,SUCCESS,200,629546,17fed0b2c25e6ddc92f8475cf1ccf36e6dfbdc4a0ae9c8354a16d30f204dfe7e,
2022-10-24,legacy,https://nsearchives.nseindia.com/content/historical/DERIVATIVES/2022/OCT/fo24OCT2022bhav.csv.zip,SUCCESS,200,722279,e34ea63c7f634b9f39f023af3bd165d5e60b7f6cbbe1519534131e39f4cd085c,
2022-12-12,legacy,https://nsearchives.nseindia.com/content/historical/DERIVATIVES/2022/DEC/fo12DEC2022bhav.csv.zip,SUCCESS,200,663425,1c9e42529ce38b71a6c54bcc7dcce2d9fa9d6e75717064d552214e6a48465f06,
2022-12-22,legacy,https://nsearchives.nseindia.com/content/historical/DERIVATIVES/2022/DEC/fo22DEC2022bhav.csv.zip,SUCCESS,200,690193,572e2e76911fc600c95b3a4c8a36b457a21fccb35c7f40a1d70d29a72074b977,
2022-12-15,legacy,https://nsearchives.nseindia.com/content/historical/DERIVATIVES/2022/DEC/fo15DEC2022bhav.csv.zip,SUCCESS,200,672277,c65e1b93c71a27cbd6b82fb000c0aea51d4abe2743f8f703bf58c4dbc28590be,
2022-10-25,legacy,https://nsearchives.nseindia.com/content/historical/DERIVATIVES/2022/OCT/fo25OCT2022bhav.csv.zip,SUCCESS,200,790880,18a5822a4b60b87ae7e616d551213cea13f4c7f4e8237e13f89fef55db1b3574,
2022-12-21,legacy,https://nsearchives.nseindia.com/content/historical/DERIVATIVES/2022/DEC/fo21DEC2022bhav.csv.zip,SUCCESS,200,685339,414ada4f8267b0502b3aaf22ea8cd47b52e2dc215538e6ef0cc4755ae82bb086,
2022-11-10,legacy,https://nsearchives.nseindia.com/content/historical/DERIVATIVES/2022/NOV/fo10NOV2022bhav.csv.zip,SUCCESS,200,747632,4f99ff435f6d31632048ee4cb7a02122cbf3fc979a0cafa43297821d08847abf,
2022-12-26,legacy,https://nsearchives.nseindia.com/content/historical/DERIVATIVES/2022/DEC/fo26DEC2022bhav.csv.zip,SUCCESS,200,710070,357821a16436eefc8d6af0e5d54b83ea7c08b5817f023b92b0d6c8c32c224d9f,
2022-11-29,legacy,https://nsearchives.nseindia.com/content/historical/DERIVATIVES/2022/NOV/fo29NOV2022bhav.csv.zip,SUCCESS,200,640425,47dfc81527dfa1c080562b8758bfce0f558d252ec9a078b2c2f6606352dd7a97,
2022-12-20,legacy,https://nsearchives.nseindia.com/content/historical/DERIVATIVES/2022/DEC/fo20DEC2022bhav.csv.zip,SUCCESS,200,674346,57374a7aad921c58cdfc9551e0977b963cf5ba89ae2e1f4124614287aee3d6e5,
2022-11-21,legacy,https://nsearchives.nseindia.com/content/historical/DERIVATIVES/2022/NOV/fo21NOV2022bhav.csv.zip,SUCCESS,200,763768,790db2baf562156b6f3f56a085f9e1a9f831f7da019fe88f6792cdefb3b74426,
2022-12-30,legacy,https://nsearchives.nseindia.com/content/historical/DERIVATIVES/2022/DEC/fo30DEC2022bhav.csv.zip,SUCCESS,200,607813,36c8c968c8ce13b98e5bf56db48d331c28f637e2a6da9902476f4753c87ae710,
2021-05-31,legacy,https://nsearchives.nseindia.com/content/historical/DERIVATIVES/2021/MAY/fo31MAY2021bhav.csv.zip,SUCCESS,200,577551,7dd880cbb6d36ac3f312eefd79ccd6433e73b6e7054f83f1ae39f6f4e54185f5,
2022-12-27,legacy,https://nsearchives.nseindia.com/content/historical/DERIVATIVES/2022/DEC/fo27DEC2022bhav.csv.zip,SUCCESS,200,707638,dacab371bfaa6dc914b3566451bfae526a09187d56fdc9fc9f40e7d6d8d3fcf4,
2022-11-03,legacy,https://nsearchives.nseindia.com/content/historical/DERIVATIVES/2022/NOV/fo03NOV2022bhav.csv.zip,SUCCESS,200,722931,c8c566d1b2808f442f1b83d40920cbc7bc0c52a3c3eff67835ab04aaca03c5fb,
2023-01-06,legacy,https://nsearchives.nseindia.com/content/historical/DERIVATIVES/2023/JAN/fo06JAN2023bhav.csv.zip,SUCCESS,200,630349,fe120d3cd14f576e3c3b89819bed44089a10e71b0a41e30c323061ebd8262158,
2022-12-13,legacy,https://nsearchives.nseindia.com/content/historical/DERIVATIVES/2022/DEC/fo13DEC2022bhav.csv.zip,SUCCESS,200,662966,185079b2925b0851be68e715a00192635d5e181535d70e5e8afbe09d3bcaee42,
2022-12-19,legacy,https://nsearchives.nseindia.com/content/historical/DERIVATIVES/2022/DEC/fo19DEC2022bhav.csv.zip,SUCCESS,200,671618,c435a3a5bfe09091fdcc5ae55fd66b89f3ec87a52c6fe7d92800322ad97bf45e,
2022-12-23,legacy,https://nsearchives.nseindia.com/content/historical/DERIVATIVES/2022/DEC/fo23DEC2022bhav.csv.zip,SUCCESS,200,705164,6cf8a52f455805ee7ab60ee19a725d5f93359e17cc76ff93a5212151fbd7d386,
2022-12-29,legacy,https://nsearchives.nseindia.com/content/historical/DERIVATIVES/2022/DEC/fo29DEC2022bhav.csv.zip,SUCCESS,200,696225,6ef2dffa751e3a7eee7cdc8be8e716e0fdfe59d31023557823a09872b1fa503c,
2023-01-10,legacy,https://nsearchives.nseindia.com/content/historical/DERIVATIVES/2023/JAN/fo10JAN2023bhav.csv.zip,SUCCESS,200,634872,0014dae605231cc6922fd0ce416a653b95d4aacf53cca457eccf856951d6d78f,
2022-11-14,legacy,https://nsearchives.nseindia.com/content/historical/DERIVATIVES/2022/NOV/fo14NOV2022bhav.csv.zip,SUCCESS,200,753881,5cdc302a3baf77d064d4020aa79d4321cba8f83779ae43a99a24d245cbbda586,
2022-08-29,legacy,https://nsearchives.nseindia.com/content/historical/DERIVATIVES/2022/AUG/fo29AUG2022bhav.csv.zip,SUCCESS,200,713601,eab33eade809de4db7deb4ab641df31e7dba7bf1bf3599f6947b76de6eb87c83,
2023-01-13,legacy,https://nsearchives.nseindia.com/content/historical/DERIVATIVES/2023/JAN/fo13JAN2023bhav.csv.zip,SUCCESS,200,644633,8181d1187e1cc37a7ef869be7925ae1c478a3381569afecbc5eb827b1776cc93,
2023-01-05,legacy,https://nsearchives.nseindia.com/content/historical/DERIVATIVES/2023/JAN/fo05JAN2023bhav.csv.zip,SUCCESS,200,629000,b9df3b6137b3459266041829190edff10d1ba0d7ba5ec2e8c497a8bfdb20736a,
2023-01-12,legacy,https://nsearchives.nseindia.com/content/historical/DERIVATIVES/2023/JAN/fo12JAN2023bhav.csv.zip,SUCCESS,200,641031,6ff8fe14f9426f6ad74036d673835e6d3ee4a2fbdee345f386ee8d9371ffe4f0,
2022-09-27,legacy,https://nsearchives.nseindia.com/content/historical/DERIVATIVES/2022/SEP/fo27SEP2022bhav.csv.zip,SUCCESS,200,806548,34171e892d6988ef1d10084139e43e105f222eda27c165214db071c034af0018,
2022-10-28,legacy,https://nsearchives.nseindia.com/content/historical/DERIVATIVES/2022/OCT/fo28OCT2022bhav.csv.zip,SUCCESS,200,706797,b60af12a15b96123e4c383ee5e7c6d7bd84cbc999cbeab7796c0db4ef325933c,
2023-01-20,legacy,https://nsearchives.nseindia.com/content/historical/DERIVATIVES/2023/JAN/fo20JAN2023bhav.csv.zip,SUCCESS,200,674177,48590bf91f79157a999bf70b6d72b01af7b8b24028d5f4f56ed27688d10625a8,
2023-01-09,legacy,https://nsearchives.nseindia.com/content/historical/DERIVATIVES/2023/JAN/fo09JAN2023bhav.csv.zip,SUCCESS,200,631853,1283c3990c646fddf435430c6646b70c7ec61e2d06908fc284a41ef650a23295,
2023-01-25,legacy,https://nsearchives.nseindia.com/content/historical/DERIVATIVES/2023/JAN/fo25JAN2023bhav.csv.zip,SUCCESS,200,683367,d805164e518d3cea64b80def69f4f3dc8c2d8062db230a0838a02a3dd08f6075,
2023-02-02,legacy,https://nsearchives.nseindia.com/content/historical/DERIVATIVES/2023/FEB/fo02FEB2023bhav.csv.zip,SUCCESS,200,605764,a3c4ae85aaeb98dad6cd7e50f60b4f7fbdb3b45da9360cbda631b15c37c36785,
2023-01-19,legacy,https://nsearchives.nseindia.com/content/historical/DERIVATIVES/2023/JAN/fo19JAN2023bhav.csv.zip,SUCCESS,200,663017,a382dbaa4d4cce5ae8f1daf6ccd863fbabf329bbe5e5f096543e18bf79e6f94d,
2023-01-18,legacy,https://nsearchives.nseindia.com/content/historical/DERIVATIVES/2023/JAN/fo18JAN2023bhav.csv.zip,SUCCESS,200,655718,ddaa7bacf725d5fe241f330ba80a78a068c1c75127d0bd1d3cb2f177963574fb,
2023-01-31,legacy,https://nsearchives.nseindia.com/content/historical/DERIVATIVES/2023/JAN/fo31JAN2023bhav.csv.zip,SUCCESS,200,587977,ecd3761c792a082f30c1d77e83247c3b9640f5d1f8ed4124c005963bd8f83c97,
2023-01-27,legacy,https://nsearchives.nseindia.com/content/historical/DERIVATIVES/2023/JAN/fo27JAN2023bhav.csv.zip,SUCCESS,200,564282,e3bf6cf726308ba292148f026ab22644e9f229d1fa0130928b88130311646a18,
2023-01-03,legacy,https://nsearchives.nseindia.com/content/historical/DERIVATIVES/2023/JAN/fo03JAN2023bhav.csv.zip,SUCCESS,200,621759,5bdf610f4f5bdc0d3dd5b4d1f794e8b0a89cf73295f9ce329c236cb04b839f02,
2023-02-01,legacy,https://nsearchives.nseindia.com/content/historical/DERIVATIVES/2023/FEB/fo01FEB2023bhav.csv.zip,SUCCESS,200,607787,bc7709a4f4cd92716e7d0ea62f9b74f56f68f95458c66dbbe834c295ba2fb7f9,
2023-01-17,legacy,https://nsearchives.nseindia.com/content/historical/DERIVATIVES/2023/JAN/fo17JAN2023bhav.csv.zip,SUCCESS,200,652546,3c005f576d58da652ffb7b5310b6fc03250290c3b3b1a50b1ae2dfd3cf3314c4,
2023-01-30,legacy,https://nsearchives.nseindia.com/content/historical/DERIVATIVES/2023/JAN/fo30JAN2023bhav.csv.zip,SUCCESS,200,580477,24301e86ada5167f2280efd60a3d7020019a716cd3e7e37105b0db1ff50a63aa,
2022-12-14,legacy,https://nsearchives.nseindia.com/content/historical/DERIVATIVES/2022/DEC/fo14DEC2022bhav.csv.zip,SUCCESS,200,666350,0e2578a30676a19c42b4c25273dabc688564bc9d1047493fe2c5052f3752ec5e,
2022-10-06,legacy,https://nsearchives.nseindia.com/content/historical/DERIVATIVES/2022/OCT/fo06OCT2022bhav.csv.zip,ERROR,0,0,,"HTTPSConnectionPool(host='nsearchives.nseindia.com', port=443): Read timed out. (read timeout=15)"
2023-02-07,legacy,https://nsearchives.nseindia.com/content/historical/DERIVATIVES/2023/FEB/fo07FEB2023bhav.csv.zip,SUCCESS,200,617160,f5c118b9611e82d4398becb0b3edc0b784aacfd0ba7a350f9b6605acee534539,
2023-01-24,legacy,https://nsearchives.nseindia.com/content/historical/DERIVATIVES/2023/JAN/fo24JAN2023bhav.csv.zip,SUCCESS,200,688985,4601f1cc33759c7ce9cc210f0fb0137a7581b36c5066a74da29aae23c40a4ba9,
2022-09-01,legacy,https://nsearchives.nseindia.com/content/historical/DERIVATIVES/2022/SEP/fo01SEP2022bhav.csv.zip,SUCCESS,200,722298,46e024e7cee2dea39f32223762fccf510507ad05cd79a16e0b900adbd8f30cdf,
2023-02-06,legacy,https://nsearchives.nseindia.com/content/historical/DERIVATIVES/2023/FEB/fo06FEB2023bhav.csv.zip,SUCCESS,200,615265,afb92de9a4eb770a346b048542939392469352be6f1aa925de62962cd0968101,
2022-08-25,legacy,https://nsearchives.nseindia.com/content/historical/DERIVATIVES/2022/AUG/fo25AUG2022bhav.csv.zip,SUCCESS,200,800092,bb888ef1258c891cfc39709c733b0006b54d58f2387f7bc2c9006edcedf109e2,
2022-09-30,legacy,https://nsearchives.nseindia.com/content/historical/DERIVATIVES/2022/SEP/fo30SEP2022bhav.csv.zip,ERROR,0,0,,"HTTPSConnectionPool(host='nsearchives.nseindia.com', port=443): Read timed out."
2023-01-11,legacy,https://nsearchives.nseindia.com/content/historical/DERIVATIVES/2023/JAN/fo11JAN2023bhav.csv.zip,SUCCESS,200,638789,97e877c5bc64146fe8aa467cd2fb8ff7c1eed3fd0bda6676152e46816d31de6b,
2023-01-02,legacy,https://nsearchives.nseindia.com/content/historical/DERIVATIVES/2023/JAN/fo02JAN2023bhav.csv.zip,SUCCESS,200,614143,39233653101651ffad816ba2fc04d71f5b3e457e053ef8b5a0d043c524e9f7fc,
2023-02-15,legacy,https://nsearchives.nseindia.com/content/historical/DERIVATIVES/2023/FEB/fo15FEB2023bhav.csv.zip,SUCCESS,200,636569,6393cd25953e8492e0df7fa10ae040fd44e929734d53aace7783ee7a16fad77d,
2023-02-14,legacy,https://nsearchives.nseindia.com/content/historical/DERIVATIVES/2023/FEB/fo14FEB2023bhav.csv.zip,SUCCESS,200,635429,3dae921fe501325d920739cf946de4869abcd78fc0737e9ce1979e7a529baa7b,
2023-02-21,legacy,https://nsearchives.nseindia.com/content/historical/DERIVATIVES/2023/FEB/fo21FEB2023bhav.csv.zip,SUCCESS,200,673524,1ecb962fcf11aa42e1c089e995db7575f2b26dea9754a451a797c0b9f7f5c483,
2023-02-24,legacy,https://nsearchives.nseindia.com/content/historical/DERIVATIVES/2023/FEB/fo24FEB2023bhav.csv.zip,SUCCESS,200,554778,e0d90694e10e49972ff2e87fb392e45e207dc78c27d5400e4a4858ff4a095101,
2023-02-09,legacy,https://nsearchives.nseindia.com/content/historical/DERIVATIVES/2023/FEB/fo09FEB2023bhav.csv.zip,SUCCESS,200,624529,f58b258ad64ce25dc60c8a766d4247e3e437777f848dc49b2b3ff3a21cadbd3f,
2023-02-17,legacy,https://nsearchives.nseindia.com/content/historical/DERIVATIVES/2023/FEB/fo17FEB2023bhav.csv.zip,SUCCESS,200,654657,c60a31ad2534727ec42aebf5623acb315bda60ed782db2031a06e7a237aff17d,
2023-02-13,legacy,https://nsearchives.nseindia.com/content/historical/DERIVATIVES/2023/FEB/fo13FEB2023bhav.csv.zip,SUCCESS,200,967286,9331ba89a255e76bbb4483061fa9eb0e342763a6f98ff63f5f946aeb83959027,
2023-02-08,legacy,https://nsearchives.nseindia.com/content/historical/DERIVATIVES/2023/FEB/fo08FEB2023bhav.csv.zip,SUCCESS,200,620060,040f707d0cb538f524c073e0999dfe7f358ea743c1ed8fedf38f948183c73b78,
2023-03-06,legacy,https://nsearchives.nseindia.com/content/historical/DERIVATIVES/2023/MAR/fo06MAR2023bhav.csv.zip,SUCCESS,200,594414,ea5358f67d91982b58a2536b86af413a17b666e1bddbbc422d0a7308b413e226,
2023-02-16,legacy,https://nsearchives.nseindia.com/content/historical/DERIVATIVES/2023/FEB/fo16FEB2023bhav.csv.zip,SUCCESS,200,647453,fe6437959b63d059ed6b4b2798df8c2e10cfdb00d002a3c033b6e6cda41f3ada,
2023-02-10,legacy,https://nsearchives.nseindia.com/content/historical/DERIVATIVES/2023/FEB/fo10FEB2023bhav.csv.zip,SUCCESS,200,625505,508a5a07571ffa47be318e415f2c88e10e6b231bd09998153945a6512fdf2dd9,
2023-03-15,legacy,https://nsearchives.nseindia.com/content/historical/DERIVATIVES/2023/MAR/fo15MAR2023bhav.csv.zip,SUCCESS,200,620970,689f3aa0d51a284476ff7f075c8bd2010020aca2ae7fdf2615a6d3b98de25ea9,
2023-02-20,legacy,https://nsearchives.nseindia.com/content/historical/DERIVATIVES/2023/FEB/fo20FEB2023bhav.csv.zip,SUCCESS,200,666718,fdfe9477c21a6b968a22cf19a128dedcd42d88db22192a2e00237e48eaab1245,
2023-03-08,legacy,https://nsearchives.nseindia.com/content/historical/DERIVATIVES/2023/MAR/fo08MAR2023bhav.csv.zip,SUCCESS,200,595488,28fa252ef84731fabf236b8a213afd2623108125518584fce5c42685a6b6b6ea,
2023-03-16,legacy,https://nsearchives.nseindia.com/content/historical/DERIVATIVES/2023/MAR/fo16MAR2023bhav.csv.zip,SUCCESS,200,634812,7fc8250793ce9387ad9c14c27e682e77f0c8f94e47594d978d6a7741a2ab90ca,
2023-03-10,legacy,https://nsearchives.nseindia.com/content/historical/DERIVATIVES/2023/MAR/fo10MAR2023bhav.csv.zip,SUCCESS,200,601507,ce42c2ddeaad6a37c589dc403c8af92bfc09b6de1797d518a1dd5c78d4bcd63b,
2023-02-03,legacy,https://nsearchives.nseindia.com/content/historical/DERIVATIVES/2023/FEB/fo03FEB2023bhav.csv.zip,SUCCESS,200,610058,3b7473b72dd4486047635c91918e355e25f492ddc2a961866120aa5801b13bb1,
2023-01-16,legacy,https://nsearchives.nseindia.com/content/historical/DERIVATIVES/2023/JAN/fo16JAN2023bhav.csv.zip,SUCCESS,200,644661,7f0b2103dcafccc4d3878337658ff9b8a970e71a66f2b3559b2de4e8ef638dc1,
2023-03-09,legacy,https://nsearchives.nseindia.com/content/historical/DERIVATIVES/2023/MAR/fo09MAR2023bhav.csv.zip,SUCCESS,200,600513,45aa6ce872b5bac5868580ac1dcb85234decbafd74c237281bf146163a640950,
2023-03-13,legacy,https://nsearchives.nseindia.com/content/historical/DERIVATIVES/2023/MAR/fo13MAR2023bhav.csv.zip,SUCCESS,200,610936,14ceca6f7a9120b4ad9411da318cdd2156136c32080db90c2ac840e3b8b2b49f,
2023-03-03,legacy,https://nsearchives.nseindia.com/content/historical/DERIVATIVES/2023/MAR/fo03MAR2023bhav.csv.zip,SUCCESS,200,586680,0711cff325824af0c46df7ff0b8222836b55bc40f3d1096af620cbd3486c73b6,
2023-03-14,legacy,https://nsearchives.nseindia.com/content/historical/DERIVATIVES/2023/MAR/fo14MAR2023bhav.csv.zip,SUCCESS,200,619154,92243d76988d62c57ba7ad3ab7fcb5058522ff968138939443a401aea4c2ea84,
2022-10-07,legacy,https://nsearchives.nseindia.com/content/historical/DERIVATIVES/2022/OCT/fo07OCT2022bhav.csv.zip,ERROR,0,0,,"HTTPSConnectionPool(host='nsearchives.nseindia.com', port=443): Read timed out. (read timeout=15)"
2023-03-29,legacy,https://nsearchives.nseindia.com/content/historical/DERIVATIVES/2023/MAR/fo29MAR2023bhav.csv.zip,SUCCESS,200,662974,fcccaf3f41010c5af1e6733dc3055483965b51fbf44115a1034ac8b3b2bd7f73,
2023-02-23,legacy,https://nsearchives.nseindia.com/content/historical/DERIVATIVES/2023/FEB/fo23FEB2023bhav.csv.zip,SUCCESS,200,680975,a2d0fe47170c7ef50798858f5d3b8c265f786317607fedc1185c45fb29a07a3a,
2023-02-22,legacy,https://nsearchives.nseindia.com/content/historical/DERIVATIVES/2023/FEB/fo22FEB2023bhav.csv.zip,SUCCESS,200,683898,0f8b079e8e1fa0cb381793bfc7ddd66f542caadfda86e747976057f5df3097b9,
2023-03-21,legacy,https://nsearchives.nseindia.com/content/historical/DERIVATIVES/2023/MAR/fo21MAR2023bhav.csv.zip,SUCCESS,200,635619,95cdcf3a84f626912894b8d6cd358c79b66f506ad6fe4c34dec019bffa726c1c,
2022-12-28,legacy,https://nsearchives.nseindia.com/content/historical/DERIVATIVES/2022/DEC/fo28DEC2022bhav.csv.zip,SUCCESS,200,705645,c02b932c0ba69baee5c59e43e7817f67bc1d42e713095f0f9c2461a12a8e1dda,
2023-03-01,legacy,https://nsearchives.nseindia.com/content/historical/DERIVATIVES/2023/MAR/fo01MAR2023bhav.csv.zip,SUCCESS,200,579386,6a06dcf432a3e1eb79f948dc346ca14718c6dfef47128b5c5950993152e87193,
2023-03-20,legacy,https://nsearchives.nseindia.com/content/historical/DERIVATIVES/2023/MAR/fo20MAR2023bhav.csv.zip,SUCCESS,200,635549,556708cbcac10979daef5a1af99e49c1f2c2d60703e4efd8644c28d62716df8e,
2023-03-02,legacy,https://nsearchives.nseindia.com/content/historical/DERIVATIVES/2023/MAR/fo02MAR2023bhav.csv.zip,SUCCESS,200,581794,3fe1e5e40f0936841717e4ed10295e23d42fcaa57aa213110119eaf5de6d1bfc,
2023-03-23,legacy,https://nsearchives.nseindia.com/content/historical/DERIVATIVES/2023/MAR/fo23MAR2023bhav.csv.zip,SUCCESS,200,644543,b31e7d47c755ffab1d70402cb7e050b50393ae8c2426e91d18cb0f4dfddd38ac,
2023-03-31,legacy,https://nsearchives.nseindia.com/content/historical/DERIVATIVES/2023/MAR/fo31MAR2023bhav.csv.zip,SUCCESS,200,582166,7ad8d946c3489bab208f8807882a26518688207c0a2274ae12334a33ca41d380,
2023-04-11,legacy,https://nsearchives.nseindia.com/content/historical/DERIVATIVES/2023/APR/fo11APR2023bhav.csv.zip,SUCCESS,200,619192,facf9c6e88a79f41dd7df01a27ebdd375b44bd3d14c28ce6667a0aa4c8b4829b,
2023-03-22,legacy,https://nsearchives.nseindia.com/content/historical/DERIVATIVES/2023/MAR/fo22MAR2023bhav.csv.zip,SUCCESS,200,637998,9c1a477769d6f93f9101659dad8d1e49843125531743a15c11b5a11eeb04efba,
2023-03-17,legacy,https://nsearchives.nseindia.com/content/historical/DERIVATIVES/2023/MAR/fo17MAR2023bhav.csv.zip,SUCCESS,200,628659,95618451ccf02d23e43e6e095f3bdbc46b777d15699f2455a469f5f4928d1cdc,
2023-04-19,legacy,https://nsearchives.nseindia.com/content/historical/DERIVATIVES/2023/APR/fo19APR2023bhav.csv.zip,SUCCESS,200,655720,140d89b4e26eb30a1b07f775aaa63528bc6945078f2d386ab44c711b9fe37a66,
2023-04-06,legacy,https://nsearchives.nseindia.com/content/historical/DERIVATIVES/2023/APR/fo06APR2023bhav.csv.zip,SUCCESS,200,610122,2d9b61e953c21c5b6d860484fce6f5d8e8a9195f4bc128b221d7572470630c4e,
2023-04-20,legacy,https://nsearchives.nseindia.com/content/historical/DERIVATIVES/2023/APR/fo20APR2023bhav.csv.zip,SUCCESS,200,658581,0a9a95238c2f4e0f4197811fe08024a42a7bffc3bd012c185a460bed9ff9b9b0,
2022-12-05,legacy,https://nsearchives.nseindia.com/content/historical/DERIVATIVES/2022/DEC/fo05DEC2022bhav.csv.zip,SUCCESS,200,656373,bf0294b15a5c09cf029952b6f3cd97f204d8871edc27926f70ef2e37b1bffdde,
2023-03-28,legacy,https://nsearchives.nseindia.com/content/historical/DERIVATIVES/2023/MAR/fo28MAR2023bhav.csv.zip,SUCCESS,200,670942,965df0d45cf576c803694263a4f81783fe2520b6117bcb64f6492198017f7bef,
2023-03-27,legacy,https://nsearchives.nseindia.com/content/historical/DERIVATIVES/2023/MAR/fo27MAR2023bhav.csv.zip,SUCCESS,200,663573,ec536f567fed67f2b9041a913c5f97adcc2347200d2e988461b159df89e85553,
2023-04-10,legacy,https://nsearchives.nseindia.com/content/historical/DERIVATIVES/2023/APR/fo10APR2023bhav.csv.zip,SUCCESS,200,611158,78ffd4fe88c5c6d7141d27e7e810234e3092ff0a168703b03e07bf66d17a12e1,
2023-01-04,legacy,https://nsearchives.nseindia.com/content/historical/DERIVATIVES/2023/JAN/fo04JAN2023bhav.csv.zip,ERROR,0,0,,"HTTPSConnectionPool(host='nsearchives.nseindia.com', port=443): Read timed out. (read timeout=15)"
2023-03-24,legacy,https://nsearchives.nseindia.com/content/historical/DERIVATIVES/2023/MAR/fo24MAR2023bhav.csv.zip,SUCCESS,200,652868,1fb5dd3fca0685869ac850f87c8735efa89cc255424b54d74ae6c3b56fcf050c,
2023-04-03,legacy,https://nsearchives.nseindia.com/content/historical/DERIVATIVES/2023/APR/fo03APR2023bhav.csv.zip,SUCCESS,200,595198,ad891b3685ac2dbdc0c7c1818a0104e49ab2daa6eab09b65071d9deb31505da5,
2023-04-27,legacy,https://nsearchives.nseindia.com/content/historical/DERIVATIVES/2023/APR/fo27APR2023bhav.csv.zip,SUCCESS,200,678051,7c429be536f5d7cb8152286acc8636f541501e3c9fa2d953c82a6d38c3867c14,
2022-10-18,legacy,https://nsearchives.nseindia.com/content/historical/DERIVATIVES/2022/OCT/fo18OCT2022bhav.csv.zip,SUCCESS,200,756032,410dac068d5686cdfb460528a97fb265017b2d46b597c1b4b84ca31cf0bf75b6,
2023-04-24,legacy,https://nsearchives.nseindia.com/content/historical/DERIVATIVES/2023/APR/fo24APR2023bhav.csv.zip,SUCCESS,200,674275,803516301add3f0d0de6370ef03ff4e5f70885d781f0d41b5e0f8784b66172ea,
2023-04-28,legacy,https://nsearchives.nseindia.com/content/historical/DERIVATIVES/2023/APR/fo28APR2023bhav.csv.zip,SUCCESS,200,573116,35abe37ae81edfd0608d59598ff516f0ea1f4152a68e144248e74ca7f72ef402,
2023-02-28,legacy,https://nsearchives.nseindia.com/content/historical/DERIVATIVES/2023/FEB/fo28FEB2023bhav.csv.zip,SUCCESS,200,574473,795061f41e5e22d8422974e6972de7366eb6216ceceef36d1c3005a102390bb3,
2023-04-21,legacy,https://nsearchives.nseindia.com/content/historical/DERIVATIVES/2023/APR/fo21APR2023bhav.csv.zip,SUCCESS,200,665891,1d9cb1c4b9e064160ebb4fdd01fd9f49fb5305bc3f4fe7ebb9486a1093005693,
2023-04-05,legacy,https://nsearchives.nseindia.com/content/historical/DERIVATIVES/2023/APR/fo05APR2023bhav.csv.zip,SUCCESS,200,603821,7ab9252ab836ba235fd7c54420e9edb4a48277a25c87afd4cf480eb3af2178a8,
2023-05-12,legacy,https://nsearchives.nseindia.com/content/historical/DERIVATIVES/2023/MAY/fo12MAY2023bhav.csv.zip,SUCCESS,200,644920,a77537c94765bf8f96e085024d72ae7335510204d39788f4806a5956bbe1c3bb,
2023-04-26,legacy,https://nsearchives.nseindia.com/content/historical/DERIVATIVES/2023/APR/fo26APR2023bhav.csv.zip,SUCCESS,200,684283,f01024da95f8a5d7995700cf724fe584df387129d08b234d6735a20afde2e339,
2023-04-13,legacy,https://nsearchives.nseindia.com/content/historical/DERIVATIVES/2023/APR/fo13APR2023bhav.csv.zip,SUCCESS,200,634524,ebc85fd611b6ad97b254aff27e057a103e4b18691b2988179a952f654a2121ad,
2023-05-04,legacy,https://nsearchives.nseindia.com/content/historical/DERIVATIVES/2023/MAY/fo04MAY2023bhav.csv.zip,SUCCESS,200,605409,dad54355a61824b0ec5906761ce8825cc9bb67132abcf3f6cccad62ed7975093,
2023-05-05,legacy,https://nsearchives.nseindia.com/content/historical/DERIVATIVES/2023/MAY/fo05MAY2023bhav.csv.zip,SUCCESS,200,615296,7777cc575390331cbc02d26e1582a04297f0239c3eec13c4f52dfa31bc556850,
2023-05-09,legacy,https://nsearchives.nseindia.com/content/historical/DERIVATIVES/2023/MAY/fo09MAY2023bhav.csv.zip,SUCCESS,200,629092,6e75fe3cd95642dc1b9c0fbcad385e6c021cbeb893735c6ecc547bc0dae62519,
2023-04-12,legacy,https://nsearchives.nseindia.com/content/historical/DERIVATIVES/2023/APR/fo12APR2023bhav.csv.zip,SUCCESS,200,626261,399299261e2435ca8978485ef91ac1a69250f1159dd3cf819d785c8666105b75,
2023-05-08,legacy,https://nsearchives.nseindia.com/content/historical/DERIVATIVES/2023/MAY/fo08MAY2023bhav.csv.zip,SUCCESS,200,619306,ebf69824d4b62062831c348ecf9a70430dc9fb26bb0c8676a7af17f98c764b6f,
2023-05-03,legacy,https://nsearchives.nseindia.com/content/historical/DERIVATIVES/2023/MAY/fo03MAY2023bhav.csv.zip,SUCCESS,200,597719,03ec8bef4fc3643c7bc7600912b2684ff0458a7f111959e9fe4879be96318005,
2023-05-10,legacy,https://nsearchives.nseindia.com/content/historical/DERIVATIVES/2023/MAY/fo10MAY2023bhav.csv.zip,SUCCESS,200,628888,4b0a3b7f47eea41248757c14cbd8379b6e6437d9a0380bc6a8251f5636e20a07,
2023-05-15,legacy,https://nsearchives.nseindia.com/content/historical/DERIVATIVES/2023/MAY/fo15MAY2023bhav.csv.zip,SUCCESS,200,653924,32fd8ed7e533de5456e400a672fce696c9b482a31a90efd7e2ced506b9d78284,
2023-05-02,legacy,https://nsearchives.nseindia.com/content/historical/DERIVATIVES/2023/MAY/fo02MAY2023bhav.csv.zip,SUCCESS,200,589724,d8915e31f306d4928017c6c0344dab2322c2ae41f6fd505dd08eb4dfe7ef7dc4,
2023-05-31,legacy,https://nsearchives.nseindia.com/content/historical/DERIVATIVES/2023/MAY/fo31MAY2023bhav.csv.zip,SUCCESS,200,604757,3b48d591d65d133587797891765ed110d942b3ec40a79e1b2fb5099b89b753eb,
2023-05-19,legacy,https://nsearchives.nseindia.com/content/historical/DERIVATIVES/2023/MAY/fo19MAY2023bhav.csv.zip,SUCCESS,200,676727,0086f24bef389b198c67e1e28ed19a2ef132c73b3fe7f7b169613e44d3337de5,
2023-05-23,legacy,https://nsearchives.nseindia.com/content/historical/DERIVATIVES/2023/MAY/fo23MAY2023bhav.csv.zip,SUCCESS,200,694649,d398c306f658edd8d183b50e84232a35e67f8e65a739611537772974fbd17ff9,
2023-05-11,legacy,https://nsearchives.nseindia.com/content/historical/DERIVATIVES/2023/MAY/fo11MAY2023bhav.csv.zip,SUCCESS,200,636469,1343d7b2b67eb4631b418258aee73fcb9ce945b09d029e052de309db3c808f7a,
2023-06-04,legacy,https://nsearchives.nseindia.com/content/historical/DERIVATIVES/2023/JUN/fo04JUN2023bhav.csv.zip,FAILED,404,0,,HTTP 404
2023-05-16,legacy,https://nsearchives.nseindia.com/content/historical/DERIVATIVES/2023/MAY/fo16MAY2023bhav.csv.zip,SUCCESS,200,661572,e6a67f3799139fb6fe2912e3c6ded5d732834ec7cec8d03d677d76440945631c,
2023-05-24,legacy,https://nsearchives.nseindia.com/content/historical/DERIVATIVES/2023/MAY/fo24MAY2023bhav.csv.zip,SUCCESS,200,696874,d24db656ba305509333c5f9fe85af1342ae494dc05df38a0d28f5181b95193a6,
2023-05-22,legacy,https://nsearchives.nseindia.com/content/historical/DERIVATIVES/2023/MAY/fo22MAY2023bhav.csv.zip,SUCCESS,200,683159,0bf31cda3e205248f638e8f3ab6cb419bd93f3c08aa338ab441f393dcb4fc88a,
2023-01-23,legacy,https://nsearchives.nseindia.com/content/historical/DERIVATIVES/2023/JAN/fo23JAN2023bhav.csv.zip,SUCCESS,200,683247,e7aae0f04e49e00512c867503550d5a6ef488106282669f72aaec856aa6d9c8d,
2023-05-26,legacy,https://nsearchives.nseindia.com/content/historical/DERIVATIVES/2023/MAY/fo26MAY2023bhav.csv.zip,SUCCESS,200,572781,3dd78de69f1fa49e2cc3cb8ba564a49deff665b6da184daddf65194ca2f027ec,
2023-06-06,legacy,https://nsearchives.nseindia.com/content/historical/DERIVATIVES/2023/JUN/fo06JUN2023bhav.csv.zip,SUCCESS,200,616799,94054b081c42a15315fb7a04f6ba8135cb4e3170eb1206c7deeb62759b2c7f51,
2023-06-13,legacy,https://nsearchives.nseindia.com/content/historical/DERIVATIVES/2023/JUN/fo13JUN2023bhav.csv.zip,SUCCESS,200,646731,ba9ff1d3543ad2be6087fec11525521cab55ceac1984fd12b33a8f9229eefb1e,
2023-06-01,legacy,https://nsearchives.nseindia.com/content/historical/DERIVATIVES/2023/JUN/fo01JUN2023bhav.csv.zip,SUCCESS,200,608203,54bcf79b44e4429c02a9f4b5fa8777e8878aae6b5fe592f7ff17b40586160131,
2023-05-29,legacy,https://nsearchives.nseindia.com/content/historical/DERIVATIVES/2023/MAY/fo29MAY2023bhav.csv.zip,SUCCESS,200,586951,b8d3759362c6479d607b4852d1ac2ec4465509676156e339661fded039f3f617,
2023-06-12,legacy,https://nsearchives.nseindia.com/content/historical/DERIVATIVES/2023/JUN/fo12JUN2023bhav.csv.zip,SUCCESS,200,636285,871d68fdf64260e7448056d75d1bf10207ad781a672c3588c0cecc9eab71c061,
2023-06-08,legacy,https://nsearchives.nseindia.com/content/historical/DERIVATIVES/2023/JUN/fo08JUN2023bhav.csv.zip,SUCCESS,200,634800,7eff561f4a0fac913743f2dc3b4be817ed68bbe5289259dfa41db22cbbd032d7,
2023-05-30,legacy,https://nsearchives.nseindia.com/content/historical/DERIVATIVES/2023/MAY/fo30MAY2023bhav.csv.zip,SUCCESS,200,591786,596f68d069d1b87be9b72469d7c3bf3558d620044a8e731070a9eeaf66c04cbd,
2023-05-18,legacy,https://nsearchives.nseindia.com/content/historical/DERIVATIVES/2023/MAY/fo18MAY2023bhav.csv.zip,SUCCESS,200,668621,0a77c282960416281f594df913c9848a25687d07ed333f5fbd00c059a3c0e3e0,
2023-06-26,legacy,https://nsearchives.nseindia.com/content/historical/DERIVATIVES/2023/JUN/fo26JUN2023bhav.csv.zip,SUCCESS,200,728946,4cd94997abb10c266167f9096412e15f757caa23313e464d0c94bfd7ffcabaf1,
2023-06-16,legacy,https://nsearchives.nseindia.com/content/historical/DERIVATIVES/2023/JUN/fo16JUN2023bhav.csv.zip,SUCCESS,200,670861,b87c3cb65d0151ee4137f74cd3be152f7ef3a4440fbeaf3a44c56e02a41f8114,
2023-06-09,legacy,https://nsearchives.nseindia.com/content/historical/DERIVATIVES/2023/JUN/fo09JUN2023bhav.csv.zip,SUCCESS,200,633733,61e255b3724ae4e1084dd4ea862baf31e6242ef74c5b172cb8e887d25b38f8b7,
2023-06-02,legacy,https://nsearchives.nseindia.com/content/historical/DERIVATIVES/2023/JUN/fo02JUN2023bhav.csv.zip,SUCCESS,200,607459,741607534fdfa13193d499291ce6e21f217ca80d7a1346a909c40f784380dbf5,
2023-06-05,legacy,https://nsearchives.nseindia.com/content/historical/DERIVATIVES/2023/JUN/fo05JUN2023bhav.csv.zip,SUCCESS,200,611894,71d2f5c815aed30868fabaa0e9fb3391be76bfb42edd2778bf5070a32c32e621,
2023-06-15,legacy,https://nsearchives.nseindia.com/content/historical/DERIVATIVES/2023/JUN/fo15JUN2023bhav.csv.zip,SUCCESS,200,664757,ae6643dcf3cf143024229426e91713a988ebe9ca61bbacefbbd30ce082ef97da,
2023-06-19,legacy,https://nsearchives.nseindia.com/content/historical/DERIVATIVES/2023/JUN/fo19JUN2023bhav.csv.zip,SUCCESS,200,682314,04a62b82ddfbe5c1bc4f1171dd9183fedc0de1c1cc4f674dd3b172158f8a87c0,
2023-06-27,legacy,https://nsearchives.nseindia.com/content/historical/DERIVATIVES/2023/JUN/fo27JUN2023bhav.csv.zip,SUCCESS,200,741168,d6510ced97c21be542f25155c376d821c351a0d8253e44a4e47f88f75439d644,
2023-05-25,legacy,https://nsearchives.nseindia.com/content/historical/DERIVATIVES/2023/MAY/fo25MAY2023bhav.csv.zip,SUCCESS,200,689357,504b35114a62f0c0b21f32bc4cff83bb36a2758f1d09d9858dadaddbc4afbca4,
2023-07-03,legacy,https://nsearchives.nseindia.com/content/historical/DERIVATIVES/2023/JUL/fo03JUL2023bhav.csv.zip,SUCCESS,200,653564,0b16e88c5850e5751994c44f3295f3502cf6153a371852585dfb93d009c4f89f,
2023-07-04,legacy,https://nsearchives.nseindia.com/content/historical/DERIVATIVES/2023/JUL/fo04JUL2023bhav.csv.zip,SUCCESS,200,666130,7910f940bb00bda05fe6f090463c2b9fb4496cd80b96325c641196b2e77ba6ab,
2023-07-17,legacy,https://nsearchives.nseindia.com/content/historical/DERIVATIVES/2023/JUL/fo17JUL2023bhav.csv.zip,SUCCESS,200,720116,1e1a2e344ce67a51b5a019248a22ed879145f3fc11c02c19fdfa7feb1c759e1b,
2023-07-11,legacy,https://nsearchives.nseindia.com/content/historical/DERIVATIVES/2023/JUL/fo11JUL2023bhav.csv.zip,SUCCESS,200,695688,227c1156cce6c4a1f524294559da69acdfe71a207c2d1598292dbd47e29a671d,
2023-06-23,legacy,https://nsearchives.nseindia.com/content/historical/DERIVATIVES/2023/JUN/fo23JUN2023bhav.csv.zip,SUCCESS,200,726274,cf164a9e5b309455cdae66db980d80059c4a3d289e80e65e942a6c489c3b932b,
2023-06-30,legacy,https://nsearchives.nseindia.com/content/historical/DERIVATIVES/2023/JUN/fo30JUN2023bhav.csv.zip,SUCCESS,200,628644,a99bdf8844397a326952e7c68d514e504bcc51c45ec33e55124989654a4125db,
2023-04-25,legacy,https://nsearchives.nseindia.com/content/historical/DERIVATIVES/2023/APR/fo25APR2023bhav.csv.zip,SUCCESS,200,682467,0c9850ca9c25b2a1abc47f0bc0ff2f0b9d7af918681bbcc59d1f256bc4e9c799,
2023-06-14,legacy,https://nsearchives.nseindia.com/content/historical/DERIVATIVES/2023/JUN/fo14JUN2023bhav.csv.zip,SUCCESS,200,653457,38c74546b67f7d32ab008652bbd346f1e25e46cf2ed372b7ca39135046745685,
2023-07-07,legacy,https://nsearchives.nseindia.com/content/historical/DERIVATIVES/2023/JUL/fo07JUL2023bhav.csv.zip,SUCCESS,200,695256,9578950561723f996d9cef6a8624135d9f155bc9639f1de0fd9bb0cfe266f987,
2023-07-18,legacy,https://nsearchives.nseindia.com/content/historical/DERIVATIVES/2023/JUL/fo18JUL2023bhav.csv.zip,SUCCESS,200,729685,131e64c2d85e8ef018a4e1c0ceb7acd373bca433025503d07576b373b7f2f5df,
2023-05-17,legacy,https://nsearchives.nseindia.com/content/historical/DERIVATIVES/2023/MAY/fo17MAY2023bhav.csv.zip,SUCCESS,200,667389,209aab084454e4722912847e88767b6786b5322d24f751229861b25e670609ab,
2023-06-21,legacy,https://nsearchives.nseindia.com/content/historical/DERIVATIVES/2023/JUN/fo21JUN2023bhav.csv.zip,SUCCESS,200,701986,918a7189180bc7e9bf4640ceca7dfc9617735ba80455847f52a8efe350be855f,
2023-07-12,legacy,https://nsearchives.nseindia.com/content/historical/DERIVATIVES/2023/JUL/fo12JUL2023bhav.csv.zip,SUCCESS,200,698820,c91c6d6359a476c320a9098966ba1f493885ee90f13f96a24dd28b02fe05675b,
2023-07-14,legacy,https://nsearchives.nseindia.com/content/historical/DERIVATIVES/2023/JUL/fo14JUL2023bhav.csv.zip,SUCCESS,200,704546,9ca09b2a13218776c1a0440d35c4671d3bb3f5e4b100611a5c505b83697e419f,
2023-07-20,legacy,https://nsearchives.nseindia.com/content/historical/DERIVATIVES/2023/JUL/fo20JUL2023bhav.csv.zip,SUCCESS,200,734420,52ec5552e8a19c8e2c01b5e206f409a8cb63d6849173498dbdfea8f6f480c0b5,
2023-06-20,legacy,https://nsearchives.nseindia.com/content/historical/DERIVATIVES/2023/JUN/fo20JUN2023bhav.csv.zip,SUCCESS,200,686787,9bd2596936a2851a723254a8d1e04ff53649e3322815406a2af44db872f4cb70,
2023-07-28,legacy,https://nsearchives.nseindia.com/content/historical/DERIVATIVES/2023/JUL/fo28JUL2023bhav.csv.zip,SUCCESS,200,653415,6ec0f68686786da1d03e7c03ad3cd6b05029a07d1c5bf00dfce842c3dd22e81f,
2023-07-05,legacy,https://nsearchives.nseindia.com/content/historical/DERIVATIVES/2023/JUL/fo05JUL2023bhav.csv.zip,SUCCESS,200,674538,8f34aec0c71d6aa8ea36fbe1a82deb8304a6c809d06ee6a8fec9e114c7e729e8,
2023-07-10,legacy,https://nsearchives.nseindia.com/content/historical/DERIVATIVES/2023/JUL/fo10JUL2023bhav.csv.zip,SUCCESS,200,693779,62d1099edce3d05812f7d092c04fdd59debf35aac49f7710bffc5b354ba399ab,
2023-07-27,legacy,https://nsearchives.nseindia.com/content/historical/DERIVATIVES/2023/JUL/fo27JUL2023bhav.csv.zip,SUCCESS,200,787373,59c81eb92e8b491c5c1ddb0edbcdc63399e01ae2168a1ba8cc40e574b9660629,
2023-06-22,legacy,https://nsearchives.nseindia.com/content/historical/DERIVATIVES/2023/JUN/fo22JUN2023bhav.csv.zip,SUCCESS,200,718550,44a08f26b533336ed4078066d98db526fa9b875cb5ca569ebac15b24a7c7032a,
2023-02-27,legacy,https://nsearchives.nseindia.com/content/historical/DERIVATIVES/2023/FEB/fo27FEB2023bhav.csv.zip,SUCCESS,200,566944,44bfdf24ec7b8abea6f7330b4a147f9fc5140ceacb9595d8a1439dfc0fa1855c,
2023-07-06,legacy,https://nsearchives.nseindia.com/content/historical/DERIVATIVES/2023/JUL/fo06JUL2023bhav.csv.zip,SUCCESS,200,685556,f8fd6850b1db10081da30b8e66cb0351ba1c6272dfcaf4d25b8c3a4b6dec8351,
2023-06-07,legacy,https://nsearchives.nseindia.com/content/historical/DERIVATIVES/2023/JUN/fo07JUN2023bhav.csv.zip,SUCCESS,200,625949,c70ec9d9acc8c69fb16344d4acd9142915179ef31168bdbc77672ed6fed43458,
2023-07-25,legacy,https://nsearchives.nseindia.com/content/historical/DERIVATIVES/2023/JUL/fo25JUL2023bhav.csv.zip,SUCCESS,200,779096,6eee9f80ca988828ca5171ee3c1170f3623b05d76649dc9d47a9591e00d22a72,
2023-08-09,legacy,https://nsearchives.nseindia.com/content/historical/DERIVATIVES/2023/AUG/fo09AUG2023bhav.csv.zip,SUCCESS,200,706672,7893b2d4e6020c97be722a43212af10b4d7118447582f2c33245e838884d72c4,
2023-08-02,legacy,https://nsearchives.nseindia.com/content/historical/DERIVATIVES/2023/AUG/fo02AUG2023bhav.csv.zip,SUCCESS,200,688635,ad12974feaf83140ed147faff8f835bb09440dfe0a3824f5ce01f398c319794d,
2023-08-07,legacy,https://nsearchives.nseindia.com/content/historical/DERIVATIVES/2023/AUG/fo07AUG2023bhav.csv.zip,SUCCESS,200,695995,1ef541c38464778ec642ab25da10a6dc4de065ed4887a944e1081236862edf1e,
2023-07-13,legacy,https://nsearchives.nseindia.com/content/historical/DERIVATIVES/2023/JUL/fo13JUL2023bhav.csv.zip,SUCCESS,200,707243,c5c9c782ec1b5dbe205485fc9dbeeb1afc2844c9b4c404dc17e3cdb58126ecc7,
2023-04-18,legacy,https://nsearchives.nseindia.com/content/historical/DERIVATIVES/2023/APR/fo18APR2023bhav.csv.zip,SUCCESS,200,649930,517325d59f4ae0e4cd3293d1f40fc6c8866df551b9156425996cdc375d0cbbc5,
2023-07-24,legacy,https://nsearchives.nseindia.com/content/historical/DERIVATIVES/2023/JUL/fo24JUL2023bhav.csv.zip,SUCCESS,200,771663,5cf3209303cde2f0d20cc0f3aa40c57a8d451ed56346b4ebc8ec5f48cffe25ac,
2023-08-14,legacy,https://nsearchives.nseindia.com/content/historical/DERIVATIVES/2023/AUG/fo14AUG2023bhav.csv.zip,SUCCESS,200,720413,366381d237b67d5d1ed44c2aa3a115acc431d4649c8f89a26ea3342498c14b63,
2023-08-08,legacy,https://nsearchives.nseindia.com/content/historical/DERIVATIVES/2023/AUG/fo08AUG2023bhav.csv.zip,SUCCESS,200,702856,d6e72df45db2a4a4a8a4bd31d6392e2e91d375f22e22cc8e34be57c419f73300,
2023-08-11,legacy,https://nsearchives.nseindia.com/content/historical/DERIVATIVES/2023/AUG/fo11AUG2023bhav.csv.zip,SUCCESS,200,713493,ae7df189bec91da401579df1a3bd33b76710488731a1fb64aa6cc6f37e1a02a1,
2023-08-04,legacy,https://nsearchives.nseindia.com/content/historical/DERIVATIVES/2023/AUG/fo04AUG2023bhav.csv.zip,SUCCESS,200,692992,4ab95e8bf58a59c61b2c0c3de2a3e7fdb13c0a9596cec4ba73a9100c71453dbd,
2023-07-31,legacy,https://nsearchives.nseindia.com/content/historical/DERIVATIVES/2023/JUL/fo31JUL2023bhav.csv.zip,SUCCESS,200,664501,1cbf259c6224a7b7776f27875b0401e981560d7e762f53afe27e83eb00158ff6,
2023-08-10,legacy,https://nsearchives.nseindia.com/content/historical/DERIVATIVES/2023/AUG/fo10AUG2023bhav.csv.zip,SUCCESS,200,715338,8eb11902bb94f61dfd3f9f19ace37ba09c8bd66fb8c992aa64dec2de44c005f3,
2023-08-18,legacy,https://nsearchives.nseindia.com/content/historical/DERIVATIVES/2023/AUG/fo18AUG2023bhav.csv.zip,SUCCESS,200,725940,48462139967809a152c9f8e7edd761b832347846fe61589b70e673a9a0b799ea,
2023-07-26,legacy,https://nsearchives.nseindia.com/content/historical/DERIVATIVES/2023/JUL/fo26JUL2023bhav.csv.zip,SUCCESS,200,785126,fbef670290a822f704295f66fec85c34bc10ae2ba2a65252e9a05555712d2cfe,
2023-08-31,legacy,https://nsearchives.nseindia.com/content/historical/DERIVATIVES/2023/AUG/fo31AUG2023bhav.csv.zip,SUCCESS,200,758158,813f33f9f92024ff3b3453fb4830aace94944ecba8284a75c583c4e98c834dc3,
2023-08-22,legacy,https://nsearchives.nseindia.com/content/historical/DERIVATIVES/2023/AUG/fo22AUG2023bhav.csv.zip,SUCCESS,200,730520,37d47e47ef5a0775242231b3c5c39c4f6156e32d08c44dcd1669dd9c0f28ebd3,
2023-09-07,legacy,https://nsearchives.nseindia.com/content/historical/DERIVATIVES/2023/SEP/fo07SEP2023bhav.csv.zip,SUCCESS,200,666013,6ac1d26ea4525730923fc8b15d9b4650719453dcc30f459e986c8abd485437f8,
2023-07-21,legacy,https://nsearchives.nseindia.com/content/historical/DERIVATIVES/2023/JUL/fo21JUL2023bhav.csv.zip,SUCCESS,200,755250,b3482c7ac6409adc411f4fd895d6f5199f23cffbca6d234a042aa30f222ccf8d,
2023-09-01,legacy,https://nsearchives.nseindia.com/content/historical/DERIVATIVES/2023/SEP/fo01SEP2023bhav.csv.zip,SUCCESS,200,629266,f6663690f57f91db0ba62cb1563d0a1943c30359afc6ed1660a2f2c86a22aa20,
2023-09-18,legacy,https://nsearchives.nseindia.com/content/historical/DERIVATIVES/2023/SEP/fo18SEP2023bhav.csv.zip,SUCCESS,200,717650,cae7c3cf292de22e6c3771e1b4099c23dbe9dde0240429806ffbcbb542da530a,
2023-06-28,legacy,https://nsearchives.nseindia.com/content/historical/DERIVATIVES/2023/JUN/fo28JUN2023bhav.csv.zip,SUCCESS,200,725075,e7004778f53d2c355e8edbdb47b9db45d298e4fe9d692b0a82e44cad70f1ef02,
2023-08-24,legacy,https://nsearchives.nseindia.com/content/historical/DERIVATIVES/2023/AUG/fo24AUG2023bhav.csv.zip,SUCCESS,200,748337,d741783ca3b64a9e5258ac9ead8e37cff55788500d0f0258d21a45648ca76d56,
2023-09-25,legacy,https://nsearchives.nseindia.com/content/historical/DERIVATIVES/2023/SEP/fo25SEP2023bhav.csv.zip,SUCCESS,200,751199,e39c2258caff241fad3342d1e9d8ab552ab74726741d28d976408264fa5a183f,
2023-04-17,legacy,https://nsearchives.nseindia.com/content/historical/DERIVATIVES/2023/APR/fo17APR2023bhav.csv.zip,SUCCESS,200,639949,e3dfecfe12f6a5e3aad046e0a5a7ceca99cdfac60704301dba21aaafe1bab390,
2023-08-23,legacy,https://nsearchives.nseindia.com/content/historical/DERIVATIVES/2023/AUG/fo23AUG2023bhav.csv.zip,SUCCESS,200,738453,9941656268e0bb87a72419c6e2f91c1050e9f833f1ec0bd95368d5d9d44ef2b4,
2023-08-29,legacy,https://nsearchives.nseindia.com/content/historical/DERIVATIVES/2023/AUG/fo29AUG2023bhav.csv.zip,SUCCESS,200,758564,69d427ec1d85a4e3e60bbab76c54841e281ff9cd97a6318df6bfae0c8ad4f1ca,
2023-08-25,legacy,https://nsearchives.nseindia.com/content/historical/DERIVATIVES/2023/AUG/fo25AUG2023bhav.csv.zip,SUCCESS,200,752617,7c5784396b4e1d9d95f563b8f7a0de902bb9175eea1c4f0fa6a1db136dfa99ef,
2023-08-30,legacy,https://nsearchives.nseindia.com/content/historical/DERIVATIVES/2023/AUG/fo30AUG2023bhav.csv.zip,SUCCESS,200,763858,2da922dcb065f18cda7e3bbea2c2fe97dbf15f7adf6c19477d59b68344deaf4e,
2023-09-14,legacy,https://nsearchives.nseindia.com/content/historical/DERIVATIVES/2023/SEP/fo14SEP2023bhav.csv.zip,SUCCESS,200,707878,1eb6af8d3db0b0e43b984c51fec79124150f7bb755c3524be00206b8282cb541,
2023-09-08,legacy,https://nsearchives.nseindia.com/content/historical/DERIVATIVES/2023/SEP/fo08SEP2023bhav.csv.zip,SUCCESS,200,677066,80633a57f0e6accb3b35e7d89c2e170f91029734cdf03167380635789aa5c78f,
2023-08-03,legacy,https://nsearchives.nseindia.com/content/historical/DERIVATIVES/2023/AUG/fo03AUG2023bhav.csv.zip,SUCCESS,200,690830,d6974d8460919ee1e2c68135bd86c2e81da507d997114e41424880d317fdcda8,
2023-09-29,legacy,https://nsearchives.nseindia.com/content/historical/DERIVATIVES/2023/SEP/fo29SEP2023bhav.csv.zip,SUCCESS,200,652277,9de569e6dc6a74267f46c8b8094ce1c680a3e3f198589a6c8ae8f3372a388bbd,
2023-10-11,legacy,https://nsearchives.nseindia.com/content/historical/DERIVATIVES/2023/OCT/fo11OCT2023bhav.csv.zip,SUCCESS,200,686702,22acd2e448e7440224d6e3b7d2f796d19a6872d6cd53596a0378b90136d30b4f,
2023-10-10,legacy,https://nsearchives.nseindia.com/content/historical/DERIVATIVES/2023/OCT/fo10OCT2023bhav.csv.zip,SUCCESS,200,681750,1e836088c67c35ff31fe4a8c8fae1ff0dd58e4e48399c5b5955205995e381979,
2023-10-04,legacy,https://nsearchives.nseindia.com/content/historical/DERIVATIVES/2023/OCT/fo04OCT2023bhav.csv.zip,SUCCESS,200,672079,8e050cb82382a5037b0d186684e62fe913daac8bb32bae174797ea30ffb5cc2c,
2023-09-04,legacy,https://nsearchives.nseindia.com/content/historical/DERIVATIVES/2023/SEP/fo04SEP2023bhav.csv.zip,SUCCESS,200,644667,32224d54c0d97682f9a725f243d3ab2ade2a8ab2aa8c344e48d87a236b04ca0e,
2023-09-12,legacy,https://nsearchives.nseindia.com/content/historical/DERIVATIVES/2023/SEP/fo12SEP2023bhav.csv.zip,SUCCESS,200,706030,f1582be65fce3a34ce858631b408b4ac9a54b089afa212006e2bc2a50f3d155a,
2023-09-27,legacy,https://nsearchives.nseindia.com/content/historical/DERIVATIVES/2023/SEP/fo27SEP2023bhav.csv.zip,SUCCESS,200,760184,0e3f9854216c1da0eb270acc6c4cbadb15ab03ef20ac458cd987f591205d0b55,
2023-08-01,legacy,https://nsearchives.nseindia.com/content/historical/DERIVATIVES/2023/AUG/fo01AUG2023bhav.csv.zip,SUCCESS,200,675233,95136d3879630d20d9b4fce01d80e1da5d245eb92efc3ad1635a6101fcbd7129,
2023-09-26,legacy,https://nsearchives.nseindia.com/content/historical/DERIVATIVES/2023/SEP/fo26SEP2023bhav.csv.zip,SUCCESS,200,753284,b6ef2e7fba8640304ced81b196e46aa3bcf23d59d06c0b0a5b5ae4f006becdd4,
2023-09-20,legacy,https://nsearchives.nseindia.com/content/historical/DERIVATIVES/2023/SEP/fo20SEP2023bhav.csv.zip,SUCCESS,200,723922,57d16d4cf64c41d89a1ded687ec8f6678125e838ef1116c5f4a501ace6f969df,
2023-09-06,legacy,https://nsearchives.nseindia.com/content/historical/DERIVATIVES/2023/SEP/fo06SEP2023bhav.csv.zip,SUCCESS,200,659942,3bb325d8145213f80b1be0b55a64bc03c6e88014a13c37f276a095369cffcba6,
2023-08-17,legacy,https://nsearchives.nseindia.com/content/historical/DERIVATIVES/2023/AUG/fo17AUG2023bhav.csv.zip,SUCCESS,200,721131,adb4a6a0922e161b2ff0b5c35eed1afb42c86fc01668050257312c45a9f55d04,
2023-10-16,legacy,https://nsearchives.nseindia.com/content/historical/DERIVATIVES/2023/OCT/fo16OCT2023bhav.csv.zip,SUCCESS,200,695496,ac11caea0996420403b56f9c8a1e2b6a98442645fa7436e1a6a6383068621c59,
2023-10-25,legacy,https://nsearchives.nseindia.com/content/historical/DERIVATIVES/2023/OCT/fo25OCT2023bhav.csv.zip,SUCCESS,200,770341,16233531a9f61e4f0e270132895e0a18db90f4252fff051266483038cb930ddf,
2023-08-16,legacy,https://nsearchives.nseindia.com/content/historical/DERIVATIVES/2023/AUG/fo16AUG2023bhav.csv.zip,SUCCESS,200,721438,3c2411e52a62c8bccd1b2899dbdda0ac4ec700376aae0c80689eb2bf09d79803,
2023-07-19,legacy,https://nsearchives.nseindia.com/content/historical/DERIVATIVES/2023/JUL/fo19JUL2023bhav.csv.zip,ERROR,0,0,,"HTTPSConnectionPool(host='nsearchives.nseindia.com', port=443): Read timed out. (read timeout=15)"
2023-10-17,legacy,https://nsearchives.nseindia.com/content/historical/DERIVATIVES/2023/OCT/fo17OCT2023bhav.csv.zip,SUCCESS,200,701433,76fb7c82d7159ef19776ecfc75a22cf90e83ccde9fca42f2aa1b68165a4d5925,
2023-10-19,legacy,https://nsearchives.nseindia.com/content/historical/DERIVATIVES/2023/OCT/fo19OCT2023bhav.csv.zip,SUCCESS,200,717753,7bd21b2d9ff319a0557c54ddcca6b940a2ce888b6337bc5d8b98e5772b165a50,
2023-10-27,legacy,https://nsearchives.nseindia.com/content/historical/DERIVATIVES/2023/OCT/fo27OCT2023bhav.csv.zip,SUCCESS,200,643725,d300fba0daf1fb5f9e017603fdd8e65000b2555a5569246b25added55f59e9e2,
2023-09-22,legacy,https://nsearchives.nseindia.com/content/historical/DERIVATIVES/2023/SEP/fo22SEP2023bhav.csv.zip,SUCCESS,200,741284,dd882b25155061ce48418d690a680137bb95bee9e1c115329a237382c068c1d2,
2023-10-20,legacy,https://nsearchives.nseindia.com/content/historical/DERIVATIVES/2023/OCT/fo20OCT2023bhav.csv.zip,SUCCESS,200,730238,25997f733198de20dd8dca727c164b4fa24137bc33d6523d0de3eab5a4c123bf,
2023-10-18,legacy,https://nsearchives.nseindia.com/content/historical/DERIVATIVES/2023/OCT/fo18OCT2023bhav.csv.zip,SUCCESS,200,711313,ad6eeabfc84167930ccb50ea9224aa02349b49d58215a77bcbefdb012c16abb1,
2023-09-13,legacy,https://nsearchives.nseindia.com/content/historical/DERIVATIVES/2023/SEP/fo13SEP2023bhav.csv.zip,SUCCESS,200,705843,0acdb1b950eb1080568ec3183b7eedc237eb161390d569833326cc961c593922,
2023-10-23,legacy,https://nsearchives.nseindia.com/content/historical/DERIVATIVES/2023/OCT/fo23OCT2023bhav.csv.zip,SUCCESS,200,756452,b64caa4e7731da7eac415d1fe8e058fb5a8b9989a7b2a3c1bbcfaa13d80f61fe,
2023-10-12,legacy,https://nsearchives.nseindia.com/content/historical/DERIVATIVES/2023/OCT/fo12OCT2023bhav.csv.zip,SUCCESS,200,687587,b45476d0cf8cc0915d8a8231828168111831305f117877596bcf0ccbad26fece,
2023-08-28,legacy,https://nsearchives.nseindia.com/content/historical/DERIVATIVES/2023/AUG/fo28AUG2023bhav.csv.zip,SUCCESS,200,754987,2848f4dd893d42b3ddc0ddcaa43e51ab153635c7eff538a2d1f75172c11ac59d,
2023-10-09,legacy,https://nsearchives.nseindia.com/content/historical/DERIVATIVES/2023/OCT/fo09OCT2023bhav.csv.zip,SUCCESS,200,679740,f3c753e4c40fb236285fa4e7ef695158f3214e4229fe67ad56ee857bd21b8c09,
2023-11-03,legacy,https://nsearchives.nseindia.com/content/historical/DERIVATIVES/2023/NOV/fo03NOV2023bhav.csv.zip,SUCCESS,200,673624,9ab5aae2d3012322bb745dffa056d874f17ec2e5793fa575bc065fd8493e39e6,
2023-11-02,legacy,https://nsearchives.nseindia.com/content/historical/DERIVATIVES/2023/NOV/fo02NOV2023bhav.csv.zip,SUCCESS,200,668896,42e9c257f152ad1c3b7392bbad77786fa1cfbb96bde0c2fb7d540a7894f26085,
2023-11-09,legacy,https://nsearchives.nseindia.com/content/historical/DERIVATIVES/2023/NOV/fo09NOV2023bhav.csv.zip,SUCCESS,200,696860,8dcf21f1bbea820edcde2237332d094cd68946322428704e7bc87bcfd3ca953b,
2023-09-21,legacy,https://nsearchives.nseindia.com/content/historical/DERIVATIVES/2023/SEP/fo21SEP2023bhav.csv.zip,SUCCESS,200,733254,f4708f8326987e14a31ebdb50b48ac6bf4a70d74bcb6ee06d26aea8a2553f03a,
2023-10-06,legacy,https://nsearchives.nseindia.com/content/historical/DERIVATIVES/2023/OCT/fo06OCT2023bhav.csv.zip,SUCCESS,200,671135,50be1bb67f8a8b2be75d76787e8629ebd791b5490a71b677a5a26efd31ea6f1b,
2023-10-05,legacy,https://nsearchives.nseindia.com/content/historical/DERIVATIVES/2023/OCT/fo05OCT2023bhav.csv.zip,SUCCESS,200,670584,863003cd3f33f6f2d20f1a5a4c47979171dae8a5a201cf110ad7c4ca8d0c0c3c,
2023-11-10,legacy,https://nsearchives.nseindia.com/content/historical/DERIVATIVES/2023/NOV/fo10NOV2023bhav.csv.zip,SUCCESS,200,697210,8b6078006136bfbba9b87226f5dc7e2f1b38c444a650c5b876447a29247db986,
2023-10-13,legacy,https://nsearchives.nseindia.com/content/historical/DERIVATIVES/2023/OCT/fo13OCT2023bhav.csv.zip,SUCCESS,200,693951,126254bd11fd5408fb7538830d3c679f4cb5af1593029ebc3b546a6e9dad23d9,
2023-10-31,legacy,https://nsearchives.nseindia.com/content/historical/DERIVATIVES/2023/OCT/fo31OCT2023bhav.csv.zip,SUCCESS,200,657937,03c13bb7847ccf617fd7b897f301db90b6718498da8aa6f6627605290553fc52,
2023-11-21,legacy,https://nsearchives.nseindia.com/content/historical/DERIVATIVES/2023/NOV/fo21NOV2023bhav.csv.zip,SUCCESS,200,740414,d6cd8dc6ef60f09f33a763eaf3b7ab5bdacc5e1b0a365261456f000107e56633,
2023-11-06,legacy,https://nsearchives.nseindia.com/content/historical/DERIVATIVES/2023/NOV/fo06NOV2023bhav.csv.zip,SUCCESS,200,680830,bc33c5b49bdcc18019b9ed72a2e007426dcb2626d6cc705fec252a728c28ca57,
2023-11-04,legacy,https://nsearchives.nseindia.com/content/historical/DERIVATIVES/2023/NOV/fo04NOV2023bhav.csv.zip,FAILED,404,0,,HTTP 404
2023-10-03,legacy,https://nsearchives.nseindia.com/content/historical/DERIVATIVES/2023/OCT/fo03OCT2023bhav.csv.zip,SUCCESS,200,655729,5695510805144b7abf21fe5ae8a0c3598679896d61d5e674c97988a1c1810e4c,
2023-11-20,legacy,https://nsearchives.nseindia.com/content/historical/DERIVATIVES/2023/NOV/fo20NOV2023bhav.csv.zip,SUCCESS,200,739339,7e9d6b1637331ca31fc81c0001631b9c8097567ced91a35ea0b856b094249de3,
2023-11-17,legacy,https://nsearchives.nseindia.com/content/historical/DERIVATIVES/2023/NOV/fo17NOV2023bhav.csv.zip,SUCCESS,200,736115,1949cf771d0fa171569cd2364ee58997c737b45b87c8f00fde2bcab29ec515d6,
2023-11-15,legacy,https://nsearchives.nseindia.com/content/historical/DERIVATIVES/2023/NOV/fo15NOV2023bhav.csv.zip,SUCCESS,200,722443,aa22c2b4fe1e1e2a52c2f09848d76b37337084a3c73ef72f009e25ba718fa423,
2023-09-05,legacy,https://nsearchives.nseindia.com/content/historical/DERIVATIVES/2023/SEP/fo05SEP2023bhav.csv.zip,SUCCESS,200,654199,e856ae0131d64aaeb8b3889b22df634eafc31dd74dbf47f99d92604e09173c22,
2023-11-22,legacy,https://nsearchives.nseindia.com/content/historical/DERIVATIVES/2023/NOV/fo22NOV2023bhav.csv.zip,SUCCESS,200,753098,a0ebb19a64ba59e983f99294d3ff55fa1cfea677b0aa9232513f55258c556333,
2023-09-15,legacy,https://nsearchives.nseindia.com/content/historical/DERIVATIVES/2023/SEP/fo15SEP2023bhav.csv.zip,SUCCESS,200,710725,473cd20b7c5b5e24a59dcbb2acf5d5c194885a45092bdd1fbc75e83231102d08,
2023-11-23,legacy,https://nsearchives.nseindia.com/content/historical/DERIVATIVES/2023/NOV/fo23NOV2023bhav.csv.zip,SUCCESS,200,755187,3b863f04d5ce2ac4ea730567807b9f08d6b8d5bcfc7b53e5c9278275a43ff64b,
2023-12-04,legacy,https://nsearchives.nseindia.com/content/historical/DERIVATIVES/2023/DEC/fo04DEC2023bhav.csv.zip,SUCCESS,200,691695,6c81a3d6fb06395abfe15320b4e8acf1b878bd7757a6ceee855cff0c340b6bca,
2023-12-06,legacy,https://nsearchives.nseindia.com/content/historical/DERIVATIVES/2023/DEC/fo06DEC2023bhav.csv.zip,SUCCESS,200,723968,5f0bf8d77c46750b84d7865812371af8a9ac36093744a92ae9ad144833902f28,
2023-11-08,legacy,https://nsearchives.nseindia.com/content/historical/DERIVATIVES/2023/NOV/fo08NOV2023bhav.csv.zip,SUCCESS,200,693655,75d8f0d2fe7b65fca401ae6d3bae9a90e57aaa173f68aa5cfc03e05593d24702,
2023-12-07,legacy,https://nsearchives.nseindia.com/content/historical/DERIVATIVES/2023/DEC/fo07DEC2023bhav.csv.zip,SUCCESS,200,730457,03d3b1cf2421fd61ca7cf752708e715362f4d2ec7595e82c0ace927968fb0ea6,
2023-11-28,legacy,https://nsearchives.nseindia.com/content/historical/DERIVATIVES/2023/NOV/fo28NOV2023bhav.csv.zip,SUCCESS,200,779176,486edc5e42d7a1b14fa9d5c7d7548769eec14ed49a6eb007c18891684310e612,
2023-12-15,legacy,https://nsearchives.nseindia.com/content/historical/DERIVATIVES/2023/DEC/fo15DEC2023bhav.csv.zip,SUCCESS,200,786134,9ac996289092b862c66d88678d60e2a070160ae5176429854b464f11da0c68bc,
2023-12-13,legacy,https://nsearchives.nseindia.com/content/historical/DERIVATIVES/2023/DEC/fo13DEC2023bhav.csv.zip,SUCCESS,200,755468,ded9dd06d8558778d5c1e26dc58893cf427a8ea4da6b696ca1ebd4fc12436733,
2023-10-26,legacy,https://nsearchives.nseindia.com/content/historical/DERIVATIVES/2023/OCT/fo26OCT2023bhav.csv.zip,SUCCESS,200,764960,af4369ecd4558ba35dd329c5f74cefdf617ca5356cdb3d55209c8c268a937a0d,
2023-11-07,legacy,https://nsearchives.nseindia.com/content/historical/DERIVATIVES/2023/NOV/fo07NOV2023bhav.csv.zip,SUCCESS,200,688275,a75228042aa312de58374630e5461b1394957087c6fec13704935405ded6493a,
2023-12-08,legacy,https://nsearchives.nseindia.com/content/historical/DERIVATIVES/2023/DEC/fo08DEC2023bhav.csv.zip,SUCCESS,200,737379,01d5335504d532607daf8297dbce7e467d84ac96ae12e0f7ccd0e2420a00bbf2,
2023-09-28,legacy,https://nsearchives.nseindia.com/content/historical/DERIVATIVES/2023/SEP/fo28SEP2023bhav.csv.zip,SUCCESS,200,753189,af45d8fec9fa817fd8e8d14d5789d4101de4a1ddf38d2bcb2e9deda75f32710f,
2023-09-11,legacy,https://nsearchives.nseindia.com/content/historical/DERIVATIVES/2023/SEP/fo11SEP2023bhav.csv.zip,SUCCESS,200,686366,5c972b8c52955f5e472fb81224ee23936ef9a02ec322a52dfc966247aa7b1ac4,
2023-11-16,legacy,https://nsearchives.nseindia.com/content/historical/DERIVATIVES/2023/NOV/fo16NOV2023bhav.csv.zip,SUCCESS,200,728689,4ccb261457bc0be24fc96450179f7a2fab6780ad1e843c722858549c2113b2d1,
2023-12-20,legacy,https://nsearchives.nseindia.com/content/historical/DERIVATIVES/2023/DEC/fo20DEC2023bhav.csv.zip,SUCCESS,200,837499,5c39cea0b62b0e62a71cbff71d0785ca5266ff7075c9d4a9f3a0c994111d4c64,
2023-12-21,legacy,https://nsearchives.nseindia.com/content/historical/DERIVATIVES/2023/DEC/fo21DEC2023bhav.csv.zip,SUCCESS,200,832221,4e93ad23014682e0ff4ad2247e8c9d004a91c6c8ee440a461c076064f46c0565,
2023-12-01,legacy,https://nsearchives.nseindia.com/content/historical/DERIVATIVES/2023/DEC/fo01DEC2023bhav.csv.zip,SUCCESS,200,658740,cac5b3ed734059dec53d42fb5f805cfe8c412a665406256b5d8840a4fe216f41,
2023-12-05,legacy,https://nsearchives.nseindia.com/content/historical/DERIVATIVES/2023/DEC/fo05DEC2023bhav.csv.zip,SUCCESS,200,711753,c247681e96224451000e0e0a99187c7d74f2800531911625b267fb375a4ca11e,
2023-12-14,legacy,https://nsearchives.nseindia.com/content/historical/DERIVATIVES/2023/DEC/fo14DEC2023bhav.csv.zip,SUCCESS,200,768137,10cab81e0b0e00aa477df6f59a3600f0ff0ad17ab4c10f0e53c62be750d112f9,
2024-01-04,legacy,https://nsearchives.nseindia.com/content/historical/DERIVATIVES/2024/JAN/fo04JAN2024bhav.csv.zip,SUCCESS,200,752741,94ceb216237bac1e99e7ba9b32de545892e08f64c8ca98ec2cddced98e62e882,
2023-12-19,legacy,https://nsearchives.nseindia.com/content/historical/DERIVATIVES/2023/DEC/fo19DEC2023bhav.csv.zip,SUCCESS,200,811355,399cbd7845a93687d2602d365cb24ec3f35f2ae125fd5bbb73fdb7a4298309ad,
2023-12-26,legacy,https://nsearchives.nseindia.com/content/historical/DERIVATIVES/2023/DEC/fo26DEC2023bhav.csv.zip,SUCCESS,200,850283,f035249734c715cdd837b153f7e41226d8751b1cb71a54acca763b0a44a80c95,
2024-01-10,legacy,https://nsearchives.nseindia.com/content/historical/DERIVATIVES/2024/JAN/fo10JAN2024bhav.csv.zip,SUCCESS,200,780056,1e58e6121010b3b3cd61a3ad5c219f6692f460e2e4d344dbd1f421ba42a9e42d,
2023-12-18,legacy,https://nsearchives.nseindia.com/content/historical/DERIVATIVES/2023/DEC/fo18DEC2023bhav.csv.zip,SUCCESS,200,802991,c1d5d600744c98717ad8c43c8b76dd868df5ac3ae2704f50898763b1ccfcc738,
2024-01-16,legacy,https://nsearchives.nseindia.com/content/historical/DERIVATIVES/2024/JAN/fo16JAN2024bhav.csv.zip,SUCCESS,200,815693,d063da783d60619407d3bbf7fa8a65a0ed0624175f709494d92bfcd1552cfb8d,
2023-12-28,legacy,https://nsearchives.nseindia.com/content/historical/DERIVATIVES/2023/DEC/fo28DEC2023bhav.csv.zip,SUCCESS,200,854874,a524faab7ec69ed2041816b19251287e42bb23f43a426c5d36ceeb06cbcc49bf,
2023-12-29,legacy,https://nsearchives.nseindia.com/content/historical/DERIVATIVES/2023/DEC/fo29DEC2023bhav.csv.zip,SUCCESS,200,714769,7bbba9691188b781e8e92e21debfe62e553ddc9b8baab0337c44464b336d89f2,
2023-12-22,legacy,https://nsearchives.nseindia.com/content/historical/DERIVATIVES/2023/DEC/fo22DEC2023bhav.csv.zip,SUCCESS,200,838917,e9aeb9f0d38102e253d22872fac2a364dd8e0e97a8a76caf971a0256f14f4fdc,
2024-01-11,legacy,https://nsearchives.nseindia.com/content/historical/DERIVATIVES/2024/JAN/fo11JAN2024bhav.csv.zip,SUCCESS,200,785757,9ee6f3efafdd4ebc10477da217b60841ffa2765c77dbf6bc998a5349c51ab350,
2023-12-11,legacy,https://nsearchives.nseindia.com/content/historical/DERIVATIVES/2023/DEC/fo11DEC2023bhav.csv.zip,SUCCESS,200,740287,cf9a4eea71d008f6b020aea2519315abe0b47f0938425af8b6e84cd00022ef52,
2024-01-17,legacy,https://nsearchives.nseindia.com/content/historical/DERIVATIVES/2024/JAN/fo17JAN2024bhav.csv.zip,SUCCESS,200,831974,8270b1ebd95b4ec747b9524168c9cda9a5b482bc7a877c2713e5e85d0b2d6570,
2024-01-05,legacy,https://nsearchives.nseindia.com/content/historical/DERIVATIVES/2024/JAN/fo05JAN2024bhav.csv.zip,SUCCESS,200,762634,dae55ec1c282eefe4bbda364874918bb79e1b841cc2f137ba09c3eba9cbae8d1,
2024-01-02,legacy,https://nsearchives.nseindia.com/content/historical/DERIVATIVES/2024/JAN/fo02JAN2024bhav.csv.zip,SUCCESS,200,741742,2845d7c7edf78369cca1e11e8acdb7da2785114432833188c90a9b79e0a64110,
2023-12-27,legacy,https://nsearchives.nseindia.com/content/historical/DERIVATIVES/2023/DEC/fo27DEC2023bhav.csv.zip,SUCCESS,200,857646,0e7ce41f902390b42f7e42383e03702e3b78d8816e54bfdba90356b344b16e72,
2024-01-31,legacy,https://nsearchives.nseindia.com/content/historical/DERIVATIVES/2024/JAN/fo31JAN2024bhav.csv.zip,SUCCESS,200,668175,ff75ad427eee5825d07bd9254275be4d391313128fe2e3ecaa8a848f73ba1ad8,
2024-01-24,legacy,https://nsearchives.nseindia.com/content/historical/DERIVATIVES/2024/JAN/fo24JAN2024bhav.csv.zip,SUCCESS,200,908524,1f316326b0f25057954dbc86b257b9ef4ad5551f03b521fc2f054ad61dbf5241,
2023-08-21,legacy,https://nsearchives.nseindia.com/content/historical/DERIVATIVES/2023/AUG/fo21AUG2023bhav.csv.zip,SUCCESS,200,725731,b76b1d582f2b654a2a1e34e3574ba50d26ab0143eb17e8470ebf1dea6e88f085,
2024-02-01,legacy,https://nsearchives.nseindia.com/content/historical/DERIVATIVES/2024/FEB/fo01FEB2024bhav.csv.zip,SUCCESS,200,677275,0511a7c0ccbd8b6c26128f3fc2e9349f640f33384b77b072e73e36f5b5ccbc7f,
2023-11-29,legacy,https://nsearchives.nseindia.com/content/historical/DERIVATIVES/2023/NOV/fo29NOV2023bhav.csv.zip,SUCCESS,200,793533,b458b2d90d5ea03770ddf7515254ecfa1cf53d1394bd61d5d1706a6a5329669e,
2024-01-29,legacy,https://nsearchives.nseindia.com/content/historical/DERIVATIVES/2024/JAN/fo29JAN2024bhav.csv.zip,SUCCESS,200,652457,ca97a8289bd2b1147e4b46f4a8522193f7299e3b2f865ac711a7fc1adab20798,
2023-12-12,legacy,https://nsearchives.nseindia.com/content/historical/DERIVATIVES/2023/DEC/fo12DEC2023bhav.csv.zip,SUCCESS,200,746998,98bb74b6fb48f99225e2915eaf113f5c799970d4eb00450401ba5330b870c51c,
2024-01-08,legacy,https://nsearchives.nseindia.com/content/historical/DERIVATIVES/2024/JAN/fo08JAN2024bhav.csv.zip,SUCCESS,200,770704,da4495fcea950520f0583974ea017e0edfb3689408a6b638df5ab60d892fa018,
2024-02-05,legacy,https://nsearchives.nseindia.com/content/historical/DERIVATIVES/2024/FEB/fo05FEB2024bhav.csv.zip,SUCCESS,200,698085,a4a8ab497cceab3d0c162812a02deb6159837f826dff56be7d6281d647dbc3f3,
2024-01-12,legacy,https://nsearchives.nseindia.com/content/historical/DERIVATIVES/2024/JAN/fo12JAN2024bhav.csv.zip,SUCCESS,200,795927,5f50691b9e23396b852eca5b7f1f49f1c180c2d3a47a7d09f11aa702181d23a7,
2024-02-09,legacy,https://nsearchives.nseindia.com/content/historical/DERIVATIVES/2024/FEB/fo09FEB2024bhav.csv.zip,SUCCESS,200,727395,31effed01aee5997ce84cf88e626c312c6f5cc3047345d0bccdfdeb748dad773,
2024-02-08,legacy,https://nsearchives.nseindia.com/content/historical/DERIVATIVES/2024/FEB/fo08FEB2024bhav.csv.zip,SUCCESS,200,720804,4d68348e8ea5c72ca74ecc374cbcf51cb7f0ad46e6bc3e12b4a7281bd26fe2bd,
2024-02-14,legacy,https://nsearchives.nseindia.com/content/historical/DERIVATIVES/2024/FEB/fo14FEB2024bhav.csv.zip,SUCCESS,200,730276,2fbd3744108f2b9a603654ec920e8e269f10956df32647f375463aaa60a7434d,
2024-01-03,legacy,https://nsearchives.nseindia.com/content/historical/DERIVATIVES/2024/JAN/fo03JAN2024bhav.csv.zip,SUCCESS,200,746106,baf6ae35249ce265e6131b44b235e751f25f40ea40bcbac3afe5b882476e5661,
2024-01-30,legacy,https://nsearchives.nseindia.com/content/historical/DERIVATIVES/2024/JAN/fo30JAN2024bhav.csv.zip,SUCCESS,200,662533,b467adf8fd3ca5b2f22128d0b3244f185d02a896005256a728bb04780ce3586b,
2024-02-16,legacy,https://nsearchives.nseindia.com/content/historical/DERIVATIVES/2024/FEB/fo16FEB2024bhav.csv.zip,SUCCESS,200,742899,93346cc9317c9062eb1733eced4396eb54a51b2ce2456e2a1202538b29c210a1,
2024-02-21,legacy,https://nsearchives.nseindia.com/content/historical/DERIVATIVES/2024/FEB/fo21FEB2024bhav.csv.zip,SUCCESS,200,759886,061c4a454d89409a22c58ee5644d764f6ac34b6780c8938be2e6b8404e79245d,
2024-01-09,legacy,https://nsearchives.nseindia.com/content/historical/DERIVATIVES/2024/JAN/fo09JAN2024bhav.csv.zip,SUCCESS,200,777179,55360382540c2fa8e40fc7a2c0d956109e2b2329716ff1e23bd48834baa4c845,
2024-02-13,legacy,https://nsearchives.nseindia.com/content/historical/DERIVATIVES/2024/FEB/fo13FEB2024bhav.csv.zip,SUCCESS,200,732729,c6e79b561261adedd71f25093edbd5917de134cbfab691922b50f43fc44f3b17,
2023-11-13,legacy,https://nsearchives.nseindia.com/content/historical/DERIVATIVES/2023/NOV/fo13NOV2023bhav.csv.zip,SUCCESS,200,705993,2f5d6786f9bfb67b54f753d26cc05ca67c2be97470831c6181c345a2e3b06504,
2023-11-24,legacy,https://nsearchives.nseindia.com/content/historical/DERIVATIVES/2023/NOV/fo24NOV2023bhav.csv.zip,SUCCESS,200,767867,d949c8d584dde6541b415acf9eb8664bcaf625ea7786a38a65ecd1c07bccb075,
2024-03-04,legacy,https://nsearchives.nseindia.com/content/historical/DERIVATIVES/2024/MAR/fo04MAR2024bhav.csv.zip,SUCCESS,200,504406,8e08df86c6ba7774e8c637075e5528ece392fdeb9c54c96521aa2e92d3d3642f,
2024-02-06,legacy,https://nsearchives.nseindia.com/content/historical/DERIVATIVES/2024/FEB/fo06FEB2024bhav.csv.zip,SUCCESS,200,700615,eac9ccffc9de831a39b33de59cc4e7d5f38d7994597afea061afad9421df4007,
2024-02-22,legacy,https://nsearchives.nseindia.com/content/historical/DERIVATIVES/2024/FEB/fo22FEB2024bhav.csv.zip,SUCCESS,200,760754,b58f92b6c52c7473c679e8ce6a630e3d54cd2c0bee5e052ca613dc88940404ae,
2024-02-20,legacy,https://nsearchives.nseindia.com/content/historical/DERIVATIVES/2024/FEB/fo20FEB2024bhav.csv.zip,SUCCESS,200,750737,8ce0b6f0f1ef12ccb6e2a1ffb4b6a005ddfb6de24beef04c9dcc74710cda8eb2,
2024-03-05,legacy,https://nsearchives.nseindia.com/content/historical/DERIVATIVES/2024/MAR/fo05MAR2024bhav.csv.zip,SUCCESS,200,518650,2c2c2ccf633ceae91f9cc313fe4b633f0db5c3739bd09dcbacc5aab9a3aad782,
2024-02-29,legacy,https://nsearchives.nseindia.com/content/historical/DERIVATIVES/2024/FEB/fo29FEB2024bhav.csv.zip,SUCCESS,200,782959,3fbcec13752a101957bec82855612ec1d26c9349a190cceca19b4708cd715388,
2024-03-11,legacy,https://nsearchives.nseindia.com/content/historical/DERIVATIVES/2024/MAR/fo11MAR2024bhav.csv.zip,SUCCESS,200,546451,fc6102eb6dad2b2925056b3a4e508015b3e3addcb8ba5a6d0a21d262fcdd4393,
2024-01-15,legacy,https://nsearchives.nseindia.com/content/historical/DERIVATIVES/2024/JAN/fo15JAN2024bhav.csv.zip,SUCCESS,200,808447,a44cd0c1c5651503504e7b38a25590b31fea4d38400078b12da31ba03bf1468f,
2024-03-06,legacy,https://nsearchives.nseindia.com/content/historical/DERIVATIVES/2024/MAR/fo06MAR2024bhav.csv.zip,SUCCESS,200,540012,8e138f1fc51908819f3191fb6ba0f05c3033bcf1083c146808067a0522ec6f4a,
2024-02-28,legacy,https://nsearchives.nseindia.com/content/historical/DERIVATIVES/2024/FEB/fo28FEB2024bhav.csv.zip,SUCCESS,200,801087,6e8901e66cc9642dba0733d22465280f4c990024c60d1cbf2a1fb0e0da629e9f,
2024-01-18,legacy,https://nsearchives.nseindia.com/content/historical/DERIVATIVES/2024/JAN/fo18JAN2024bhav.csv.zip,SUCCESS,200,853938,c0755431473e4b40a6a81f6dca3c83cb89bfcf1cc1d4cf70e2c1cdbe25caa41a,
2024-03-07,legacy,https://nsearchives.nseindia.com/content/historical/DERIVATIVES/2024/MAR/fo07MAR2024bhav.csv.zip,SUCCESS,200,541655,86fb8326df9dff9fde9b42479c9497a8a00f91285d1880603eda29ab882b434f,
2024-03-14,legacy,https://nsearchives.nseindia.com/content/historical/DERIVATIVES/2024/MAR/fo14MAR2024bhav.csv.zip,SUCCESS,200,593042,d02246a34968ba8c4e02cd916fb917295820ff96c39b327aced3a624ab11f42d,
2024-03-12,legacy,https://nsearchives.nseindia.com/content/historical/DERIVATIVES/2024/MAR/fo12MAR2024bhav.csv.zip,SUCCESS,200,553438,60290a6dc6ad3d5fc0b81b9f2b94fae5c75ed112e24d6717c195458d2104c8b9,
2024-02-27,legacy,https://nsearchives.nseindia.com/content/historical/DERIVATIVES/2024/FEB/fo27FEB2024bhav.csv.zip,SUCCESS,200,789225,7be68d297f67ce50afbfa8de75399db585b697d10b182684a851cad946232951,
2024-03-20,legacy,https://nsearchives.nseindia.com/content/historical/DERIVATIVES/2024/MAR/fo20MAR2024bhav.csv.zip,SUCCESS,200,616880,f8e7c9a4e0ed44d58497c961c6f789f2c4ea874a2c2b34043a2b93180058b49d,
2024-03-01,legacy,https://nsearchives.nseindia.com/content/historical/DERIVATIVES/2024/MAR/fo01MAR2024bhav.csv.zip,SUCCESS,200,578085,a1d17d2f5b89550f60270d568b3d7da1f8022bed57746e58401d333bf0459658,
2024-03-28,legacy,https://nsearchives.nseindia.com/content/historical/DERIVATIVES/2024/MAR/fo28MAR2024bhav.csv.zip,SUCCESS,200,646789,fa89f380bc92ae8a2c0977296ce3a34cb3908aba46be14624d1e5a67e067339b,
2024-02-19,legacy,https://nsearchives.nseindia.com/content/historical/DERIVATIVES/2024/FEB/fo19FEB2024bhav.csv.zip,SUCCESS,200,745628,41b085c97f3b9084f5ba0fdcfaf41e1a6c17cb6f6053a1e87e5e02980fdfbab4,
2024-02-12,legacy,https://nsearchives.nseindia.com/content/historical/DERIVATIVES/2024/FEB/fo12FEB2024bhav.csv.zip,SUCCESS,200,727822,68ca3bc045e599851877f4197caa45c170d44e0c186ad35a23df7c145d626e68,
2024-03-19,legacy,https://nsearchives.nseindia.com/content/historical/DERIVATIVES/2024/MAR/fo19MAR2024bhav.csv.zip,SUCCESS,200,604751,8a02743115ccea98694164e79d24c942ba5aed457c227d8464c1e56c6a6d2515,
2024-04-04,legacy,https://nsearchives.nseindia.com/content/historical/DERIVATIVES/2024/APR/fo04APR2024bhav.csv.zip,SUCCESS,200,511677,4ef001420a7ede26ca8a00117b96757d0ba82e72999ba57b43ab73277563657d,
2024-02-23,legacy,https://nsearchives.nseindia.com/content/historical/DERIVATIVES/2024/FEB/fo23FEB2024bhav.csv.zip,SUCCESS,200,767677,496fd8b057e11993d0b4372b5fffd9001816248f69c10daa318e219761d71739,
2024-02-07,legacy,https://nsearchives.nseindia.com/content/historical/DERIVATIVES/2024/FEB/fo07FEB2024bhav.csv.zip,SUCCESS,200,710645,a7c5570b4a8070cb67d6ee72a9c0d7dfaeacf22ecac4bd40022c19fe478484aa,
2024-03-21,legacy,https://nsearchives.nseindia.com/content/historical/DERIVATIVES/2024/MAR/fo21MAR2024bhav.csv.zip,SUCCESS,200,622670,7b5c0e0305e1bb68fe8cf0b4a3bae9400a8eb12c27370865d9f1365b9209ff57,
2024-03-13,legacy,https://nsearchives.nseindia.com/content/historical/DERIVATIVES/2024/MAR/fo13MAR2024bhav.csv.zip,SUCCESS,200,590064,f390a200ae24aef0224b8420f6aa29395b4d410d7d26c759285ef7c77dba2318,
2024-04-03,legacy,https://nsearchives.nseindia.com/content/historical/DERIVATIVES/2024/APR/fo03APR2024bhav.csv.zip,SUCCESS,200,501832,60cc5e26463debaa280791abf6911eaa381f53aca5233a55fa762db75fbc1fd9,
2024-04-15,legacy,https://nsearchives.nseindia.com/content/historical/DERIVATIVES/2024/APR/fo15APR2024bhav.csv.zip,SUCCESS,200,574914,f92669f65b7587128d7b1d4653f53fdda450a097743e0d11788fe0b990253793,
2024-02-15,legacy,https://nsearchives.nseindia.com/content/historical/DERIVATIVES/2024/FEB/fo15FEB2024bhav.csv.zip,SUCCESS,200,733203,f9aef969b876c0ef264ef3967d35400b0bdd187b8a033d0d14c7a270b9adebad,
2024-01-19,legacy,https://nsearchives.nseindia.com/content/historical/DERIVATIVES/2024/JAN/fo19JAN2024bhav.csv.zip,SUCCESS,200,853345,2f5318f2d7339bbecb9a412b428eac7debd80a1b591fa664cff20c8b3d413890,
2024-03-18,legacy,https://nsearchives.nseindia.com/content/historical/DERIVATIVES/2024/MAR/fo18MAR2024bhav.csv.zip,SUCCESS,200,599977,1bc556c71d8fbc32ad6dd018f813d7b72365cf59b63be42a79542bf2cdd7cc06,
2024-04-02,legacy,https://nsearchives.nseindia.com/content/historical/DERIVATIVES/2024/APR/fo02APR2024bhav.csv.zip,SUCCESS,200,484774,4da13c67c62981e8c63b9a162797b4680a37bf95bdcfe4a4ccdaf6fb784bd838,
2024-04-09,legacy,https://nsearchives.nseindia.com/content/historical/DERIVATIVES/2024/APR/fo09APR2024bhav.csv.zip,SUCCESS,200,544453,2f7c3e178b475bd0c65c970c2288306db1337b2748f6fef7fc66677e1e4687af,
2024-04-05,legacy,https://nsearchives.nseindia.com/content/historical/DERIVATIVES/2024/APR/fo05APR2024bhav.csv.zip,SUCCESS,200,516100,c72d20a7507db96602154f6e343bedcc644a8d863d66781ce2a4fc65ed50e6cd,
2024-03-27,legacy,https://nsearchives.nseindia.com/content/historical/DERIVATIVES/2024/MAR/fo27MAR2024bhav.csv.zip,SUCCESS,200,654980,b36890f00acca21162e26f400bc72040679dee4376242819892491c23c3abcce,
2024-04-12,legacy,https://nsearchives.nseindia.com/content/historical/DERIVATIVES/2024/APR/fo12APR2024bhav.csv.zip,SUCCESS,200,559189,a6c97e3dd592da412ef95181f1734111bf4c21f6eab666a0004670d3925e6991,
2024-02-02,legacy,https://nsearchives.nseindia.com/content/historical/DERIVATIVES/2024/FEB/fo02FEB2024bhav.csv.zip,SUCCESS,200,687625,969c7e9084f5dc87b2b5c4eaccd207f30bd201d9749b50c53ae5cfbb8bade9e2,
2024-04-18,legacy,https://nsearchives.nseindia.com/content/historical/DERIVATIVES/2024/APR/fo18APR2024bhav.csv.zip,SUCCESS,200,594851,88b93df2088cdcbce164aa628727bea1a32f5570a9fe00405217bd148465572b,
2024-04-08,legacy,https://nsearchives.nseindia.com/content/historical/DERIVATIVES/2024/APR/fo08APR2024bhav.csv.zip,SUCCESS,200,532902,1a34c2ddc727b742bd2b880ccf056ea250ecc8281d541697bab47af6c6e8cda0,
2024-03-22,legacy,https://nsearchives.nseindia.com/content/historical/DERIVATIVES/2024/MAR/fo22MAR2024bhav.csv.zip,SUCCESS,200,634460,6b97af30a22357e33170fc2a9d24622f0dc496d7558997780f9715a519b59c21,
2024-01-23,legacy,https://nsearchives.nseindia.com/content/historical/DERIVATIVES/2024/JAN/fo23JAN2024bhav.csv.zip,SUCCESS,200,900298,47b24f4180a7e29849b6613bde75a2f279aa4b4101bafaf13782299429e71f90,
2024-03-15,legacy,https://nsearchives.nseindia.com/content/historical/DERIVATIVES/2024/MAR/fo15MAR2024bhav.csv.zip,SUCCESS,200,598397,dbf006a3594064dcd42c4504deb954b5ce46bed1c6579cdfd9af8d52a15e4084,
2024-03-26,legacy,https://nsearchives.nseindia.com/content/historical/DERIVATIVES/2024/MAR/fo26MAR2024bhav.csv.zip,SUCCESS,200,645471,bd017b7194c198cfaa266043d4c95c31d9eadd0cf28aaa0e9c2ad63f77e38977,
2024-04-22,legacy,https://nsearchives.nseindia.com/content/historical/DERIVATIVES/2024/APR/fo22APR2024bhav.csv.zip,SUCCESS,200,617125,6532be0d15029fabe52f431006441e22badde533f51c484bc6b0b23a59006644,
2024-04-23,legacy,https://nsearchives.nseindia.com/content/historical/DERIVATIVES/2024/APR/fo23APR2024bhav.csv.zip,SUCCESS,200,624646,8183fffb2b9495c654425ba08d845a473951dd0610f32e14b89dcce3f0420b1e,
2024-04-19,legacy,https://nsearchives.nseindia.com/content/historical/DERIVATIVES/2024/APR/fo19APR2024bhav.csv.zip,SUCCESS,200,605962,cefd633b042e30f2d1ed5788cbbe3539cef17e5fb63566cb2718b8e663bcfcee,
2023-11-01,legacy,https://nsearchives.nseindia.com/content/historical/DERIVATIVES/2023/NOV/fo01NOV2023bhav.csv.zip,ERROR,0,0,,"HTTPSConnectionPool(host='nsearchives.nseindia.com', port=443): Read timed out."
2024-04-16,legacy,https://nsearchives.nseindia.com/content/historical/DERIVATIVES/2024/APR/fo16APR2024bhav.csv.zip,SUCCESS,200,577844,2333ee8ea7b063c5275fc1d9f7508b3a58124d609fa0baf0339c4fcfa556443a,
2024-01-01,legacy,https://nsearchives.nseindia.com/content/historical/DERIVATIVES/2024/JAN/fo01JAN2024bhav.csv.zip,SUCCESS,200,728713,564c0d85171c90805a2ccb019f8b2f584b2b7213f2df9276facb2da7e67f0807,
2024-04-26,legacy,https://nsearchives.nseindia.com/content/historical/DERIVATIVES/2024/APR/fo26APR2024bhav.csv.zip,SUCCESS,200,524512,2b6e45761f4c45c4c7a6603ade53f898979c116bebe628d654fb0680e84cd651,
2024-05-07,legacy,https://nsearchives.nseindia.com/content/historical/DERIVATIVES/2024/MAY/fo07MAY2024bhav.csv.zip,SUCCESS,200,572705,d43068183b80b17abe876bf49c043417b42be4d3cda8aaa8e08fa9be0f898587,
2024-05-08,legacy,https://nsearchives.nseindia.com/content/historical/DERIVATIVES/2024/MAY/fo08MAY2024bhav.csv.zip,SUCCESS,200,577570,1bde3ff107682d958a25ff8ff0769028613daebc361e33508d7f6b5fb8b97f6d,
2024-04-29,legacy,https://nsearchives.nseindia.com/content/historical/DERIVATIVES/2024/APR/fo29APR2024bhav.csv.zip,SUCCESS,200,500321,df5ffde67bfa5f84a933984642506d58d0e1d83d2c280974f8c4d04bd032871d,
2024-05-13,legacy,https://nsearchives.nseindia.com/content/historical/DERIVATIVES/2024/MAY/fo13MAY2024bhav.csv.zip,SUCCESS,200,604553,598f0ad5796b0bff3b320f9fc1e5f052c3ea9dd4f89201eed399a1c2969b3082,
2024-04-30,legacy,https://nsearchives.nseindia.com/content/historical/DERIVATIVES/2024/APR/fo30APR2024bhav.csv.zip,SUCCESS,200,520130,bf308d083157e89f35560023c702dacadf02b20286fcf9a24a5a3c64e497456c,
2024-01-25,legacy,https://nsearchives.nseindia.com/content/historical/DERIVATIVES/2024/JAN/fo25JAN2024bhav.csv.zip,SUCCESS,200,888759,0e26a9469f8ed4a499d95a47be372e83bbd5832998f0e98066c3f953c7584145,
2024-04-10,legacy,https://nsearchives.nseindia.com/content/historical/DERIVATIVES/2024/APR/fo10APR2024bhav.csv.zip,SUCCESS,200,552095,b10f7fdc5ca53a0b91a43b72a045143b2ff4ddda08c97e7344412cc61f487e4d,
2024-05-16,legacy,https://nsearchives.nseindia.com/content/historical/DERIVATIVES/2024/MAY/fo16MAY2024bhav.csv.zip,SUCCESS,200,610992,bcd26fe53aa7f9c9de418d17034f10d3dbb74d49c7e8f1e78830bc484e6f0291,
2024-04-01,legacy,https://nsearchives.nseindia.com/content/historical/DERIVATIVES/2024/APR/fo01APR2024bhav.csv.zip,SUCCESS,200,520206,6ec0659fd2532a1e5233eb8c1803d64f98ba5058fc308811d1c6bbaf3e1321ad,
2024-04-25,legacy,https://nsearchives.nseindia.com/content/historical/DERIVATIVES/2024/APR/fo25APR2024bhav.csv.zip,SUCCESS,200,643490,d26983b43c9172e7359ba803ba2e0a1c285757379dc4b1ba2e5f182587cffc22,
2024-05-22,legacy,https://nsearchives.nseindia.com/content/historical/DERIVATIVES/2024/MAY/fo22MAY2024bhav.csv.zip,SUCCESS,200,642179,0e3784539f528b6f6d84d09cf72e93c7f7d1a65be6b518da940667109378c1f7,
2024-05-14,legacy,https://nsearchives.nseindia.com/content/historical/DERIVATIVES/2024/MAY/fo14MAY2024bhav.csv.zip,SUCCESS,200,601064,3ead814b987527381fda7b6e0d902007a9cd970d367ab18941f88e8d6c66faea,
2024-05-06,legacy,https://nsearchives.nseindia.com/content/historical/DERIVATIVES/2024/MAY/fo06MAY2024bhav.csv.zip,SUCCESS,200,557786,a327bde27fd38d428f57c437672805637b06142250de5808ed31341df4a2a868,
2024-05-02,legacy,https://nsearchives.nseindia.com/content/historical/DERIVATIVES/2024/MAY/fo02MAY2024bhav.csv.zip,SUCCESS,200,529111,04853cbf7f827356a3bb6d561080708aed2d0b28a1c8ead7c91843aad4201746,
2024-05-28,legacy,https://nsearchives.nseindia.com/content/historical/DERIVATIVES/2024/MAY/fo28MAY2024bhav.csv.zip,SUCCESS,200,674352,5a23f4327e5f485128340245e1e1a01eae17ec28834b626c71aab39a31335b9a,
2024-05-09,legacy,https://nsearchives.nseindia.com/content/historical/DERIVATIVES/2024/MAY/fo09MAY2024bhav.csv.zip,SUCCESS,200,586373,778e3a9296914ad46aef72178e35aef73376b7e223262d2919f897b536928554,
2024-05-15,legacy,https://nsearchives.nseindia.com/content/historical/DERIVATIVES/2024/MAY/fo15MAY2024bhav.csv.zip,SUCCESS,200,601411,5584e569dc916fbef86fa9bbe7ac6b01bce78bd89f55da5807b406cb10d03e9d,
2024-05-27,legacy,https://nsearchives.nseindia.com/content/historical/DERIVATIVES/2024/MAY/fo27MAY2024bhav.csv.zip,SUCCESS,200,676994,01e01109e3c35f96bb09f46634044ea49b0983b62884783037f6d86cac4d7c98,
2024-05-03,legacy,https://nsearchives.nseindia.com/content/historical/DERIVATIVES/2024/MAY/fo03MAY2024bhav.csv.zip,SUCCESS,200,547817,7d7467d9f7a1e52a1a307b2a7b433fb964793963a221174ab90caecb8ca1911b,
2024-06-11,legacy,https://nsearchives.nseindia.com/content/historical/DERIVATIVES/2024/JUN/fo11JUN2024bhav.csv.zip,SUCCESS,200,678171,1bcee7cf3c21e371796aa06eab625309547141f36b9781d6f30e5bd80123ac9e,
2023-10-30,legacy,https://nsearchives.nseindia.com/content/historical/DERIVATIVES/2023/OCT/fo30OCT2023bhav.csv.zip,ERROR,0,0,,"HTTPSConnectionPool(host='nsearchives.nseindia.com', port=443): Read timed out. (read timeout=15)"
2024-05-21,legacy,https://nsearchives.nseindia.com/content/historical/DERIVATIVES/2024/MAY/fo21MAY2024bhav.csv.zip,SUCCESS,200,637211,ed6de9f7e779d4ec38f3d7864ea03ab72a0c22318e4ee60dded7c8e406ad0719,
2024-06-18,legacy,https://nsearchives.nseindia.com/content/historical/DERIVATIVES/2024/JUN/fo18JUN2024bhav.csv.zip,SUCCESS,200,703934,956ba14c8cc6e9bd6b79332ee79fbc6e7e007d3ccd784f73103ceee26676e96b,
2024-06-14,legacy,https://nsearchives.nseindia.com/content/historical/DERIVATIVES/2024/JUN/fo14JUN2024bhav.csv.zip,SUCCESS,200,690974,a123e40ba74d976c5c61261d5cb3b24f60177140938ea36569c957ab8b58cbe1,
2024-02-26,legacy,https://nsearchives.nseindia.com/content/historical/DERIVATIVES/2024/FEB/fo26FEB2024bhav.csv.zip,ERROR,0,0,,"HTTPSConnectionPool(host='nsearchives.nseindia.com', port=443): Read timed out. (read timeout=15)"
2024-06-28,legacy,https://nsearchives.nseindia.com/content/historical/DERIVATIVES/2024/JUN/fo28JUN2024bhav.csv.zip,SUCCESS,200,601828,0670a46dd9da7619618eb502190ef85a8d8b7b6db12d4a1b4c9e94bca3a9b020,
2024-06-12,legacy,https://nsearchives.nseindia.com/content/historical/DERIVATIVES/2024/JUN/fo12JUN2024bhav.csv.zip,SUCCESS,200,680797,1e1526d9039f9d32a02a6e2638eaaed17beca0ec09218f93e5c76febb898d60e,
2024-05-17,legacy,https://nsearchives.nseindia.com/content/historical/DERIVATIVES/2024/MAY/fo17MAY2024bhav.csv.zip,SUCCESS,200,617028,8d886d9d25bc355e36257f6b213069f3ba68c4921a40bff43d0caba1d4f93e69,
2024-06-06,legacy,https://nsearchives.nseindia.com/content/historical/DERIVATIVES/2024/JUN/fo06JUN2024bhav.csv.zip,SUCCESS,200,663615,956f76e9fcd71677fecc0cbad88cf1d11a96b49170a9080b4e1fc97ad50b1193,
2024-05-30,legacy,https://nsearchives.nseindia.com/content/historical/DERIVATIVES/2024/MAY/fo30MAY2024bhav.csv.zip,SUCCESS,200,682073,53ced0b778304c726c7e0d23e9e31f6d3748c01e2792a928241d8a17d930d399,
2024-06-20,legacy,https://nsearchives.nseindia.com/content/historical/DERIVATIVES/2024/JUN/fo20JUN2024bhav.csv.zip,SUCCESS,200,728467,6712567e7943aa719ff1fe88cf823492fd59f41f47f410e5759f3797d9537d30,
2024-06-05,legacy,https://nsearchives.nseindia.com/content/historical/DERIVATIVES/2024/JUN/fo05JUN2024bhav.csv.zip,SUCCESS,200,661000,935c82ebb4c7b17ebb00af88b6c492f4b0f3bff61d10c5ff093a453355cf9ccf,
2024-06-04,legacy,https://nsearchives.nseindia.com/content/historical/DERIVATIVES/2024/JUN/fo04JUN2024bhav.csv.zip,SUCCESS,200,634932,af65fa284f4df63d29bd74d7111ecca159145f76e1e4091e664f6cf4dcb7a023,
2024-05-31,legacy,https://nsearchives.nseindia.com/content/historical/DERIVATIVES/2024/MAY/fo31MAY2024bhav.csv.zip,SUCCESS,200,540456,0dba1723a9e5cad61ec2699a9df2f313fb741ea517d8b36205fee2b3ccaa4fd1,
2024-06-26,legacy,https://nsearchives.nseindia.com/content/historical/DERIVATIVES/2024/JUN/fo26JUN2024bhav.csv.zip,SUCCESS,200,775725,f2f25e597025710ddc0fd9d4d34983b1337d9ecef2daf5a1dad48ca726c0d8bf,
2024-06-24,legacy,https://nsearchives.nseindia.com/content/historical/DERIVATIVES/2024/JUN/fo24JUN2024bhav.csv.zip,SUCCESS,200,752126,43a2fa1945997e4bab1e06bd86e4d0e18f63900fd6f4c2551cd8d05b7b55feb4,
2024-06-25,legacy,https://nsearchives.nseindia.com/content/historical/DERIVATIVES/2024/JUN/fo25JUN2024bhav.csv.zip,SUCCESS,200,761837,6552e9e4c27ec2e411c9bf263d13bfa15f64bb68a94c5f02d0abae73dd93825c,
2023-11-30,legacy,https://nsearchives.nseindia.com/content/historical/DERIVATIVES/2023/NOV/fo30NOV2023bhav.csv.zip,SUCCESS,200,791286,80c82b1fc03fa89006ea241e217b5e1290ee2440e27faa49e1e82d524fbeb925,
2024-05-10,legacy,https://nsearchives.nseindia.com/content/historical/DERIVATIVES/2024/MAY/fo10MAY2024bhav.csv.zip,SUCCESS,200,590315,41949d817b83a5f59f7e57397762534a826c1ff1e31c54463443cd613165486e,
2024-07-01,legacy,https://nsearchives.nseindia.com/content/historical/DERIVATIVES/2024/JUL/fo01JUL2024bhav.csv.zip,SUCCESS,200,513872,f8dc5fc4670ede90e00fa9a57f1761e571236f84271b60a2e50451b0793d4db2,
2024-06-07,legacy,https://nsearchives.nseindia.com/content/historical/DERIVATIVES/2024/JUN/fo07JUN2024bhav.csv.zip,SUCCESS,200,664376,4faf0cf776705f3200444fddeb17270eb364fab4afe4c4be676039145b4ce7d5,
2024-06-21,legacy,https://nsearchives.nseindia.com/content/historical/DERIVATIVES/2024/JUN/fo21JUN2024bhav.csv.zip,SUCCESS,200,743273,7a56d37495ac0abbad66d46388e23a412a21ab15b85b0fa700bf2bbe91373a02,
2024-06-27,legacy,https://nsearchives.nseindia.com/content/historical/DERIVATIVES/2024/JUN/fo27JUN2024bhav.csv.zip,SUCCESS,200,772595,db6dacd8a766f9219306692577b4ca3fd72a3f97bc1c8ba83f628dcc843b0fe1,
2024-05-29,legacy,https://nsearchives.nseindia.com/content/historical/DERIVATIVES/2024/MAY/fo29MAY2024bhav.csv.zip,SUCCESS,200,675054,cdaf32c233b0cbf69e238d571e33ab3c8fee788ef83399e29c70537876599e10,
2024-06-03,legacy,https://nsearchives.nseindia.com/content/historical/DERIVATIVES/2024/JUN/fo03JUN2024bhav.csv.zip,SUCCESS,200,535120,3c2a9e44faa92e21fcef039e57a8744ad4bce0d29c7a14faea22a6f352113044,
2024-07-03,legacy,https://nsearchives.nseindia.com/content/historical/DERIVATIVES/2024/JUL/fo03JUL2024bhav.csv.zip,SUCCESS,200,530705,8942f069f2d6ced09d63abce974aa8adf379b6e824011db8fab7d746ae0bd27b,
2024-06-10,legacy,https://nsearchives.nseindia.com/content/historical/DERIVATIVES/2024/JUN/fo10JUN2024bhav.csv.zip,SUCCESS,200,679072,f7e70c26214b2306bde2c2feacb3e482c02c94d7380b1df61ec7af44f9aa5b24,
2024-06-13,legacy,https://nsearchives.nseindia.com/content/historical/DERIVATIVES/2024/JUN/fo13JUN2024bhav.csv.zip,SUCCESS,200,684509,a147e8ad6dbcf1ed83f4aab5c925c7651152e4cb315106bc5ea529ad0bcc3236,
2024-07-02,legacy,https://nsearchives.nseindia.com/content/historical/DERIVATIVES/2024/JUL/fo02JUL2024bhav.csv.zip,SUCCESS,200,529981,3dd25e5731781a598318b0a538a5e08f8a859a47a1ffd3aef7f4babce0d96664,
2024-05-24,legacy,https://nsearchives.nseindia.com/content/historical/DERIVATIVES/2024/MAY/fo24MAY2024bhav.csv.zip,SUCCESS,200,656118,e2b22bbbf88965eae41b279ecbbeeb6706193b0fb6405cc28346cc35150d3338,
2024-06-19,legacy,https://nsearchives.nseindia.com/content/historical/DERIVATIVES/2024/JUN/fo19JUN2024bhav.csv.zip,SUCCESS,200,722472,759a1387586e6183b7e8ddf022530d6c8def476f701d9bd6dc46e4dddc57fd5e,
2024-08-05,udiff,https://nsearchives.nseindia.com/content/fo/BhavCopy_NSE_FO_0_0_0_20240805_F_0000.csv.zip,SUCCESS,200,1156412,573fb324bb2ccc069119c921ec34de146a793fbb4ad4a9fb52a501228b0ba200,
2024-07-18,udiff,https://nsearchives.nseindia.com/content/fo/BhavCopy_NSE_FO_0_0_0_20240718_F_0000.csv.zip,SUCCESS,200,1254101,d722f85f9dbb8ff528ba9355038b8a73b817b9f73f464e97cfeca1f5bd91286c,
2024-08-06,udiff,https://nsearchives.nseindia.com/content/fo/BhavCopy_NSE_FO_0_0_0_20240806_F_0000.csv.zip,SUCCESS,200,1165104,1578db8dee09f7df3df6f68322c383e8806620afed2f83b87016f437aefa7e60,
2024-08-02,udiff,https://nsearchives.nseindia.com/content/fo/BhavCopy_NSE_FO_0_0_0_20240802_F_0000.csv.zip,SUCCESS,200,1083454,c7b178edc1b25efc4e24dbd9005f4421f2ce68c1500abc44e4bf55dd326a4169,
2024-07-04,legacy,https://nsearchives.nseindia.com/content/historical/DERIVATIVES/2024/JUL/fo04JUL2024bhav.csv.zip,SUCCESS,200,537081,85732abbdd7a609e0c456394e61897634f8a6440b3e2c414723cac74069a90d8,
2024-07-31,udiff,https://nsearchives.nseindia.com/content/fo/BhavCopy_NSE_FO_0_0_0_20240731_F_0000.csv.zip,SUCCESS,200,1056892,75439cdfb9baea00a1d738bb9276f212ece95b0894534eed15aa98c3b672913b,
2024-07-05,legacy,https://nsearchives.nseindia.com/content/historical/DERIVATIVES/2024/JUL/fo05JUL2024bhav.csv.zip,SUCCESS,200,539677,a6ba5c9f48555b4adb21c199bb2f9cd100eb2ebf05fc25b1a91feea71020474b,
2024-07-22,udiff,https://nsearchives.nseindia.com/content/fo/BhavCopy_NSE_FO_0_0_0_20240722_F_0000.csv.zip,SUCCESS,200,1324396,110cd193cfccba9242488e9cafd58f65602585b4fe89551c507a356d153ab052,
2024-07-29,udiff,https://nsearchives.nseindia.com/content/fo/BhavCopy_NSE_FO_0_0_0_20240729_F_0000.csv.zip,SUCCESS,200,1025214,031e3459e53acee9c48c06f48c087322bab1b43eeb84fbdf2d2b21a31a328fa7,
2024-05-23,legacy,https://nsearchives.nseindia.com/content/historical/DERIVATIVES/2024/MAY/fo23MAY2024bhav.csv.zip,SUCCESS,200,650074,f68ef13f5ab76e77fd6226aaf89bd2b2ffc38f75a957884912ce09b3dfd97273,
2024-07-08,udiff,https://nsearchives.nseindia.com/content/fo/BhavCopy_NSE_FO_0_0_0_20240708_F_0000.csv.zip,SUCCESS,200,1170530,af47c5b8b6e0ac02da4d5a4d22d46d73527d81552a93aba99ae91590b8549d76,
2024-08-19,udiff,https://nsearchives.nseindia.com/content/fo/BhavCopy_NSE_FO_0_0_0_20240819_F_0000.csv.zip,SUCCESS,200,1222160,7e9996269a057bf854c4a77fff9c2d6e9465f710cf8727677a1acb5aebb5c590,
2024-08-13,udiff,https://nsearchives.nseindia.com/content/fo/BhavCopy_NSE_FO_0_0_0_20240813_F_0000.csv.zip,SUCCESS,200,1208926,3e477877a5c6f833c741dee4080ca6c57afa27aed7028a9f91bd9938f04a6adb,
2024-08-21,udiff,https://nsearchives.nseindia.com/content/fo/BhavCopy_NSE_FO_0_0_0_20240821_F_0000.csv.zip,SUCCESS,200,1235085,a09f6d5c2da2a0f1bc21957c2152dacf382db8725ec1cb27e18a19ecfbe98a36,
2024-08-12,udiff,https://nsearchives.nseindia.com/content/fo/BhavCopy_NSE_FO_0_0_0_20240812_F_0000.csv.zip,SUCCESS,200,1201369,fe306cd2cec5ce777c8f8857752f6d0194a109acf166e415b05da40ae761e5ff,
2024-07-09,udiff,https://nsearchives.nseindia.com/content/fo/BhavCopy_NSE_FO_0_0_0_20240709_F_0000.csv.zip,SUCCESS,200,1171162,8088e72d5379a73e34f9d8a3a3215ea4896e871cfe450ab0ccbc3f729533ffae,
2024-08-14,udiff,https://nsearchives.nseindia.com/content/fo/BhavCopy_NSE_FO_0_0_0_20240814_F_0000.csv.zip,SUCCESS,200,1211415,b2d05151f0ef18cdb028dcd975b6b6dac3671e1e6ef5420cd0e1fbad6900f091,
2024-08-08,udiff,https://nsearchives.nseindia.com/content/fo/BhavCopy_NSE_FO_0_0_0_20240808_F_0000.csv.zip,SUCCESS,200,1176330,f82d1414c69fb255d5efbb43e2cdfa3155a514d20f7f626164b9be2712efe9f3,
2024-08-23,udiff,https://nsearchives.nseindia.com/content/fo/BhavCopy_NSE_FO_0_0_0_20240823_F_0000.csv.zip,SUCCESS,200,1268136,cc1590a24d4cc2364415f2b0003fa0198579bc9b34b78ee8d4a5a7f42ba12e68,
2024-08-16,udiff,https://nsearchives.nseindia.com/content/fo/BhavCopy_NSE_FO_0_0_0_20240816_F_0000.csv.zip,SUCCESS,200,1220272,3ba56d22900f84472c30de7e158e74ee31879e1a16b9e3bba47752dccb4537dc,
2024-08-20,udiff,https://nsearchives.nseindia.com/content/fo/BhavCopy_NSE_FO_0_0_0_20240820_F_0000.csv.zip,SUCCESS,200,1232885,7ffbe2382ce3ee08fedfce0b1e0d19485165d3486864a9f3e76296787ffdfd16,
2024-07-15,udiff,https://nsearchives.nseindia.com/content/fo/BhavCopy_NSE_FO_0_0_0_20240715_F_0000.csv.zip,SUCCESS,200,1225491,9388a8c6428344538272fc1e5f85a513f944b42cfb23c8c834fe03916073b68e,
2024-09-02,udiff,https://nsearchives.nseindia.com/content/fo/BhavCopy_NSE_FO_0_0_0_20240902_F_0000.csv.zip,SUCCESS,200,977469,22838d326d9c44cb6f38378ca912cede3dce09ad6294929d8719461081de05b8,
2024-08-27,udiff,https://nsearchives.nseindia.com/content/fo/BhavCopy_NSE_FO_0_0_0_20240827_F_0000.csv.zip,SUCCESS,200,1302684,d6fe45d9285d1174c0b47d8c48832fae3c977c324bb96243ecae907beb71841d,
2024-07-26,udiff,https://nsearchives.nseindia.com/content/fo/BhavCopy_NSE_FO_0_0_0_20240726_F_0000.csv.zip,SUCCESS,200,1079139,ede247757505eabd6288d9d4629da21d28a605f4873c2591b06095db66cb45a7,
2024-08-22,udiff,https://nsearchives.nseindia.com/content/fo/BhavCopy_NSE_FO_0_0_0_20240822_F_0000.csv.zip,SUCCESS,200,1260212,eaf9847804ddd47350066d8616deaab0fc891c05db931f255cd9d7fe4ef06a65,
2024-08-29,udiff,https://nsearchives.nseindia.com/content/fo/BhavCopy_NSE_FO_0_0_0_20240829_F_0000.csv.zip,SUCCESS,200,1310955,0b250acea48d6f0ba7eb802ab3d650dd5015eacee16b184816556a49d6fc5b08,
2024-07-10,udiff,https://nsearchives.nseindia.com/content/fo/BhavCopy_NSE_FO_0_0_0_20240710_F_0000.csv.zip,SUCCESS,200,1197134,39dacf9f57713fe1b7a2c7a235077482baf7951c1bae6d7445abf6d3cbf23ca6,
2024-08-09,udiff,https://nsearchives.nseindia.com/content/fo/BhavCopy_NSE_FO_0_0_0_20240809_F_0000.csv.zip,SUCCESS,200,1182578,4622e5abcc68c9923e44abc3287bf74420d9ff39106e81ec658f51ee749e25f4,
2024-08-28,udiff,https://nsearchives.nseindia.com/content/fo/BhavCopy_NSE_FO_0_0_0_20240828_F_0000.csv.zip,SUCCESS,200,1308177,7c699fbfd3fb6daac18bb28ce469d7caf46d5029b80b35cb3dc08206d0776c69,
2024-07-19,udiff,https://nsearchives.nseindia.com/content/fo/BhavCopy_NSE_FO_0_0_0_20240719_F_0000.csv.zip,SUCCESS,200,1296692,1d04e180cf779a5bc58ac30f925bc7f045bf1f91e370e55f4e04abda9c5dfb9b,
2024-08-26,udiff,https://nsearchives.nseindia.com/content/fo/BhavCopy_NSE_FO_0_0_0_20240826_F_0000.csv.zip,SUCCESS,200,1284872,645d0f4d152cbf4940b3236c0175c03e74c083c13fdfdb4db7647c48fb2f9b2d,
2024-07-30,udiff,https://nsearchives.nseindia.com/content/fo/BhavCopy_NSE_FO_0_0_0_20240730_F_0000.csv.zip,SUCCESS,200,1041167,c75a2c35d21a0fd4504479d71b6a8fa422a11324541a5d1564e9b6198d797307,
2024-07-16,udiff,https://nsearchives.nseindia.com/content/fo/BhavCopy_NSE_FO_0_0_0_20240716_F_0000.csv.zip,SUCCESS,200,1242077,bc1c4a0ba6123624812fb728b8117975ae913a2044191b794cb55212590fc8c5,
2024-08-07,udiff,https://nsearchives.nseindia.com/content/fo/BhavCopy_NSE_FO_0_0_0_20240807_F_0000.csv.zip,SUCCESS,200,1158421,a672101443d44edc374ad8ca22cf5a24306355464470e5921464b19dca383096,
2024-04-24,legacy,https://nsearchives.nseindia.com/content/historical/DERIVATIVES/2024/APR/fo24APR2024bhav.csv.zip,SUCCESS,200,639940,8cd66b440c1b823472bbca1992fca29ce37a9c33b3ea23c2ebfa2261e0bf2004,
2024-08-01,udiff,https://nsearchives.nseindia.com/content/fo/BhavCopy_NSE_FO_0_0_0_20240801_F_0000.csv.zip,SUCCESS,200,1072409,6ff07f2ac1821259513c8a8dc63a73c55d70fd66d3562e708e4ba312389aace9,
2024-09-04,udiff,https://nsearchives.nseindia.com/content/fo/BhavCopy_NSE_FO_0_0_0_20240904_F_0000.csv.zip,SUCCESS,200,1010726,e5e98f1927b50a6b897605a3295332cfee98346782e34287a2a3932d896935b2,
2024-09-12,udiff,https://nsearchives.nseindia.com/content/fo/BhavCopy_NSE_FO_0_0_0_20240912_F_0000.csv.zip,SUCCESS,200,1096501,7a5608d11c8585cc67fa5e3d49fcbccf4ef5552eb1afcd2af304d65da77c9ed1,
2024-09-09,udiff,https://nsearchives.nseindia.com/content/fo/BhavCopy_NSE_FO_0_0_0_20240909_F_0000.csv.zip,SUCCESS,200,1065677,e1496ff5590dfe417508ce797c6d1eaedacb1d96a542896f58e13de08ab8f118,
2024-09-05,udiff,https://nsearchives.nseindia.com/content/fo/BhavCopy_NSE_FO_0_0_0_20240905_F_0000.csv.zip,SUCCESS,200,1021227,0b67c9c686c65b018878b9a22cd92dfe59e88544e6e026f1763e4639e257d471,
2024-09-27,udiff,https://nsearchives.nseindia.com/content/fo/BhavCopy_NSE_FO_0_0_0_20240927_F_0000.csv.zip,SUCCESS,200,1102367,847485171906a33ba18619193d2ba1a38eb638e718dea18345e765ecc78fa7d2,
2024-09-06,udiff,https://nsearchives.nseindia.com/content/fo/BhavCopy_NSE_FO_0_0_0_20240906_F_0000.csv.zip,SUCCESS,200,1050472,02b76b577c488c7c53e56eca2d282f74ceede99a594655ad9327c4f0a5ccc5b1,
2024-09-17,udiff,https://nsearchives.nseindia.com/content/fo/BhavCopy_NSE_FO_0_0_0_20240917_F_0000.csv.zip,SUCCESS,200,1128825,629ebbb34fc7e9849a9f58722971e7a0139efd3f79f13416310ec670a05d73e6,
2024-09-03,udiff,https://nsearchives.nseindia.com/content/fo/BhavCopy_NSE_FO_0_0_0_20240903_F_0000.csv.zip,SUCCESS,200,992684,fff4342acd354aa76eacfffdaf45aa8805e9dd2f2aebe7e9c62b327c6ffd06d4,
2024-10-01,udiff,https://nsearchives.nseindia.com/content/fo/BhavCopy_NSE_FO_0_0_0_20241001_F_0000.csv.zip,SUCCESS,200,1077296,6b582b3d410c89efbc65524b45a9c21f468828d5c678ed56d67b7a667b94bb32,
2024-09-10,udiff,https://nsearchives.nseindia.com/content/fo/BhavCopy_NSE_FO_0_0_0_20240910_F_0000.csv.zip,SUCCESS,200,1070119,28a4278ea165921051fba296f6e0ba0044fc390db23cfdc11fe6cb40f5c29572,
2024-10-03,udiff,https://nsearchives.nseindia.com/content/fo/BhavCopy_NSE_FO_0_0_0_20241003_F_0000.csv.zip,SUCCESS,200,1079833,afb48adacff6bca76f9e507298fad558e80f5e6cbf0414f734a45816c767974c,
2024-10-08,udiff,https://nsearchives.nseindia.com/content/fo/BhavCopy_NSE_FO_0_0_0_20241008_F_0000.csv.zip,SUCCESS,200,1172989,d35f06e667d9c1a5894c3a3783b5f95bd22ac0e604de5ce60fcfc485291f785c,
2024-10-11,udiff,https://nsearchives.nseindia.com/content/fo/BhavCopy_NSE_FO_0_0_0_20241011_F_0000.csv.zip,SUCCESS,200,1155860,4b505e4d158ab81f30e0b0831f2e722a48cd643156187538f64c1a7fd207efe2,
2024-10-14,udiff,https://nsearchives.nseindia.com/content/fo/BhavCopy_NSE_FO_0_0_0_20241014_F_0000.csv.zip,SUCCESS,200,1175205,e6b36f50900ae2e6ddc24b6030c01bafe3a7b19121e46e954178f70d287a3d59,
2024-10-15,udiff,https://nsearchives.nseindia.com/content/fo/BhavCopy_NSE_FO_0_0_0_20241015_F_0000.csv.zip,SUCCESS,200,1180814,3e1db0018d319f11e8b1a61b15dd9e8c60cd4b45a4c78478092a22d338c12d76,
2024-10-16,udiff,https://nsearchives.nseindia.com/content/fo/BhavCopy_NSE_FO_0_0_0_20241016_F_0000.csv.zip,SUCCESS,200,1176230,031b12860cf6166903c41b8b09290c2caa31eabddc1e77f0b76f40ced31e9c2c,
2024-10-17,udiff,https://nsearchives.nseindia.com/content/fo/BhavCopy_NSE_FO_0_0_0_20241017_F_0000.csv.zip,SUCCESS,200,1193283,12938a70966088a9fe7df4d61433c8a21c5bc22909d9059fb173ec914ce47d4c,
2024-09-23,udiff,https://nsearchives.nseindia.com/content/fo/BhavCopy_NSE_FO_0_0_0_20240923_F_0000.csv.zip,SUCCESS,200,1239698,e5d39f81e57c8ede6a11195a6c74842cd691dcd34ef0ec9b9ab5b67c36b3ba6a,
2024-09-20,udiff,https://nsearchives.nseindia.com/content/fo/BhavCopy_NSE_FO_0_0_0_20240920_F_0000.csv.zip,SUCCESS,200,1203220,f2a6089cc102d0f7fd650257925877ba7e729a0035de165a4a06ca7eba18695d,
2024-10-23,udiff,https://nsearchives.nseindia.com/content/fo/BhavCopy_NSE_FO_0_0_0_20241023_F_0000.csv.zip,SUCCESS,200,1291522,012a936298e0d491f61e1b56cd68e68e35d0e4819b256c5db970494e8cd34892,
2024-10-04,udiff,https://nsearchives.nseindia.com/content/fo/BhavCopy_NSE_FO_0_0_0_20241004_F_0000.csv.zip,SUCCESS,200,1104434,e28f9b663c9dacb602a5fd3b3aad7171d9d86e99cf9a4d6d4470bd0823b89649,
2024-10-29,udiff,https://nsearchives.nseindia.com/content/fo/BhavCopy_NSE_FO_0_0_0_20241029_F_0000.csv.zip,SUCCESS,200,1374123,49e1929303530db5690bf3dd8bfd35ea06310b35a3035f2c7e69b07a927bb533,
2024-09-24,udiff,https://nsearchives.nseindia.com/content/fo/BhavCopy_NSE_FO_0_0_0_20240924_F_0000.csv.zip,SUCCESS,200,1251951,a1d1560ea0aa90dab495c274675fa766119959b5669c34251407c6a22933d8c9,
2024-10-18,udiff,https://nsearchives.nseindia.com/content/fo/BhavCopy_NSE_FO_0_0_0_20241018_F_0000.csv.zip,SUCCESS,200,1242171,cf683749c777f893de627700d3b9203bebf94f5598fe347abd1d86ec8c125ee9,
2024-10-22,udiff,https://nsearchives.nseindia.com/content/fo/BhavCopy_NSE_FO_0_0_0_20241022_F_0000.csv.zip,SUCCESS,200,1257851,5a117c8e635c2cf59925f1b180640925e3981e04177df6e2f16ca55417baa1f9,
2024-11-01,udiff,https://nsearchives.nseindia.com/content/fo/BhavCopy_NSE_FO_0_0_0_20241101_F_0000.csv.zip,SUCCESS,200,993230,c12e446ec12b1195fefbc3abf9109a08c1497ba58182ecd01b1657838c95f550,
2024-11-04,udiff,https://nsearchives.nseindia.com/content/fo/BhavCopy_NSE_FO_0_0_0_20241104_F_0000.csv.zip,SUCCESS,200,1090820,e4c262cf7c4e5424eb793b6e950496c2a0c76afc158c71443ad6468196eadd31,
2024-11-08,udiff,https://nsearchives.nseindia.com/content/fo/BhavCopy_NSE_FO_0_0_0_20241108_F_0000.csv.zip,SUCCESS,200,998212,63008188a828e81f04d291f2878e4a552aa54af0dfc2e4705193310f0cb69c37,
2024-11-05,udiff,https://nsearchives.nseindia.com/content/fo/BhavCopy_NSE_FO_0_0_0_20241105_F_0000.csv.zip,SUCCESS,200,980600,1551aeee0562c5a2cebe5536ade0f9e20a3019c4d71547a6bf8714c49e834d7a,
2024-09-19,udiff,https://nsearchives.nseindia.com/content/fo/BhavCopy_NSE_FO_0_0_0_20240919_F_0000.csv.zip,SUCCESS,200,1179168,77a263a165af509a9c58e9298cc907c38f76f43eee99ca020608047780ba1e7e,
2024-10-28,udiff,https://nsearchives.nseindia.com/content/fo/BhavCopy_NSE_FO_0_0_0_20241028_F_0000.csv.zip,SUCCESS,200,1357164,4a585686f8b98d6c289fe09249934b5b3e87f2f7263d58859d5c911b3ee7c83a,
2024-10-09,udiff,https://nsearchives.nseindia.com/content/fo/BhavCopy_NSE_FO_0_0_0_20241009_F_0000.csv.zip,SUCCESS,200,1180318,6b9217a0152b2844de6445da330985c9ff94330fef3658a16b1858d4323e518f,
2024-09-25,udiff,https://nsearchives.nseindia.com/content/fo/BhavCopy_NSE_FO_0_0_0_20240925_F_0000.csv.zip,SUCCESS,200,1275900,f316bd5dc1b018e363a4f351bd3972a8f16544fa7447289d8defe0b85fa1f835,
2024-11-06,udiff,https://nsearchives.nseindia.com/content/fo/BhavCopy_NSE_FO_0_0_0_20241106_F_0000.csv.zip,SUCCESS,200,1013294,17a0ddd7257b66f8e13906ec8211017db73a2304c31e88169e2f2b48c9a51cb5,
2024-10-10,udiff,https://nsearchives.nseindia.com/content/fo/BhavCopy_NSE_FO_0_0_0_20241010_F_0000.csv.zip,SUCCESS,200,1165950,aae108095601591ccbc0a89cfa43f59c5806c9831c419f4ab24a7b406a39d11c,
2024-11-13,udiff,https://nsearchives.nseindia.com/content/fo/BhavCopy_NSE_FO_0_0_0_20241113_F_0000.csv.zip,SUCCESS,200,1076660,b5ac6c7a17c809e4a8a1fff3bd1439871eeda76aa8f31a6a70aaf3e79c922dd7,
2024-11-07,udiff,https://nsearchives.nseindia.com/content/fo/BhavCopy_NSE_FO_0_0_0_20241107_F_0000.csv.zip,SUCCESS,200,1016362,ff72b46782b99572a84f922bf12197154967a5afad230435a070682ada47067d,
2024-10-25,udiff,https://nsearchives.nseindia.com/content/fo/BhavCopy_NSE_FO_0_0_0_20241025_F_0000.csv.zip,SUCCESS,200,1338180,42a8d2364b9e51172c8227b6769b58eab6fadac46eff6267264488580e94c11d,
2024-11-19,udiff,https://nsearchives.nseindia.com/content/fo/BhavCopy_NSE_FO_0_0_0_20241119_F_0000.csv.zip,SUCCESS,200,1137417,4fc704b7f024e9387278811becbb7ffab5cef57a5196aac19e419c5ebb11262a,
2024-07-11,udiff,https://nsearchives.nseindia.com/content/fo/BhavCopy_NSE_FO_0_0_0_20240711_F_0000.csv.zip,SUCCESS,200,1190832,b7b19c0e23109971157c0e8bd71b45c316f2627270261669b99b186eaa2e4dd9,
2024-07-12,udiff,https://nsearchives.nseindia.com/content/fo/BhavCopy_NSE_FO_0_0_0_20240712_F_0000.csv.zip,SUCCESS,200,1204362,5b85fe3b95deaf70028117b1223d339f630b87d82e5edadce5b82ce50b4e63b0,
2024-11-27,udiff,https://nsearchives.nseindia.com/content/fo/BhavCopy_NSE_FO_0_0_0_20241127_F_0000.csv.zip,SUCCESS,200,1227055,5a6640493a99354c16258eaf2828433016b4acc76c3c41b27a1ee9638d84fa9a,
2024-11-26,udiff,https://nsearchives.nseindia.com/content/fo/BhavCopy_NSE_FO_0_0_0_20241126_F_0000.csv.zip,SUCCESS,200,1217275,eccc4475d825f7ee2409b34d0b11fa3aef6c00acbd0ef1f37d92ccffdf3d3151,
2024-09-26,udiff,https://nsearchives.nseindia.com/content/fo/BhavCopy_NSE_FO_0_0_0_20240926_F_0000.csv.zip,SUCCESS,200,1257888,20b516d9693114a9c6c4eca6aea72a79f962280fb2e093a1cb565e973b8fb98f,
2024-11-25,udiff,https://nsearchives.nseindia.com/content/fo/BhavCopy_NSE_FO_0_0_0_20241125_F_0000.csv.zip,SUCCESS,200,1212792,5df80c4256df6856dc6bad5b10ec844127712e5449267101e6d9a00599efc05a,
2024-10-30,udiff,https://nsearchives.nseindia.com/content/fo/BhavCopy_NSE_FO_0_0_0_20241030_F_0000.csv.zip,SUCCESS,200,1370601,2f745fbb2773562b487fd0ba3a8a18f6897963600ab99dfbad843472dea4766e,
2024-11-22,udiff,https://nsearchives.nseindia.com/content/fo/BhavCopy_NSE_FO_0_0_0_20241122_F_0000.csv.zip,SUCCESS,200,1177194,c8f32a077f67cfa9d31ad3cff9916606a72ef8526b310cb658c585740d69ada3,
2024-10-31,udiff,https://nsearchives.nseindia.com/content/fo/BhavCopy_NSE_FO_0_0_0_20241031_F_0000.csv.zip,SUCCESS,200,1356496,caa13803d932dac3a254459c5f4f173f0eaa260efcd9e8d49dae158e5ab22f44,
2024-12-04,udiff,https://nsearchives.nseindia.com/content/fo/BhavCopy_NSE_FO_0_0_0_20241204_F_0000.csv.zip,SUCCESS,200,1112645,cf87303ed9c9f8d33f687e27aaa0877c4d1d5b5924223154542a792e4ea162f4,
2024-11-18,udiff,https://nsearchives.nseindia.com/content/fo/BhavCopy_NSE_FO_0_0_0_20241118_F_0000.csv.zip,SUCCESS,200,1118893,fc5e618032f1a01b6e0621cb9ad1db6942f58177be5c21de55b67ae703bec21c,
2024-11-29,udiff,https://nsearchives.nseindia.com/content/fo/BhavCopy_NSE_FO_0_0_0_20241129_F_0000.csv.zip,SUCCESS,200,1112172,5014132eceed5b34320f6afdf2cf281111f73ca1702d9c32a66348e21f6c3a72,
2024-10-07,udiff,https://nsearchives.nseindia.com/content/fo/BhavCopy_NSE_FO_0_0_0_20241007_F_0000.csv.zip,SUCCESS,200,1152225,1c2b7f4d179ef1a52723c51f4dc0baeae715a6f7ff1802fefacdfcfbeb4d7f8e,
2024-12-09,udiff,https://nsearchives.nseindia.com/content/fo/BhavCopy_NSE_FO_0_0_0_20241209_F_0000.csv.zip,SUCCESS,200,1166913,4800fdc9bd64a1603b85e8bb7b36eb2b9dca91e49f6bdb7dc429903710e149aa,
2024-12-10,udiff,https://nsearchives.nseindia.com/content/fo/BhavCopy_NSE_FO_0_0_0_20241210_F_0000.csv.zip,SUCCESS,200,1175775,011e020d73967f062e86df72e91d5a19d4383cd60848e6efeda4a0a45351eb09,
2024-12-02,udiff,https://nsearchives.nseindia.com/content/fo/BhavCopy_NSE_FO_0_0_0_20241202_F_0000.csv.zip,SUCCESS,200,1040196,07839e5d82d6edf646f8843df549564bc62f8b9344db3bbbaa907ef89a80216a,
2024-11-14,udiff,https://nsearchives.nseindia.com/content/fo/BhavCopy_NSE_FO_0_0_0_20241114_F_0000.csv.zip,SUCCESS,200,1105093,03407d2af372b7754d84b4b4b1a3e901ac7a292d6e7def47e1123ebf44c0d852,
2024-12-03,udiff,https://nsearchives.nseindia.com/content/fo/BhavCopy_NSE_FO_0_0_0_20241203_F_0000.csv.zip,SUCCESS,200,1078038,d3190ca3a2abd4210f123ca81676bddb821a096a9c5a5f25119d0f37d98fc90b,
2024-09-11,udiff,https://nsearchives.nseindia.com/content/fo/BhavCopy_NSE_FO_0_0_0_20240911_F_0000.csv.zip,SUCCESS,200,1078253,a834f9084a1acda661805cf0f1d765fe9f6747a114c87ee45b3a3cf4169f36ea,
2024-11-11,udiff,https://nsearchives.nseindia.com/content/fo/BhavCopy_NSE_FO_0_0_0_20241111_F_0000.csv.zip,SUCCESS,200,1045255,c7309a30c38e3791253c955c653ee0246216b98b801a14e622b44226350d651f,
2024-12-18,udiff,https://nsearchives.nseindia.com/content/fo/BhavCopy_NSE_FO_0_0_0_20241218_F_0000.csv.zip,SUCCESS,200,1260129,03cec00bcd65f15e7cfb9d6fb5784839ac2aae8062873d4fbe389eece0b286ce,
2024-12-12,udiff,https://nsearchives.nseindia.com/content/fo/BhavCopy_NSE_FO_0_0_0_20241212_F_0000.csv.zip,SUCCESS,200,1196788,3d6bdfa679d0b4f53d41b93b1be77bf1dc581612372e1f54109716e4184f324a,
2024-12-17,udiff,https://nsearchives.nseindia.com/content/fo/BhavCopy_NSE_FO_0_0_0_20241217_F_0000.csv.zip,SUCCESS,200,1239566,3b5db3a86c10aebcf98e828d430116b62bfd65685e7b32cd2d73ddf2c9407ea2,
2024-12-16,udiff,https://nsearchives.nseindia.com/content/fo/BhavCopy_NSE_FO_0_0_0_20241216_F_0000.csv.zip,SUCCESS,200,1214979,9af229679bea7c4c6db778a7beaf456a26cbfb323141c65a83fb7f7fdb3dd7f3,
2024-11-21,udiff,https://nsearchives.nseindia.com/content/fo/BhavCopy_NSE_FO_0_0_0_20241121_F_0000.csv.zip,SUCCESS,200,1161236,5ca3bd2c8d6f1c617169e109a658c2bb06b4097dc7c356d7700a19fc3240a9e9,
2024-12-06,udiff,https://nsearchives.nseindia.com/content/fo/BhavCopy_NSE_FO_0_0_0_20241206_F_0000.csv.zip,SUCCESS,200,1151342,f0cdc18775c3e2eb30c8889e281e187990dfde3e2418ffac2bfff596e3f1fa40,
2024-09-16,udiff,https://nsearchives.nseindia.com/content/fo/BhavCopy_NSE_FO_0_0_0_20240916_F_0000.csv.zip,SUCCESS,200,1122087,20fbe25eb40aa846c8df4ccf7edb5e6e2502ddcb5060ea3288805d27c2ba3cad,
2024-08-30,udiff,https://nsearchives.nseindia.com/content/fo/BhavCopy_NSE_FO_0_0_0_20240830_F_0000.csv.zip,SUCCESS,200,1047671,a9659eb00c0fc6f62e2ec7301267feae192bffe5da4c678386c823b043a6fbc5,
2024-12-27,udiff,https://nsearchives.nseindia.com/content/fo/BhavCopy_NSE_FO_0_0_0_20241227_F_0000.csv.zip,SUCCESS,200,1143060,e07197e5c6610377991968c80d45c33e301d418b47e4849b34d03665249a4590,
2024-10-24,udiff,https://nsearchives.nseindia.com/content/fo/BhavCopy_NSE_FO_0_0_0_20241024_F_0000.csv.zip,SUCCESS,200,1291994,dc8fa4756b9ee0908a708f7a38ac6672e08145bab576b781e51c4db46aa1ca44,
2024-12-30,udiff,https://nsearchives.nseindia.com/content/fo/BhavCopy_NSE_FO_0_0_0_20241230_F_0000.csv.zip,SUCCESS,200,1069032,4e02a8535fb6373ab01134635043bc7664122c5d87710bacd0720d76954f8601,
2024-12-19,udiff,https://nsearchives.nseindia.com/content/fo/BhavCopy_NSE_FO_0_0_0_20241219_F_0000.csv.zip,SUCCESS,200,1280970,4deca6e4a67fa89d545d5ceaa7b2e480c53099c4b2c34ece09ed3f49310c27e9,
2024-12-20,udiff,https://nsearchives.nseindia.com/content/fo/BhavCopy_NSE_FO_0_0_0_20241220_F_0000.csv.zip,SUCCESS,200,1328972,9bcea0e73de7402de45bda18d201940398050ffee1ee3e47ca300b5ef282c4cf,
2024-12-13,udiff,https://nsearchives.nseindia.com/content/fo/BhavCopy_NSE_FO_0_0_0_20241213_F_0000.csv.zip,SUCCESS,200,1220141,a28e768de9eda60ec835fe4d67594ecc77b1b3e973cd4fa848ea0e38b0119318,
2024-12-31,udiff,https://nsearchives.nseindia.com/content/fo/BhavCopy_NSE_FO_0_0_0_20241231_F_0000.csv.zip,SUCCESS,200,1096121,a5ded46632c976edefde67b7f2393182f057c4724ef296c07b7254298f2f962a,
2024-11-12,udiff,https://nsearchives.nseindia.com/content/fo/BhavCopy_NSE_FO_0_0_0_20241112_F_0000.csv.zip,SUCCESS,200,1062134,d1f95ce38d16c6444e310027ce979b4cab367832287de9815ff0f2b809425975,
2024-12-23,udiff,https://nsearchives.nseindia.com/content/fo/BhavCopy_NSE_FO_0_0_0_20241223_F_0000.csv.zip,SUCCESS,200,1367878,0dc582793404d38c11964ae3f2e42f884ad2af3fb3104200db592a5ece9321bf,
2024-10-21,udiff,https://nsearchives.nseindia.com/content/fo/BhavCopy_NSE_FO_0_0_0_20241021_F_0000.csv.zip,SUCCESS,200,1227944,17995c78ffb71fcedb081e37dd3b1988bace481383840511b7e5322cfb8cff7d,
2024-12-11,udiff,https://nsearchives.nseindia.com/content/fo/BhavCopy_NSE_FO_0_0_0_20241211_F_0000.csv.zip,SUCCESS,200,1182483,d820bdc35b47b23aed9862452f3169529c681393f820109da85c98e5ddf5aed3,
2024-12-24,udiff,https://nsearchives.nseindia.com/content/fo/BhavCopy_NSE_FO_0_0_0_20241224_F_0000.csv.zip,SUCCESS,200,1376736,fe224d068b61fc587c2aa94a3895a187d9c11a02fcc54011a98bec6835d49a89,
2024-11-28,udiff,https://nsearchives.nseindia.com/content/fo/BhavCopy_NSE_FO_0_0_0_20241128_F_0000.csv.zip,SUCCESS,200,1217473,cc145d164cee09043390b3afc130a0fcced1f18cf486cb6f092e994993c685de,
2024-09-30,udiff,https://nsearchives.nseindia.com/content/fo/BhavCopy_NSE_FO_0_0_0_20240930_F_0000.csv.zip,SUCCESS,200,970227,ee1db41861f7e14c881c114e37b1b4729039c4ac43ac82e00e3d73dcc070344d,
2024-09-13,udiff,https://nsearchives.nseindia.com/content/fo/BhavCopy_NSE_FO_0_0_0_20240913_F_0000.csv.zip,SUCCESS,200,1106964,32a6f3c7841f06dc6ffdbb27cb86fa2067d1739e294d4931024ed76fd0e5f9c9,
2024-09-18,udiff,https://nsearchives.nseindia.com/content/fo/BhavCopy_NSE_FO_0_0_0_20240918_F_0000.csv.zip,SUCCESS,200,1156547,1e0226dbc8f9f693d79d0bb8e89420cc416ff6e64d9634cee52e3bfb8ee56740,
2024-07-23,udiff,https://nsearchives.nseindia.com/content/fo/BhavCopy_NSE_FO_0_0_0_20240723_F_0000.csv.zip,SUCCESS,200,1368443,6816b75273a327472d4451034fdfb8600fc42a793a2313c5b3b599ce1d831252,
2024-12-26,udiff,https://nsearchives.nseindia.com/content/fo/BhavCopy_NSE_FO_0_0_0_20241226_F_0000.csv.zip,SUCCESS,200,1340277,e684983cd29dd0a87caf6b3ce7c0f2bccd0d4255e8fca53cbb4154b826460e68,
2024-07-25,udiff,https://nsearchives.nseindia.com/content/fo/BhavCopy_NSE_FO_0_0_0_20240725_F_0000.csv.zip,SUCCESS,200,1359216,6d2307893f6ac75945152f4d6db424463a6cdda183ef328186620bbca5f3804f,
2024-12-05,udiff,https://nsearchives.nseindia.com/content/fo/BhavCopy_NSE_FO_0_0_0_20241205_F_0000.csv.zip,SUCCESS,200,1139696,a186d4b1022d14a042da234c1a6058188a26b7a1980956dc1ff53bc88183cb58,
2024-07-24,udiff,https://nsearchives.nseindia.com/content/fo/BhavCopy_NSE_FO_0_0_0_20240724_F_0000.csv.zip,SUCCESS,200,1373410,b83aae4352e338873151989b914b241c06d02968602519f802b4f226e2d97bc3,
